day_index,date_iso,day_type,step,P_load_kW,P_pv_kW
1,2025-09-20,working,0,120.38662500000001,0.0
1,2025-09-20,working,1,117.75955555555556,0.0
1,2025-09-20,working,2,104.47433333333333,0.0
1,2025-09-20,working,3,103.3311111111111,0.0
1,2025-09-20,working,4,104.2811111111111,0.0
1,2025-09-20,working,5,104.25733333333334,0.0
1,2025-09-20,working,6,103.21600000000001,0.0
1,2025-09-20,working,7,106.09,0.0
1,2025-09-20,working,8,108.40033707865167,0.0
1,2025-09-20,working,9,107.25133333333335,0.0
1,2025-09-20,working,10,86.00761363636364,0.0
1,2025-09-20,working,11,78.56914634146341,0.0
1,2025-09-20,working,12,77.2061797752809,0.0
1,2025-09-20,working,13,77.38777777777777,0.0
1,2025-09-20,working,14,77.353375,0.0
1,2025-09-20,working,15,76.07022222222221,0.0
1,2025-09-20,working,16,76.04155555555555,0.0
1,2025-09-20,working,17,76.44085365853658,0.0
1,2025-09-20,working,18,74.523,0.0
1,2025-09-20,working,19,73.64055555555555,0.0
1,2025-09-20,working,20,73.30220930232558,0.0
1,2025-09-20,working,21,152.7407142857143,0.0
1,2025-09-20,working,22,272.67255555555556,0.36811111111111117
1,2025-09-20,working,23,256.29811111111115,6.531444444444445
1,2025-09-20,working,24,295.4070886075949,22.481772151898735
1,2025-09-20,working,25,360.6127777777778,46.47722222222222
1,2025-09-20,working,26,376.49844444444443,78.56911111111111
1,2025-09-20,working,27,385.26666666666665,107.23234567901234
1,2025-09-20,working,28,401.76099999999997,150.948
1,2025-09-20,working,29,429.396,191.73855555555556
1,2025-09-20,working,30,508.0982926829268,227.05756097560976
1,2025-09-20,working,31,591.6091111111111,271.5266666666667
1,2025-09-20,working,32,588.5814606741573,308.17022471910116
1,2025-09-20,working,33,554.2135802469136,329.3391358024692
1,2025-09-20,working,34,562.6259090909091,372.5156818181818
1,2025-09-20,working,35,599.8193333333334,428.87544444444444
1,2025-09-20,working,36,582.8360714285715,449.3140476190476
1,2025-09-20,working,37,585.2786206896551,490.6511494252874
1,2025-09-20,working,38,601.3825555555555,503.85866666666664
1,2025-09-20,working,39,600.7738888888889,521.0663333333333
1,2025-09-20,working,40,611.1959036144578,540.5866265060241
1,2025-09-20,working,41,610.0804444444444,544.652
1,2025-09-20,working,42,608.7066666666667,546.5198888888889
1,2025-09-20,working,43,594.2296202531645,567.3627848101266
1,2025-09-20,working,44,584.0691011235955,523.6284269662922
1,2025-09-20,working,45,605.2645555555555,529.5168888888888
1,2025-09-20,working,46,600.2483544303798,577.3489873417722
1,2025-09-20,working,47,599.7696666666667,477.61833333333334
1,2025-09-20,working,48,608.405393258427,549.1402247191012
1,2025-09-20,working,49,619.8265853658536,568.499756097561
1,2025-09-20,working,50,613.0593333333334,494.09622222222225
1,2025-09-20,working,51,598.8853333333334,333.6607777777778
1,2025-09-20,working,52,587.2225555555556,263.65566666666666
1,2025-09-20,working,53,563.7944444444445,345.143
1,2025-09-20,working,54,572.9235555555556,486.1207777777778
1,2025-09-20,working,55,596.4303333333334,501.9888888888889
1,2025-09-20,working,56,613.6161111111111,490.2872222222222
1,2025-09-20,working,57,613.6243333333333,464.00011111111115
1,2025-09-20,working,58,597.3632222222222,347.0903333333333
1,2025-09-20,working,59,626.8474444444444,419.3267777777778
1,2025-09-20,working,60,620.3826666666666,381.41422222222224
1,2025-09-20,working,61,600.1168888888889,356.07800000000003
1,2025-09-20,working,62,606.8712222222223,311.03044444444447
1,2025-09-20,working,63,606.7014444444444,259.6871111111111
1,2025-09-20,working,64,591.5297777777778,214.19355555555555
1,2025-09-20,working,65,572.211686746988,165.8077108433735
1,2025-09-20,working,66,533.9431111111111,123.71244444444446
1,2025-09-20,working,67,482.11066666666665,90.7668888888889
1,2025-09-20,working,68,462.88064102564107,64.13935897435897
1,2025-09-20,working,69,455.84433333333334,43.81088888888889
1,2025-09-20,working,70,432.7725555555555,20.643222222222224
1,2025-09-20,working,71,373.98283950617287,2.972098765432099
1,2025-09-20,working,72,376.77704545454543,0.019431818181818182
1,2025-09-20,working,73,369.61699999999996,0.0
1,2025-09-20,working,74,376.4069135802469,0.0
1,2025-09-20,working,75,377.9786666666667,0.0
1,2025-09-20,working,76,339.23752808988763,0.0
1,2025-09-20,working,77,291.12252873563216,0.0
1,2025-09-20,working,78,241.06348837209302,0.0
1,2025-09-20,working,79,238.75133333333332,0.0
1,2025-09-20,working,80,233.3652808988764,0.0
1,2025-09-20,working,81,230.80614457831325,0.0
1,2025-09-20,working,82,232.26433333333335,0.0
1,2025-09-20,working,83,219.36777777777777,0.0
1,2025-09-20,working,84,165.29291139240505,0.0
1,2025-09-20,working,85,208.18244444444443,0.0
1,2025-09-20,working,86,221.89,0.0
1,2025-09-20,working,87,214.63827160493827,0.0
1,2025-09-20,working,88,218.25688888888888,0.0
1,2025-09-20,working,89,224.8298888888889,0.0
1,2025-09-20,working,90,223.36938271604936,0.0
1,2025-09-20,working,91,219.77422222222222,0.0
1,2025-09-20,working,92,222.01122222222222,0.0
1,2025-09-20,working,93,210.04530120481925,0.0
1,2025-09-20,working,94,220.0471590909091,0.0
1,2025-09-20,working,95,224.26366666666667,0.0
2,2025-09-21,weekend,0,220.80237499999998,0.0
2,2025-09-21,weekend,1,220.41966666666667,0.0
2,2025-09-21,weekend,2,219.053,0.0
2,2025-09-21,weekend,3,215.13222222222223,0.0
2,2025-09-21,weekend,4,219.10322222222223,0.0
2,2025-09-21,weekend,5,210.51577777777777,0.0
2,2025-09-21,weekend,6,227.27366666666668,0.0
2,2025-09-21,weekend,7,225.30900000000003,0.0
2,2025-09-21,weekend,8,216.70077777777777,0.0
2,2025-09-21,weekend,9,216.9857777777778,0.0
2,2025-09-21,weekend,10,207.89355555555554,0.0
2,2025-09-21,weekend,11,202.50822222222223,0.0
2,2025-09-21,weekend,12,184.6771111111111,0.0
2,2025-09-21,weekend,13,193.79155555555556,0.0
2,2025-09-21,weekend,14,202.03244444444442,0.0
2,2025-09-21,weekend,15,197.63866666666667,0.0
2,2025-09-21,weekend,16,200.07577777777777,0.0
2,2025-09-21,weekend,17,198.02777777777777,0.0
2,2025-09-21,weekend,18,195.94255555555557,0.0
2,2025-09-21,weekend,19,201.04822222222222,0.0
2,2025-09-21,weekend,20,206.56533333333334,0.0
2,2025-09-21,weekend,21,232.05822222222224,0.0
2,2025-09-21,weekend,22,264.38388888888886,0.11977777777777777
2,2025-09-21,weekend,23,293.71922222222224,6.747777777777777
2,2025-09-21,weekend,24,339.2087777777778,22.820666666666668
2,2025-09-21,weekend,25,401.7048888888889,49.86566666666666
2,2025-09-21,weekend,26,406.3718888888889,74.91088888888888
2,2025-09-21,weekend,27,436.0492222222222,105.99000000000001
2,2025-09-21,weekend,28,453.5264444444444,144.59300000000002
2,2025-09-21,weekend,29,467.2741111111111,185.71522222222222
2,2025-09-21,weekend,30,503.082,226.74744444444445
2,2025-09-21,weekend,31,509.1445555555556,267.08022222222223
2,2025-09-21,weekend,32,503.769,302.15944444444443
2,2025-09-21,weekend,33,527.7212222222223,343.058
2,2025-09-21,weekend,34,569.3235555555556,378.63599999999997
2,2025-09-21,weekend,35,556.4431111111111,406.6631111111111
2,2025-09-21,weekend,36,552.031888888889,442.6622222222222
2,2025-09-21,weekend,37,561.7577777777777,469.38855555555557
2,2025-09-21,weekend,38,564.5278888888889,499.78444444444443
2,2025-09-21,weekend,39,603.3192222222223,520.9441111111112
2,2025-09-21,weekend,40,598.6678888888889,429.6034444444444
2,2025-09-21,weekend,41,601.8812222222222,523.8512222222222
2,2025-09-21,weekend,42,567.6294444444445,468.0022222222222
2,2025-09-21,weekend,43,569.888,536.2561111111112
2,2025-09-21,weekend,44,549.1168888888889,451.613
2,2025-09-21,weekend,45,531.8430000000001,481.1574444444444
2,2025-09-21,weekend,46,528.3242222222223,286.8864444444444
2,2025-09-21,weekend,47,527.6978888888889,203.27444444444444
2,2025-09-21,weekend,48,526.3375555555556,187.9296666666667
2,2025-09-21,weekend,49,522.4501111111111,130.74355555555556
2,2025-09-21,weekend,50,518.0293333333333,167.89466666666667
2,2025-09-21,weekend,51,529.9162222222222,432.1662222222222
2,2025-09-21,weekend,52,516.0768888888889,448.27511111111113
2,2025-09-21,weekend,53,534.742,476.82599999999996
2,2025-09-21,weekend,54,530.7578888888888,509.28422222222224
2,2025-09-21,weekend,55,541.6276666666666,516.9215555555555
2,2025-09-21,weekend,56,550.7588888888889,359.9605555555556
2,2025-09-21,weekend,57,547.2085555555556,298.8158888888889
2,2025-09-21,weekend,58,545.9467777777778,217.03144444444442
2,2025-09-21,weekend,59,553.779,173.63344444444445
2,2025-09-21,weekend,60,559.8775555555555,92.21188888888888
2,2025-09-21,weekend,61,556.3885555555555,76.74411111111111
2,2025-09-21,weekend,62,543.2135555555556,73.22144444444444
2,2025-09-21,weekend,63,525.2986666666667,59.90244444444445
2,2025-09-21,weekend,64,500.63177777777776,46.043
2,2025-09-21,weekend,65,433.40133333333335,17.657666666666668
2,2025-09-21,weekend,66,426.3923333333333,22.590777777777777
2,2025-09-21,weekend,67,431.2322222222222,42.61
2,2025-09-21,weekend,68,434.4485555555556,32.41755555555555
2,2025-09-21,weekend,69,449.6361111111111,23.705555555555556
2,2025-09-21,weekend,70,443.3031111111111,14.266111111111112
2,2025-09-21,weekend,71,427.86633333333333,6.699888888888889
2,2025-09-21,weekend,72,429.36633333333333,0.05644444444444444
2,2025-09-21,weekend,73,404.7598888888889,0.0
2,2025-09-21,weekend,74,401.4792222222222,0.0
2,2025-09-21,weekend,75,398.56388888888887,0.0
2,2025-09-21,weekend,76,392.80888888888893,0.0
2,2025-09-21,weekend,77,373.7602222222222,0.0
2,2025-09-21,weekend,78,362.54055555555556,0.0
2,2025-09-21,weekend,79,345.1575555555556,0.0
2,2025-09-21,weekend,80,322.85966666666667,0.0
2,2025-09-21,weekend,81,300.2071111111111,0.0
2,2025-09-21,weekend,82,303.74188888888887,0.0
2,2025-09-21,weekend,83,303.8928888888889,0.0
2,2025-09-21,weekend,84,295.682,0.0
2,2025-09-21,weekend,85,239.53322222222224,0.0
2,2025-09-21,weekend,86,257.00177777777776,0.0
2,2025-09-21,weekend,87,258.2138888888889,0.0
2,2025-09-21,weekend,88,249.86411111111113,0.0
2,2025-09-21,weekend,89,249.4581111111111,0.0
2,2025-09-21,weekend,90,257.78833333333336,0.0
2,2025-09-21,weekend,91,261.5231111111111,0.0
2,2025-09-21,weekend,92,263.8101111111111,0.0
2,2025-09-21,weekend,93,262.5028888888889,0.0
2,2025-09-21,weekend,94,250.6781111111111,0.0
2,2025-09-21,weekend,95,248.5872222222222,0.0
3,2025-09-22,working,0,242.91851851851854,0.0
3,2025-09-22,working,1,256.47133333333335,0.0
3,2025-09-22,working,2,240.38955555555557,0.0
3,2025-09-22,working,3,225.845,0.0
3,2025-09-22,working,4,225.42244444444444,0.0
3,2025-09-22,working,5,230.30655555555555,0.0
3,2025-09-22,working,6,238.13166666666666,0.0
3,2025-09-22,working,7,233.61566666666667,0.0
3,2025-09-22,working,8,219.12355555555555,0.0
3,2025-09-22,working,9,192.1587777777778,0.0
3,2025-09-22,working,10,232.83355555555556,0.0
3,2025-09-22,working,11,230.50933333333333,0.0
3,2025-09-22,working,12,234.575,0.0
3,2025-09-22,working,13,230.06633333333335,0.0
3,2025-09-22,working,14,229.37922222222224,0.0
3,2025-09-22,working,15,228.66511111111112,0.0
3,2025-09-22,working,16,230.2597777777778,0.0
3,2025-09-22,working,17,232.28699999999998,0.0
3,2025-09-22,working,18,229.73455555555557,0.0
3,2025-09-22,working,19,224.9317777777778,0.0
3,2025-09-22,working,20,205.89322222222222,0.0
3,2025-09-22,working,21,230.2458888888889,0.0
3,2025-09-22,working,22,267.5523333333333,0.0
3,2025-09-22,working,23,292.9973333333333,0.005
3,2025-09-22,working,24,306.66422222222224,1.0678888888888889
3,2025-09-22,working,25,320.4935555555556,5.3181111111111115
3,2025-09-22,working,26,348.08511111111113,13.818333333333335
3,2025-09-22,working,27,348.55,31.85288888888889
3,2025-09-22,working,28,375.3375555555555,61.473
3,2025-09-22,working,29,390.5797777777778,89.56066666666666
3,2025-09-22,working,30,504.98488888888886,103.61555555555555
3,2025-09-22,working,31,556.2573333333333,116.57833333333332
3,2025-09-22,working,32,540.4987777777777,133.86533333333333
3,2025-09-22,working,33,590.2921111111111,150.38588888888887
3,2025-09-22,working,34,625.1838888888889,139.469
3,2025-09-22,working,35,627.4512222222222,128.00933333333333
3,2025-09-22,working,36,617.6208888888889,173.85211111111113
3,2025-09-22,working,37,602.0472222222222,202.0132222222222
3,2025-09-22,working,38,637.4768888888889,195.68444444444444
3,2025-09-22,working,39,598.8257777777778,197.40655555555557
3,2025-09-22,working,40,615.3696666666666,263.0998888888889
3,2025-09-22,working,41,588.848888888889,310.8631111111111
3,2025-09-22,working,42,575.6605555555556,333.55344444444444
3,2025-09-22,working,43,601.3097777777778,421.094
3,2025-09-22,working,44,572.6302222222222,501.04788888888885
3,2025-09-22,working,45,590.3316666666667,443.67999999999995
3,2025-09-22,working,46,609.1301111111111,486.38100000000003
3,2025-09-22,working,47,598.0433333333333,390.7304444444444
3,2025-09-22,working,48,600.2084444444445,349.576
3,2025-09-22,working,49,601.0962222222223,248.45833333333334
3,2025-09-22,working,50,576.6874444444445,303.75688888888885
3,2025-09-22,working,51,584.5383333333333,418.2296666666667
3,2025-09-22,working,52,602.3128888888889,486.3622222222222
3,2025-09-22,working,53,625.9101111111112,342.27355555555556
3,2025-09-22,working,54,653.789,333.95955555555554
3,2025-09-22,working,55,633.6152222222222,325.769
3,2025-09-22,working,56,638.0392222222222,336.6892222222222
3,2025-09-22,working,57,629.9422222222222,380.9506666666666
3,2025-09-22,working,58,620.0857777777778,376.5908888888889
3,2025-09-22,working,59,610.0804444444444,346.06100000000004
3,2025-09-22,working,60,619.64,248.40932584269663
3,2025-09-22,working,61,627.0112222222223,216.30422222222222
3,2025-09-22,working,62,606.3306249999999,179.169
3,2025-09-22,working,63,607.4231818181818,146.9953409090909
3,2025-09-22,working,64,592.5973033707866,117.67842696629212
3,2025-09-22,working,65,560.3608536585366,98.38841463414634
3,2025-09-22,working,66,468.9786046511628,74.91325581395348
3,2025-09-22,working,67,424.1693333333333,62.08833333333333
3,2025-09-22,working,68,397.98460674157303,58.93000000000001
3,2025-09-22,working,69,383.6835064935065,29.454025974025974
3,2025-09-22,working,70,379.7797777777778,7.072222222222222
3,2025-09-22,working,71,362.61899999999997,0.5368888888888889
3,2025-09-22,working,72,350.2767532467533,0.0
3,2025-09-22,working,73,353.82375,0.0
3,2025-09-22,working,74,351.5253333333333,0.0
3,2025-09-22,working,75,321.61516853932585,0.0
3,2025-09-22,working,76,298.19092105263155,0.0
3,2025-09-22,working,77,294.65555555555557,0.0
3,2025-09-22,working,78,284.1277777777778,0.0
3,2025-09-22,working,79,287.0377215189873,0.0
3,2025-09-22,working,80,295.68079545454543,0.0
3,2025-09-22,working,81,281.01466666666664,0.0
3,2025-09-22,working,82,259.5378409090909,0.0
3,2025-09-22,working,83,242.07101265822786,0.0
3,2025-09-22,working,84,234.78483146067413,0.0
3,2025-09-22,working,85,245.381,0.0
3,2025-09-22,working,86,253.1489333333333,0.0
3,2025-09-22,working,87,228.83755555555555,0.0
3,2025-09-22,working,88,215.77876404494384,0.0
3,2025-09-22,working,89,235.37392857142856,0.0
3,2025-09-22,working,90,230.34073170731705,0.0
3,2025-09-22,working,91,232.78555555555556,0.0
3,2025-09-22,working,92,224.54033707865167,0.0
3,2025-09-22,working,93,235.08922077922077,0.0
3,2025-09-22,working,94,230.55222222222224,0.0
3,2025-09-22,working,95,228.2598888888889,0.0
4,2025-09-23,working,0,207.619,0.0
4,2025-09-23,working,1,237.42544444444445,0.0
4,2025-09-23,working,2,238.01722222222222,0.0
4,2025-09-23,working,3,227.517,0.0
4,2025-09-23,working,4,213.47444444444446,0.0
4,2025-09-23,working,5,213.9291111111111,0.0
4,2025-09-23,working,6,213.79455555555555,0.0
4,2025-09-23,working,7,210.5622222222222,0.0
4,2025-09-23,working,8,216.92377777777776,0.0
4,2025-09-23,working,9,197.7408888888889,0.0
4,2025-09-23,working,10,203.87633333333332,0.0
4,2025-09-23,working,11,204.57511111111108,0.0
4,2025-09-23,working,12,203.54399999999998,0.0
4,2025-09-23,working,13,204.4051111111111,0.0
4,2025-09-23,working,14,205.86811111111112,0.0
4,2025-09-23,working,15,190.40422222222224,0.0
4,2025-09-23,working,16,194.05522222222223,0.0
4,2025-09-23,working,17,207.14499999999998,0.0
4,2025-09-23,working,18,204.84977777777777,0.0
4,2025-09-23,working,19,198.11850574712645,0.0
4,2025-09-23,working,20,189.67688888888887,0.0
4,2025-09-23,working,21,183.63755555555556,0.0
4,2025-09-23,working,22,277.10930232558144,0.09360465116279071
4,2025-09-23,working,23,289.2782222222222,4.167777777777778
4,2025-09-23,working,24,308.2677528089888,10.691460674157304
4,2025-09-23,working,25,357.65633333333335,18.999666666666666
4,2025-09-23,working,26,371.3725,39.56525
4,2025-09-23,working,27,358.44677777777775,60.61977777777778
4,2025-09-23,working,28,371.6675280898877,123.58258426966293
4,2025-09-23,working,29,419.96377777777775,176.534
4,2025-09-23,working,30,478.65411111111115,228.80922222222225
4,2025-09-23,working,31,537.6411111111111,267.2705555555555
4,2025-09-23,working,32,519.7978888888889,309.92544444444445
4,2025-09-23,working,33,514.560459770115,331.28678160919543
4,2025-09-23,working,34,535.9274444444444,388.27433333333335
4,2025-09-23,working,35,530.9965555555556,413.641
4,2025-09-23,working,36,536.1510588235294,465.2644705882353
4,2025-09-23,working,37,540.6942528735632,484.99252873563216
4,2025-09-23,working,38,545.0381111111111,353.68744444444445
4,2025-09-23,working,39,535.5792222222221,481.5394444444445
4,2025-09-23,working,40,580.6884705882353,539.4888235294118
4,2025-09-23,working,41,573.7456666666667,391.6923333333333
4,2025-09-23,working,42,596.2501111111111,407.99244444444446
4,2025-09-23,working,43,590.8622093023256,511.52988372093023
4,2025-09-23,working,44,563.8295505617978,338.68101123595505
4,2025-09-23,working,45,569.9637777777778,481.91544444444446
4,2025-09-23,working,46,566.9447674418604,468.5206976744186
4,2025-09-23,working,47,581.1388505747127,527.2425287356322
4,2025-09-23,working,48,637.6916853932584,528.3285393258427
4,2025-09-23,working,49,609.7207777777778,502.4088888888889
4,2025-09-23,working,50,619.4840476190476,479.97583333333336
4,2025-09-23,working,51,604.6728888888889,545.6347777777778
4,2025-09-23,working,52,606.6068539325843,485.7032584269663
4,2025-09-23,working,53,589.019540229885,560.9696551724138
4,2025-09-23,working,54,575.2472222222223,525.2875555555555
4,2025-09-23,working,55,594.9382222222223,457.13944444444445
4,2025-09-23,working,56,589.2610465116279,521.8537209302325
4,2025-09-23,working,57,587.4003333333333,463.47422222222224
4,2025-09-23,working,58,586.2577777777777,421.6858888888888
4,2025-09-23,working,59,590.9497777777779,312.68188888888886
4,2025-09-23,working,60,607.6013953488372,342.22058139534886
4,2025-09-23,working,61,619.348,308.97933333333333
4,2025-09-23,working,62,617.7205555555555,273.49822222222224
4,2025-09-23,working,63,616.1523255813953,247.26232558139537
4,2025-09-23,working,64,589.684606741573,186.0352808988764
4,2025-09-23,working,65,612.3543333333333,154.71588888888888
4,2025-09-23,working,66,585.545111111111,112.49366666666667
4,2025-09-23,working,67,522.9596385542169,73.48072289156626
4,2025-09-23,working,68,478.58853932584265,40.20202247191011
4,2025-09-23,working,69,458.72655555555554,22.052444444444443
4,2025-09-23,working,70,428.34908045977016,8.140229885057472
4,2025-09-23,working,71,426.18311111111115,0.7572222222222222
4,2025-09-23,working,72,410.2621111111111,0.00044444444444444447
4,2025-09-23,working,73,417.0278888888889,0.0
4,2025-09-23,working,74,403.1043373493976,0.0
4,2025-09-23,working,75,414.16888888888883,0.0
4,2025-09-23,working,76,387.3262222222222,0.0
4,2025-09-23,working,77,389.8229411764706,0.0
4,2025-09-23,working,78,392.2821111111111,0.0
4,2025-09-23,working,79,392.4443333333333,0.0
4,2025-09-23,working,80,389.27599999999995,0.0
4,2025-09-23,working,81,388.2108045977011,0.0
4,2025-09-23,working,82,377.67144444444443,0.0
4,2025-09-23,working,83,370.4627777777778,0.0
4,2025-09-23,working,84,325.0117045454545,0.0
4,2025-09-23,working,85,282.7315294117647,0.0
4,2025-09-23,working,86,264.41777777777776,0.0
4,2025-09-23,working,87,241.82744444444447,0.0
4,2025-09-23,working,88,246.16252873563218,0.0
4,2025-09-23,working,89,244.2321111111111,0.0
4,2025-09-23,working,90,246.91977777777777,0.0
4,2025-09-23,working,91,244.11755555555553,0.0
4,2025-09-23,working,92,244.69448275862067,0.0
4,2025-09-23,working,93,244.14711111111112,0.0
4,2025-09-23,working,94,247.13333333333333,0.0
4,2025-09-23,working,95,244.71079545454543,0.0
5,2025-09-24,working,0,235.89675000000003,0.0
5,2025-09-24,working,1,242.90322222222224,0.0
5,2025-09-24,working,2,255.58666666666664,0.0
5,2025-09-24,working,3,260.00022222222225,0.0
5,2025-09-24,working,4,260.87655555555557,0.0
5,2025-09-24,working,5,255.44611111111112,0.0
5,2025-09-24,working,6,255.3371111111111,0.0
5,2025-09-24,working,7,254.87344444444446,0.0
5,2025-09-24,working,8,243.01011111111112,0.0
5,2025-09-24,working,9,239.60733333333334,0.0
5,2025-09-24,working,10,230.10022222222221,0.0
5,2025-09-24,working,11,236.66611111111112,0.0
5,2025-09-24,working,12,237.06511111111112,0.0
5,2025-09-24,working,13,237.15733333333333,0.0
5,2025-09-24,working,14,236.48288888888888,0.0
5,2025-09-24,working,15,234.2081111111111,0.0
5,2025-09-24,working,16,237.2918888888889,0.0
5,2025-09-24,working,17,234.9122222222222,0.0
5,2025-09-24,working,18,238.7377777777778,0.0
5,2025-09-24,working,19,237.3432222222222,0.0
5,2025-09-24,working,20,237.37144444444445,0.0
5,2025-09-24,working,21,248.52211111111112,0.0
5,2025-09-24,working,22,261.3107777777778,0.08122222222222222
5,2025-09-24,working,23,255.53233333333333,4.462888888888889
5,2025-09-24,working,24,267.8251111111111,16.466333333333335
5,2025-09-24,working,25,295.4253333333333,42.538444444444444
5,2025-09-24,working,26,300.68666666666667,75.40333333333334
5,2025-09-24,working,27,313.87255555555555,107.40777777777778
5,2025-09-24,working,28,344.10422222222223,144.3938888888889
5,2025-09-24,working,29,393.26266666666663,197.06244444444442
5,2025-09-24,working,30,489.813,246.904
5,2025-09-24,working,31,602.5435555555555,298.29855555555554
5,2025-09-24,working,32,586.9765555555556,364.3255555555556
5,2025-09-24,working,33,588.6386666666667,364.5346666666667
5,2025-09-24,working,34,602.6413333333334,360.6541111111111
5,2025-09-24,working,35,618.0423333333333,302.9488888888889
5,2025-09-24,working,36,597.6328888888888,344.0967777777778
5,2025-09-24,working,37,600.9117777777777,429.20522222222223
5,2025-09-24,working,38,628.4468888888889,517.5607777777778
5,2025-09-24,working,39,626.7586666666666,512.4431111111111
5,2025-09-24,working,40,640.3386666666667,459.57044444444443
5,2025-09-24,working,41,607.7762222222223,566.2613333333333
5,2025-09-24,working,42,617.5797777777777,460.78566666666666
5,2025-09-24,working,43,608.5458888888888,369.0903333333333
5,2025-09-24,working,44,600.3967777777777,479.2253333333333
5,2025-09-24,working,45,619.0198888888889,500.6863333333333
5,2025-09-24,working,46,624.3605555555555,587.6958888888888
5,2025-09-24,working,47,639.5534444444444,589.6114444444445
5,2025-09-24,working,48,607.4986666666666,550.5486666666667
5,2025-09-24,working,49,645.9172222222222,508.63244444444445
5,2025-09-24,working,50,602.4228888888889,507.043
5,2025-09-24,working,51,627.9097777777778,597.2868888888889
5,2025-09-24,working,52,635.6751111111112,589.0108888888889
5,2025-09-24,working,53,683.4833333333333,553.2826666666667
5,2025-09-24,working,54,651.6601111111112,519.122111111111
5,2025-09-24,working,55,655.7551111111111,530.348
5,2025-09-24,working,56,642.6815555555556,486.12
5,2025-09-24,working,57,663.3552222222222,383.64588888888886
5,2025-09-24,working,58,656.6685555555555,365.7211111111111
5,2025-09-24,working,59,648.0556666666666,327.9441111111111
5,2025-09-24,working,60,635.8058888888888,207.30033333333333
5,2025-09-24,working,61,615.168,230.75055555555554
5,2025-09-24,working,62,607.5865555555556,148.17288888888888
5,2025-09-24,working,63,648.4401111111112,144.52833333333334
5,2025-09-24,working,64,613.2243333333333,154.42177777777778
5,2025-09-24,working,65,581.8797777777778,106.39399999999999
5,2025-09-24,working,66,473.81088888888894,68.4481111111111
5,2025-09-24,working,67,439.72766666666666,62.381
5,2025-09-24,working,68,440.044,52.46933333333333
5,2025-09-24,working,69,416.30266666666665,32.224555555555554
5,2025-09-24,working,70,413.2853333333333,10.667
5,2025-09-24,working,71,411.07744444444444,2.1805555555555554
5,2025-09-24,working,72,371.4661111111111,0.02677777777777778
5,2025-09-24,working,73,338.6721111111111,0.0
5,2025-09-24,working,74,318.6608888888889,0.0
5,2025-09-24,working,75,326.3284444444445,0.0
5,2025-09-24,working,76,322.5288888888889,0.0
5,2025-09-24,working,77,312.4794444444445,0.0
5,2025-09-24,working,78,319.0182222222222,0.0
5,2025-09-24,working,79,311.2852222222222,0.0
5,2025-09-24,working,80,310.1988888888889,0.0
5,2025-09-24,working,81,307.75522222222224,0.0
5,2025-09-24,working,82,295.3835555555556,0.0
5,2025-09-24,working,83,240.2588888888889,0.0
5,2025-09-24,working,84,215.3428888888889,0.0
5,2025-09-24,working,85,209.3551111111111,0.0
5,2025-09-24,working,86,210.71522222222222,0.0
5,2025-09-24,working,87,207.81555555555556,0.0
5,2025-09-24,working,88,208.86711111111111,0.0
5,2025-09-24,working,89,211.14422222222223,0.0
5,2025-09-24,working,90,227.64455555555554,0.0
5,2025-09-24,working,91,227.89455555555554,0.0
5,2025-09-24,working,92,234.98644444444443,0.0
5,2025-09-24,working,93,224.77822222222224,0.0
5,2025-09-24,working,94,233.6418888888889,0.0
5,2025-09-24,working,95,233.38588888888887,0.0
6,2025-09-25,working,0,231.65666666666664,0.0
6,2025-09-25,working,1,234.95544444444445,0.0
6,2025-09-25,working,2,234.03433333333334,0.0
6,2025-09-25,working,3,231.99777777777777,0.0
6,2025-09-25,working,4,240.6726666666667,0.0
6,2025-09-25,working,5,243.54544444444446,0.0
6,2025-09-25,working,6,241.01188888888888,0.0
6,2025-09-25,working,7,214.89866666666668,0.0
6,2025-09-25,working,8,241.45955555555557,0.0
6,2025-09-25,working,9,242.6898888888889,0.0
6,2025-09-25,working,10,235.22755555555554,0.0
6,2025-09-25,working,11,237.2598888888889,0.0
6,2025-09-25,working,12,250.33244444444443,0.0
6,2025-09-25,working,13,232.65822222222224,0.0
6,2025-09-25,working,14,201.2738888888889,0.0
6,2025-09-25,working,15,216.26122222222222,0.0
6,2025-09-25,working,16,205.72966666666665,0.0
6,2025-09-25,working,17,199.27833333333334,0.0
6,2025-09-25,working,18,200.41444444444443,0.0
6,2025-09-25,working,19,198.57,0.0
6,2025-09-25,working,20,195.94277777777776,0.0
6,2025-09-25,working,21,273.5367777777778,0.0
6,2025-09-25,working,22,281.4342222222222,0.0
6,2025-09-25,working,23,275.58500000000004,0.7480000000000001
6,2025-09-25,working,24,314.90444444444444,5.247222222222222
6,2025-09-25,working,25,326.53144444444445,8.157444444444444
6,2025-09-25,working,26,343.7203333333334,16.249111111111112
6,2025-09-25,working,27,352.9435555555555,37.22811111111111
6,2025-09-25,working,28,369.9954444444444,52.84088888888889
6,2025-09-25,working,29,416.96911111111115,79.78555555555555
6,2025-09-25,working,30,460.53900000000004,95.39011111111111
6,2025-09-25,working,31,470.9802222222222,105.38544444444445
6,2025-09-25,working,32,486.59766666666667,102.457
6,2025-09-25,working,33,476.6226666666667,130.98477777777777
6,2025-09-25,working,34,439.4047777777778,141.47455555555555
6,2025-09-25,working,35,480.8888888888889,168.59444444444443
6,2025-09-25,working,36,455.3848888888889,237.53055555555557
6,2025-09-25,working,37,467.0014444444444,318.08500000000004
6,2025-09-25,working,38,481.8671111111111,395.3023333333333
6,2025-09-25,working,39,476.42922222222217,297.331
6,2025-09-25,working,40,482.55722222222226,309.22422222222224
6,2025-09-25,working,41,470.35699999999997,401.5372222222222
6,2025-09-25,working,42,458.6864444444444,363.97066666666666
6,2025-09-25,working,43,462.26811111111107,406.08622222222226
6,2025-09-25,working,44,432.41322222222226,411.3871111111111
6,2025-09-25,working,45,445.00188888888886,376.80955555555556
6,2025-09-25,working,46,446.2113333333333,220.33077777777777
6,2025-09-25,working,47,422.79422222222223,171.87422222222222
6,2025-09-25,working,48,465.89733333333334,232.48666666666665
6,2025-09-25,working,49,476.02200000000005,432.05044444444445
6,2025-09-25,working,50,485.14855555555556,447.7957777777778
6,2025-09-25,working,51,459.8928888888889,315.9851111111111
6,2025-09-25,working,52,479.50733333333335,261.2322222222222
6,2025-09-25,working,53,473.54688888888893,235.72366666666667
6,2025-09-25,working,54,503.8213333333333,203.70666666666665
6,2025-09-25,working,55,504.25011111111115,138.8647777777778
6,2025-09-25,working,56,511.00600000000003,117.349
6,2025-09-25,working,57,516.7552222222222,121.36322222222223
6,2025-09-25,working,58,509.96077777777776,124.17933333333333
6,2025-09-25,working,59,522.0901111111111,159.58766666666665
6,2025-09-25,working,60,519.5841111111112,181.71955555555556
6,2025-09-25,working,61,501.48333333333335,163.1398888888889
6,2025-09-25,working,62,504.2786666666667,146.31744444444445
6,2025-09-25,working,63,494.9131111111111,117.22455555555554
6,2025-09-25,working,64,489.2104444444445,67.82355555555556
6,2025-09-25,working,65,459.0007777777778,70.87488888888889
6,2025-09-25,working,66,432.7108888888889,57.260333333333335
6,2025-09-25,working,67,401.57944444444445,43.45044444444444
6,2025-09-25,working,68,345.6431111111111,31.754555555555555
6,2025-09-25,working,69,327.9004444444445,13.725888888888887
6,2025-09-25,working,70,315.36833333333334,3.581666666666667
6,2025-09-25,working,71,312.0362222222222,0.07933333333333333
6,2025-09-25,working,72,308.01466666666664,0.0
6,2025-09-25,working,73,306.823,0.0
6,2025-09-25,working,74,296.82733333333334,0.0
6,2025-09-25,working,75,274.4017777777778,0.0
6,2025-09-25,working,76,271.7026666666667,0.0
6,2025-09-25,working,77,249.8963333333333,0.0
6,2025-09-25,working,78,236.56655555555557,0.0
6,2025-09-25,working,79,251.42611111111108,0.0
6,2025-09-25,working,80,244.65277777777777,0.0
6,2025-09-25,working,81,201.94022222222222,0.0
6,2025-09-25,working,82,194.06233333333333,0.0
6,2025-09-25,working,83,196.53155555555557,0.0
6,2025-09-25,working,84,199.34455555555553,0.0
6,2025-09-25,working,85,191.36577777777777,0.0
6,2025-09-25,working,86,189.198,0.0
6,2025-09-25,working,87,197.03400000000002,0.0
6,2025-09-25,working,88,216.38644444444444,0.0
6,2025-09-25,working,89,237.67455555555554,0.0
6,2025-09-25,working,90,143.84244444444445,0.0
6,2025-09-25,working,91,127.90133333333334,0.0
6,2025-09-25,working,92,123.46366666666667,0.0
6,2025-09-25,working,93,123.23511111111111,0.0
6,2025-09-25,working,94,107.50322222222223,0.0
6,2025-09-25,working,95,108.29922222222223,0.0
7,2025-09-26,working,0,109.55765432098765,0.0
7,2025-09-26,working,1,110.47099999999999,0.0
7,2025-09-26,working,2,97.60777777777778,0.0
7,2025-09-26,working,3,96.6081111111111,0.0
7,2025-09-26,working,4,94.11166666666666,0.0
7,2025-09-26,working,5,89.50022222222222,0.0
7,2025-09-26,working,6,92.10933333333334,0.0
7,2025-09-26,working,7,100.95766666666667,0.0
7,2025-09-26,working,8,91.0581111111111,0.0
7,2025-09-26,working,9,87.57555555555555,0.0
7,2025-09-26,working,10,83.12066666666666,0.0
7,2025-09-26,working,11,90.69244444444445,0.0
7,2025-09-26,working,12,93.48988505747127,0.0
7,2025-09-26,working,13,92.85046511627907,0.0
7,2025-09-26,working,14,94.46941860465117,0.0
7,2025-09-26,working,15,93.25583333333333,0.0
7,2025-09-26,working,16,93.72116279069768,0.0
7,2025-09-26,working,17,91.21452380952381,0.0
7,2025-09-26,working,18,85.19513513513513,0.0
7,2025-09-26,working,19,92.93494117647059,0.0
7,2025-09-26,working,20,97.02400000000002,0.0
7,2025-09-26,working,21,211.48037037037037,0.0
7,2025-09-26,working,22,223.5773417721519,0.0
7,2025-09-26,working,23,240.5889534883721,1.657325581395349
7,2025-09-26,working,24,265.77220930232556,7.533255813953488
7,2025-09-26,working,25,298.4830136986301,18.519178082191782
7,2025-09-26,working,26,320.3497674418604,29.8603488372093
7,2025-09-26,working,27,303.6983333333333,39.51188888888889
7,2025-09-26,working,28,310.7243055555556,71.1348611111111
7,2025-09-26,working,29,336.6298823529412,35.171058823529414
7,2025-09-26,working,30,367.92275862068965,33.60666666666667
7,2025-09-26,working,31,394.326582278481,55.069240506329116
7,2025-09-26,working,32,421.85075949367086,92.77417721518987
7,2025-09-26,working,33,452.62551724137927,116.33850574712645
7,2025-09-26,working,34,435.9696511627907,77.16674418604651
7,2025-09-26,working,35,414.8012,179.89213333333333
7,2025-09-26,working,36,413.67035714285714,242.12369047619046
7,2025-09-26,working,37,421.1454117647059,212.55929411764706
7,2025-09-26,working,38,455.5545679012345,206.44259259259258
7,2025-09-26,working,39,449.5951724137931,268.0674712643678
7,2025-09-26,working,40,448.0936781609196,292.20758620689656
7,2025-09-26,working,41,437.52628205128207,341.8616666666667
7,2025-09-26,working,42,426.4643373493976,372.4812048192771
7,2025-09-26,working,43,423.04,306.47611764705886
7,2025-09-26,working,44,423.90121951219515,269.41280487804875
7,2025-09-26,working,45,418.9390789473684,279.9326315789474
7,2025-09-26,working,46,413.65352941176474,375.18188235294116
7,2025-09-26,working,47,435.07690476190476,394.14916666666664
7,2025-09-26,working,48,438.0194594594594,407.635945945946
7,2025-09-26,working,49,440.0840697674419,332.5412790697674
7,2025-09-26,working,50,421.36494252873564,224.91413793103447
7,2025-09-26,working,51,416.09513513513514,182.39364864864865
7,2025-09-26,working,52,438.1221348314607,413.96730337078645
7,2025-09-26,working,53,443.7522222222222,130.18255555555555
7,2025-09-26,working,54,466.5912359550562,271.874606741573
7,2025-09-26,working,55,460.40133333333335,371.11033333333336
7,2025-09-26,working,56,492.15722222222223,328.8743333333333
7,2025-09-26,working,57,507.3645555555555,177.44455555555555
7,2025-09-26,working,58,490.13277777777773,109.1691111111111
7,2025-09-26,working,59,501.4168888888889,102.01033333333334
7,2025-09-26,working,60,466.993717948718,19.95897435897436
7,2025-09-26,working,61,463.8954666666667,56.99893333333333
7,2025-09-26,working,62,486.64038461538456,71.35807692307692
7,2025-09-26,working,63,473.24037500000003,65.6465
7,2025-09-26,working,64,427.70283582089553,63.6134328358209
7,2025-09-26,working,65,404.53375,79.0875
7,2025-09-26,working,66,371.3464788732394,82.63295774647887
7,2025-09-26,working,67,359.20705882352945,43.94838235294118
7,2025-09-26,working,68,344.327,11.754666666666667
7,2025-09-26,working,69,301.7591111111111,5.220888888888889
7,2025-09-26,working,70,292.02155555555555,0.43466666666666665
7,2025-09-26,working,71,262.24622222222223,0.11455555555555556
7,2025-09-26,working,72,243.72888888888886,0.0
7,2025-09-26,working,73,205.36155555555555,0.0
7,2025-09-26,working,74,200.97887640449437,0.0
7,2025-09-26,working,75,197.28,0.0
7,2025-09-26,working,76,198.54357142857143,0.0
7,2025-09-26,working,77,218.79573333333335,0.0
7,2025-09-26,working,78,176.64448275862068,0.0
7,2025-09-26,working,79,76.44418604651163,0.0
7,2025-09-26,working,80,73.04876712328767,0.0
7,2025-09-26,working,81,78.78162790697675,0.0
7,2025-09-26,working,82,84.97724137931036,0.0
7,2025-09-26,working,83,77.75,0.0
7,2025-09-26,working,84,79.10240506329114,0.0
7,2025-09-26,working,85,78.98827586206897,0.0
7,2025-09-26,working,86,74.54302325581395,0.0
7,2025-09-26,working,87,60.961,0.0
7,2025-09-26,working,88,41.62866666666667,0.0
7,2025-09-26,working,89,29.63533333333333,0.0
7,2025-09-26,working,90,28.657888888888888,0.0
7,2025-09-26,working,91,28.68477777777778,0.0
7,2025-09-26,working,92,29.415333333333333,0.0
7,2025-09-26,working,93,29.069444444444443,0.0
7,2025-09-26,working,94,28.662222222222223,0.0
7,2025-09-26,working,95,28.927,0.0
8,2025-09-27,working,0,28.735374999999998,0.0
8,2025-09-27,working,1,28.70588888888889,0.0
8,2025-09-27,working,2,28.880444444444446,0.0
8,2025-09-27,working,3,28.690888888888885,0.0
8,2025-09-27,working,4,27.95951219512195,0.0
8,2025-09-27,working,5,29.221444444444444,0.0
8,2025-09-27,working,6,28.428444444444445,0.0
8,2025-09-27,working,7,28.555113636363636,0.0
8,2025-09-27,working,8,28.367590361445785,0.0
8,2025-09-27,working,9,29.260444444444445,0.0
8,2025-09-27,working,10,29.406444444444443,0.0
8,2025-09-27,working,11,28.660117647058826,0.0
8,2025-09-27,working,12,28.934666666666665,0.0
8,2025-09-27,working,13,29.38888888888889,0.0
8,2025-09-27,working,14,28.630459770114943,0.0
8,2025-09-27,working,15,29.26707865168539,0.0
8,2025-09-27,working,16,28.200888888888887,0.0
8,2025-09-27,working,17,28.413888888888888,0.0
8,2025-09-27,working,18,29.840119047619048,0.0
8,2025-09-27,working,19,29.125555555555557,0.0
8,2025-09-27,working,20,28.522222222222222,0.0
8,2025-09-27,working,21,29.27094117647059,0.0
8,2025-09-27,working,22,28.96784090909091,0.01034090909090909
8,2025-09-27,working,23,25.40488888888889,2.434111111111111
8,2025-09-27,working,24,26.91977777777778,19.871666666666666
8,2025-09-27,working,25,26.563493975903615,18.72867469879518
8,2025-09-27,working,26,26.503888888888888,18.609111111111112
8,2025-09-27,working,27,26.914,20.106777777777776
8,2025-09-27,working,28,26.047261904761903,16.447738095238098
8,2025-09-27,working,29,26.703068181818182,18.873863636363637
8,2025-09-27,working,30,43.54788888888889,34.095888888888894
8,2025-09-27,working,31,48.22844444444445,41.78033333333333
8,2025-09-27,working,32,48.43363636363636,42.15465909090909
8,2025-09-27,working,33,51.864777777777775,43.400111111111116
8,2025-09-27,working,34,57.57066666666666,48.27055555555556
8,2025-09-27,working,35,60.276626506024094,49.86734939759036
8,2025-09-27,working,36,57.59426966292135,46.82685393258427
8,2025-09-27,working,37,66.58211111111112,55.031222222222226
8,2025-09-27,working,38,64.1322891566265,53.92325301204819
8,2025-09-27,working,39,66.56211111111111,58.81133333333333
8,2025-09-27,working,40,69.23988888888888,58.91955555555556
8,2025-09-27,working,41,70.99322222222223,60.05755555555556
8,2025-09-27,working,42,66.81911111111111,52.56022222222222
8,2025-09-27,working,43,67.31833333333333,57.288111111111114
8,2025-09-27,working,44,71.93033333333332,61.882
8,2025-09-27,working,45,71.16166666666666,62.474222222222224
8,2025-09-27,working,46,70.67877777777778,63.32322222222222
8,2025-09-27,working,47,73.13377777777778,63.727333333333334
8,2025-09-27,working,48,68.91089887640449,58.7152808988764
8,2025-09-27,working,49,70.74033333333334,61.10922222222222
8,2025-09-27,working,50,68.49055555555555,58.239111111111114
8,2025-09-27,working,51,67.80577777777778,58.88755555555556
8,2025-09-27,working,52,72.1938202247191,61.2547191011236
8,2025-09-27,working,53,71.3918888888889,60.53
8,2025-09-27,working,54,72.61433333333333,64.04433333333333
8,2025-09-27,working,55,72.83785714285715,63.968690476190474
8,2025-09-27,working,56,72.92211111111111,63.116888888888894
8,2025-09-27,working,57,73.14455696202532,61.31873417721519
8,2025-09-27,working,58,70.78814285714286,60.963
8,2025-09-27,working,59,75.41057971014493,66.41434782608695
8,2025-09-27,working,60,75.55799999999999,67.93888888888888
8,2025-09-27,working,61,73.47068181818182,66.67545454545454
8,2025-09-27,working,62,74.5454716981132,64.34132075471699
8,2025-09-27,working,63,71.4206976744186,63.92883720930233
8,2025-09-27,working,64,60.09516129032258,51.407419354838716
8,2025-09-27,working,65,58.88,50.04909090909091
8,2025-09-27,working,66,63.63763157894737,37.60578947368421
8,2025-09-27,working,67,57.54077777777778,32.93077777777778
8,2025-09-27,working,68,47.80666666666667,22.157777777777778
8,2025-09-27,working,69,45.98633333333334,8.444
8,2025-09-27,working,70,34.096444444444444,2.9034444444444443
8,2025-09-27,working,71,34.29855555555555,0.26844444444444443
8,2025-09-27,working,72,30.051555555555556,0.0
8,2025-09-27,working,73,31.215666666666664,0.0
8,2025-09-27,working,74,30.176555555555556,0.0
8,2025-09-27,working,75,30.91577777777778,0.0
8,2025-09-27,working,76,29.775444444444442,0.0
8,2025-09-27,working,77,29.885555555555552,0.0
8,2025-09-27,working,78,29.94177777777778,0.0
8,2025-09-27,working,79,28.69344444444444,0.0
8,2025-09-27,working,80,29.78211111111111,0.0
8,2025-09-27,working,81,29.06677777777778,0.0
8,2025-09-27,working,82,29.201046511627908,0.0
8,2025-09-27,working,83,29.217159090909092,0.0
8,2025-09-27,working,84,28.943164556962028,0.0
8,2025-09-27,working,85,28.846629213483144,0.0
8,2025-09-27,working,86,28.12808988764045,0.0
8,2025-09-27,working,87,28.71701298701299,0.0
8,2025-09-27,working,88,28.546363636363637,0.0
8,2025-09-27,working,89,28.401000000000003,0.0
8,2025-09-27,working,90,28.072808988764045,0.0
8,2025-09-27,working,91,26.86138888888889,0.0
8,2025-09-27,working,92,27.210222222222225,0.0
8,2025-09-27,working,93,28.908764044943823,0.0
8,2025-09-27,working,94,26.470526315789474,0.0
8,2025-09-27,working,95,26.80310344827586,0.0
9,2025-09-28,weekend,0,1.269240506329114,0.0
9,2025-09-28,weekend,1,26.520444444444447,0.0
9,2025-09-28,weekend,2,26.47411111111111,0.0
9,2025-09-28,weekend,3,26.739888888888892,0.0
9,2025-09-28,weekend,4,27.765555555555558,0.0
9,2025-09-28,weekend,5,26.209666666666667,0.0
9,2025-09-28,weekend,6,26.366666666666667,0.0
9,2025-09-28,weekend,7,27.10288888888889,0.0
9,2025-09-28,weekend,8,26.93188888888889,0.0
9,2025-09-28,weekend,9,27.499666666666663,0.0
9,2025-09-28,weekend,10,26.963777777777775,0.0
9,2025-09-28,weekend,11,27.508111111111113,0.0
9,2025-09-28,weekend,12,27.636444444444447,0.0
9,2025-09-28,weekend,13,27.70741573033708,0.0
9,2025-09-28,weekend,14,27.611555555555555,0.0
9,2025-09-28,weekend,15,27.07411111111111,0.0
9,2025-09-28,weekend,16,27.664606741573035,0.0
9,2025-09-28,weekend,17,27.71284090909091,0.0
9,2025-09-28,weekend,18,27.328888888888887,0.0
9,2025-09-28,weekend,19,27.372888888888887,0.0
9,2025-09-28,weekend,20,26.461444444444446,0.0
9,2025-09-28,weekend,21,26.163483146067417,0.0
9,2025-09-28,weekend,22,25.65111111111111,0.053111111111111116
9,2025-09-28,weekend,23,22.62811111111111,2.0154444444444444
9,2025-09-28,weekend,24,24.040454545454544,4.015340909090909
9,2025-09-28,weekend,25,22.934,10.605
9,2025-09-28,weekend,26,22.955,16.67222222222222
9,2025-09-28,weekend,27,23.74411111111111,20.486333333333334
9,2025-09-28,weekend,28,22.57435294117647,19.460117647058826
9,2025-09-28,weekend,29,23.406,20.512555555555554
9,2025-09-28,weekend,30,22.363666666666667,19.541999999999998
9,2025-09-28,weekend,31,24.535222222222224,20.085333333333335
9,2025-09-28,weekend,32,23.750222222222224,18.860777777777777
9,2025-09-28,weekend,33,23.631666666666664,19.815555555555555
9,2025-09-28,weekend,34,24.156555555555556,20.752222222222223
9,2025-09-28,weekend,35,25.579,22.97988888888889
9,2025-09-28,weekend,36,28.55322222222222,23.228666666666665
9,2025-09-28,weekend,37,34.623222222222225,28.775444444444442
9,2025-09-28,weekend,38,40.21,36.397888888888886
9,2025-09-28,weekend,39,42.43066666666667,38.18811111111111
9,2025-09-28,weekend,40,41.309222222222225,37.63733333333334
9,2025-09-28,weekend,41,42.24733333333334,38.059555555555555
9,2025-09-28,weekend,42,43.00622222222222,39.102333333333334
9,2025-09-28,weekend,43,42.86644444444445,37.88711111111111
9,2025-09-28,weekend,44,43.00322222222222,37.07555555555556
9,2025-09-28,weekend,45,39.80777777777777,34.59877777777778
9,2025-09-28,weekend,46,40.888988764044946,36.01786516853933
9,2025-09-28,weekend,47,32.59122222222222,27.28511111111111
9,2025-09-28,weekend,48,30.058333333333334,26.924888888888887
9,2025-09-28,weekend,49,30.41943820224719,27.262808988764043
9,2025-09-28,weekend,50,30.628888888888888,27.48811111111111
9,2025-09-28,weekend,51,29.231555555555556,26.500222222222224
9,2025-09-28,weekend,52,29.83784090909091,27.441931818181818
9,2025-09-28,weekend,53,27.756888888888888,25.383
9,2025-09-28,weekend,54,29.247555555555557,26.18988888888889
9,2025-09-28,weekend,55,30.266444444444446,27.07988888888889
9,2025-09-28,weekend,56,28.304827586206898,25.581494252873565
9,2025-09-28,weekend,57,29.239,25.14377777777778
9,2025-09-28,weekend,58,26.435000000000002,23.929333333333332
9,2025-09-28,weekend,59,28.265333333333334,23.85188888888889
9,2025-09-28,weekend,60,27.155617977528088,22.34629213483146
9,2025-09-28,weekend,61,26.297777777777778,23.357777777777777
9,2025-09-28,weekend,62,27.56611111111111,24.09911111111111
9,2025-09-28,weekend,63,27.235454545454544,24.198295454545452
9,2025-09-28,weekend,64,27.403555555555556,23.872
9,2025-09-28,weekend,65,25.898000000000003,21.849888888888888
9,2025-09-28,weekend,66,22.760111111111108,17.705222222222222
9,2025-09-28,weekend,67,24.623522727272725,9.720568181818182
9,2025-09-28,weekend,68,25.65,0.8821111111111111
9,2025-09-28,weekend,69,26.656444444444443,0.25366666666666665
9,2025-09-28,weekend,70,27.98112359550562,0.07146067415730338
9,2025-09-28,weekend,71,28.27877777777778,0.0
9,2025-09-28,weekend,72,27.962555555555557,0.0
9,2025-09-28,weekend,73,29.447666666666667,0.0
9,2025-09-28,weekend,74,29.419886363636362,0.0
9,2025-09-28,weekend,75,37.77022222222222,0.0
9,2025-09-28,weekend,76,40.16555555555556,0.0
9,2025-09-28,weekend,77,42.391555555555556,0.0
9,2025-09-28,weekend,78,41.37741573033708,0.0
9,2025-09-28,weekend,79,41.825,0.0
9,2025-09-28,weekend,80,42.92911111111111,0.0
9,2025-09-28,weekend,81,40.56402298850575,0.0
9,2025-09-28,weekend,82,41.13633333333333,0.0
9,2025-09-28,weekend,83,38.08255555555555,0.0
9,2025-09-28,weekend,84,34.97855555555556,0.0
9,2025-09-28,weekend,85,26.562840909090912,0.0
9,2025-09-28,weekend,86,25.885111111111108,0.0
9,2025-09-28,weekend,87,24.531555555555556,0.0
9,2025-09-28,weekend,88,26.14305882352941,0.0
9,2025-09-28,weekend,89,26.073666666666668,0.0
9,2025-09-28,weekend,90,25.50111111111111,0.0
9,2025-09-28,weekend,91,25.589213483146068,0.0
9,2025-09-28,weekend,92,25.1076404494382,0.0
9,2025-09-28,weekend,93,24.58233333333333,0.0
9,2025-09-28,weekend,94,25.005777777777777,0.0
9,2025-09-28,weekend,95,25.305777777777777,0.0
10,2025-09-29,working,0,24.613,0.0
10,2025-09-29,working,1,24.107777777777777,0.0
10,2025-09-29,working,2,24.666444444444444,0.0
10,2025-09-29,working,3,24.643333333333334,0.0
10,2025-09-29,working,4,24.896555555555555,0.0
10,2025-09-29,working,5,24.69588888888889,0.0
10,2025-09-29,working,6,24.93511111111111,0.0
10,2025-09-29,working,7,24.10588888888889,0.0
10,2025-09-29,working,8,24.736888888888892,0.0
10,2025-09-29,working,9,25.873777777777775,0.0
10,2025-09-29,working,10,25.143333333333334,0.0
10,2025-09-29,working,11,25.142222222222223,0.0
10,2025-09-29,working,12,24.473333333333333,0.0
10,2025-09-29,working,13,25.12633333333333,0.0
10,2025-09-29,working,14,25.384333333333334,0.0
10,2025-09-29,working,15,25.101777777777777,0.0
10,2025-09-29,working,16,24.33288888888889,0.0
10,2025-09-29,working,17,24.910222222222224,0.0
10,2025-09-29,working,18,24.879555555555555,0.0
10,2025-09-29,working,19,25.086111111111112,0.0
10,2025-09-29,working,20,24.549333333333333,0.0
10,2025-09-29,working,21,24.016222222222222,0.0
10,2025-09-29,working,22,24.91933333333333,0.0
10,2025-09-29,working,23,24.683555555555554,0.0
10,2025-09-29,working,24,23.78777777777778,0.05811111111111111
10,2025-09-29,working,25,21.59122222222222,0.72
10,2025-09-29,working,26,22.280666666666665,0.541888888888889
10,2025-09-29,working,27,22.20777777777778,3.7266666666666666
10,2025-09-29,working,28,22.197888888888887,8.074444444444445
10,2025-09-29,working,29,21.983444444444444,13.083444444444444
10,2025-09-29,working,30,35.285000000000004,15.982888888888889
10,2025-09-29,working,31,39.879999999999995,11.4
10,2025-09-29,working,32,43.967222222222226,26.75466666666667
10,2025-09-29,working,33,70.04477777777778,5.0008888888888885
10,2025-09-29,working,34,77.59466666666667,11.225444444444443
10,2025-09-29,working,35,71.7791111111111,22.608
10,2025-09-29,working,36,72.81455555555556,21.48688888888889
10,2025-09-29,working,37,74.52544444444445,44.78066666666667
10,2025-09-29,working,38,71.93688888888889,64.01022222222223
10,2025-09-29,working,39,70.49466666666667,58.36377777777778
10,2025-09-29,working,40,70.78213483146067,58.41921348314607
10,2025-09-29,working,41,71.43822222222222,62.65466666666667
10,2025-09-29,working,42,81.75459770114942,78.65241379310345
10,2025-09-29,working,43,82.06180722891567,61.28289156626506
10,2025-09-29,working,44,76.9923595505618,71.36404494382022
10,2025-09-29,working,45,76.94466666666668,41.72533333333334
10,2025-09-29,working,46,66.88551282051282,14.38371794871795
10,2025-09-29,working,47,73.54563218390805,23.422873563218392
10,2025-09-29,working,48,66.82101123595505,29.164269662921345
10,2025-09-29,working,49,70.18567901234567,50.74901234567901
10,2025-09-29,working,50,68.30082352941176,66.20764705882353
10,2025-09-29,working,51,72.57722222222222,62.59966666666667
10,2025-09-29,working,52,73.69539325842698,67.8367415730337
10,2025-09-29,working,53,82.22118421052632,76.31644736842105
10,2025-09-29,working,54,75.36288888888889,69.663
10,2025-09-29,working,55,76.17876404494382,67.30707865168539
10,2025-09-29,working,56,71.46053333333333,65.31666666666666
10,2025-09-29,working,57,79.18388888888889,70.78711111111112
10,2025-09-29,working,58,48.382666666666665,41.62577777777778
10,2025-09-29,working,59,47.3859756097561,42.520487804878044
10,2025-09-29,working,60,44.6305,35.7305
10,2025-09-29,working,61,46.413777777777774,40.32833333333333
10,2025-09-29,working,62,43.83,40.539
10,2025-09-29,working,63,51.70324324324324,43.76391891891892
10,2025-09-29,working,64,54.98752808988765,44.28325842696629
10,2025-09-29,working,65,51.117444444444445,45.541555555555554
10,2025-09-29,working,66,50.79987179487179,45.613461538461536
10,2025-09-29,working,67,42.87511111111111,30.287666666666667
10,2025-09-29,working,68,38.253370786516854,16.65056179775281
10,2025-09-29,working,69,38.93666666666667,6.343777777777778
10,2025-09-29,working,70,48.32266666666666,0.6739999999999999
10,2025-09-29,working,71,52.538444444444444,0.0
10,2025-09-29,working,72,52.96045454545455,0.0
10,2025-09-29,working,73,51.55181818181818,0.0
10,2025-09-29,working,74,51.35577777777778,0.0
10,2025-09-29,working,75,34.13455555555556,0.0
10,2025-09-29,working,76,24.854880952380952,0.0
10,2025-09-29,working,77,24.278395061728393,0.0
10,2025-09-29,working,78,24.846,0.0
10,2025-09-29,working,79,25.253888888888888,0.0
10,2025-09-29,working,80,24.712763157894738,0.0
10,2025-09-29,working,81,23.513777777777776,0.0
10,2025-09-29,working,82,24.458314606741574,0.0
10,2025-09-29,working,83,24.356250000000003,0.0
10,2025-09-29,working,84,25.219310344827587,0.0
10,2025-09-29,working,85,25.229777777777777,0.0
10,2025-09-29,working,86,24.62781609195402,0.0
10,2025-09-29,working,87,25.224810126582277,0.0
10,2025-09-29,working,88,24.758988764044947,0.0
10,2025-09-29,working,89,24.88422222222222,0.0
10,2025-09-29,working,90,25.564935064935064,0.0
10,2025-09-29,working,91,25.179555555555552,0.0
10,2025-09-29,working,92,25.55707865168539,0.0
10,2025-09-29,working,93,25.690506329113923,0.0
10,2025-09-29,working,94,24.386111111111113,0.0
10,2025-09-29,working,95,25.97921348314607,0.0
11,2025-09-30,working,0,25.235625,0.0
11,2025-09-30,working,1,26.124777777777776,0.0
11,2025-09-30,working,2,24.96166666666667,0.0
11,2025-09-30,working,3,25.45433333333333,0.0
11,2025-09-30,working,4,25.290843373493974,0.0
11,2025-09-30,working,5,24.935909090909092,0.0
11,2025-09-30,working,6,25.552,0.0
11,2025-09-30,working,7,24.980777777777778,0.0
11,2025-09-30,working,8,26.04583333333333,0.0
11,2025-09-30,working,9,24.81611111111111,0.0
11,2025-09-30,working,10,25.476999999999997,0.0
11,2025-09-30,working,11,25.570459770114944,0.0
11,2025-09-30,working,12,24.677738095238094,0.0
11,2025-09-30,working,13,25.84155555555555,0.0
11,2025-09-30,working,14,25.397333333333336,0.0
11,2025-09-30,working,15,24.842771084337347,0.0
11,2025-09-30,working,16,25.78808988764045,0.0
11,2025-09-30,working,17,24.839777777777776,0.0
11,2025-09-30,working,18,25.145357142857144,0.0
11,2025-09-30,working,19,25.193555555555555,0.0
11,2025-09-30,working,20,25.172808988764046,0.0
11,2025-09-30,working,21,24.56488888888889,0.0
11,2025-09-30,working,22,24.290843373493974,0.0
11,2025-09-30,working,23,22.902888888888892,0.7198888888888888
11,2025-09-30,working,24,19.75111111111111,7.437111111111111
11,2025-09-30,working,25,21.45341463414634,17.166829268292684
11,2025-09-30,working,26,21.255,18.355888888888888
11,2025-09-30,working,27,21.057000000000002,18.21911111111111
11,2025-09-30,working,28,20.597701149425287,17.90183908045977
11,2025-09-30,working,29,21.80727272727273,18.234772727272727
11,2025-09-30,working,30,46.11566666666666,39.77444444444444
11,2025-09-30,working,31,54.07822222222222,49.29833333333334
11,2025-09-30,working,32,107.42297619047619,92.21761904761904
11,2025-09-30,working,33,120.02144444444444,106.18177777777778
11,2025-09-30,working,34,91.129,83.058
11,2025-09-30,working,35,91.04703703703704,87.01444444444445
11,2025-09-30,working,36,92.63784090909091,86.0434090909091
11,2025-09-30,working,37,94.06622222222221,86.51022222222223
11,2025-09-30,working,38,95.46831460674157,89.88078651685393
11,2025-09-30,working,39,94.33809523809524,88.56392857142858
11,2025-09-30,working,40,95.72696629213483,89.35584269662921
11,2025-09-30,working,41,94.73855555555555,84.33544444444443
11,2025-09-30,working,42,92.01059523809525,86.39071428571428
11,2025-09-30,working,43,89.53033333333335,85.401
11,2025-09-30,working,44,89.67388888888888,85.77988888888889
11,2025-09-30,working,45,98.31280487804878,87.66048780487804
11,2025-09-30,working,46,90.78533333333334,80.786
11,2025-09-30,working,47,70.2718888888889,64.82122222222222
11,2025-09-30,working,48,79.76244444444444,71.37455555555556
11,2025-09-30,working,49,90.39933333333333,81.52844444444445
11,2025-09-30,working,50,78.30333333333334,70.63655555555556
11,2025-09-30,working,51,86.106,76.662
11,2025-09-30,working,52,78.32666666666667,73.0581111111111
11,2025-09-30,working,53,97.08444444444444,83.25055555555556
11,2025-09-30,working,54,96.46322222222223,77.2401111111111
11,2025-09-30,working,55,94.44699999999999,75.76877777777777
11,2025-09-30,working,56,94.72333333333334,74.17344444444444
11,2025-09-30,working,57,101.62066666666668,77.23711111111112
11,2025-09-30,working,58,95.65477777777778,76.62177777777778
11,2025-09-30,working,59,95.39866666666666,79.024
11,2025-09-30,working,60,96.98744444444445,70.08
11,2025-09-30,working,61,95.711,77.97288888888889
11,2025-09-30,working,62,94.98867469879518,72.69614457831325
11,2025-09-30,working,63,95.29922222222223,73.5291111111111
11,2025-09-30,working,64,94.13499999999999,68.30255555555556
11,2025-09-30,working,65,91.52151162790697,66.06244186046511
11,2025-09-30,working,66,70.92449438202247,54.02943820224719
11,2025-09-30,working,67,65.56811111111111,42.773555555555554
11,2025-09-30,working,68,65.55922222222222,25.66933333333333
11,2025-09-30,working,69,64.49844444444444,9.722444444444445
11,2025-09-30,working,70,58.546888888888894,1.8353333333333335
11,2025-09-30,working,71,29.47988888888889,0.012222222222222223
11,2025-09-30,working,72,29.612134831460676,0.0
11,2025-09-30,working,73,40.273555555555554,0.0
11,2025-09-30,working,74,39.138777777777776,0.0
11,2025-09-30,working,75,38.968222222222224,0.0
11,2025-09-30,working,76,28.197888888888887,0.0
11,2025-09-30,working,77,25.676333333333332,0.0
11,2025-09-30,working,78,26.27011111111111,0.0
11,2025-09-30,working,79,25.723444444444446,0.0
11,2025-09-30,working,80,24.385555555555552,0.0
11,2025-09-30,working,81,23.998555555555555,0.0
11,2025-09-30,working,82,23.31844444444444,0.0
11,2025-09-30,working,83,24.817666666666668,0.0
11,2025-09-30,working,84,25.60511111111111,0.0
11,2025-09-30,working,85,24.514666666666667,0.0
11,2025-09-30,working,86,24.599555555555558,0.0
11,2025-09-30,working,87,24.691222222222223,0.0
11,2025-09-30,working,88,23.808777777777777,0.0
11,2025-09-30,working,89,24.621222222222222,0.0
11,2025-09-30,working,90,23.79566666666667,0.0
11,2025-09-30,working,91,23.192000000000004,0.0
11,2025-09-30,working,92,23.75921348314607,0.0
11,2025-09-30,working,93,22.022333333333332,0.0
11,2025-09-30,working,94,23.520555555555553,0.0
11,2025-09-30,working,95,23.59322222222222,0.0
12,2025-10-01,working,0,23.37375,0.0
12,2025-10-01,working,1,23.684111111111115,0.0
12,2025-10-01,working,2,23.533555555555555,0.0
12,2025-10-01,working,3,23.484333333333336,0.0
12,2025-10-01,working,4,22.975444444444445,0.0
12,2025-10-01,working,5,23.634444444444444,0.0
12,2025-10-01,working,6,22.599,0.0
12,2025-10-01,working,7,23.141333333333332,0.0
12,2025-10-01,working,8,22.147555555555556,0.0
12,2025-10-01,working,9,23.681444444444445,0.0
12,2025-10-01,working,10,22.167555555555555,0.0
12,2025-10-01,working,11,22.894666666666666,0.0
12,2025-10-01,working,12,22.58246913580247,0.0
12,2025-10-01,working,13,23.268666666666665,0.0
12,2025-10-01,working,14,22.749333333333333,0.0
12,2025-10-01,working,15,22.933255813953487,0.0
12,2025-10-01,working,16,22.771627906976743,0.0
12,2025-10-01,working,17,23.901666666666667,0.0
12,2025-10-01,working,18,24.415888888888887,0.0
12,2025-10-01,working,19,23.48435294117647,0.0
12,2025-10-01,working,20,23.26222222222222,0.0
12,2025-10-01,working,21,23.16,0.0
12,2025-10-01,working,22,24.724712643678163,0.28781609195402297
12,2025-10-01,working,23,22.16494252873563,4.080689655172414
12,2025-10-01,working,24,19.27887640449438,14.058876404494383
12,2025-10-01,working,25,19.271444444444445,16.983666666666668
12,2025-10-01,working,26,19.96525,16.216
12,2025-10-01,working,27,18.89688888888889,16.185444444444446
12,2025-10-01,working,28,18.855666666666668,16.48322222222222
12,2025-10-01,working,29,20.35096385542169,17.147710843373495
12,2025-10-01,working,30,62.34044444444445,53.247888888888895
12,2025-10-01,working,31,76.514,65.48555555555555
12,2025-10-01,working,32,69.95036144578313,53.23807228915663
12,2025-10-01,working,33,67.98709302325582,47.10779069767442
12,2025-10-01,working,34,74.09744444444445,50.212333333333326
12,2025-10-01,working,35,62.53322222222222,49.45399999999999
12,2025-10-01,working,36,64.05011904761905,57.99535714285714
12,2025-10-01,working,37,87.49266666666666,70.28877777777778
12,2025-10-01,working,38,122.67488888888889,106.48222222222222
12,2025-10-01,working,39,114.99137931034483,106.91114942528736
12,2025-10-01,working,40,105.26035294117646,88.85282352941176
12,2025-10-01,working,41,109.97188888888888,90.467
12,2025-10-01,working,42,108.04422222222222,91.25622222222222
12,2025-10-01,working,43,110.3121686746988,107.69409638554218
12,2025-10-01,working,44,108.51033333333334,102.27444444444446
12,2025-10-01,working,45,103.82266666666668,99.114
12,2025-10-01,working,46,107.78738095238094,97.2492857142857
12,2025-10-01,working,47,81.73255555555556,76.59066666666666
12,2025-10-01,working,48,72.46977777777778,68.41044444444444
12,2025-10-01,working,49,66.97111111111111,63.278444444444446
12,2025-10-01,working,50,67.8775,63.353809523809524
12,2025-10-01,working,51,69.21288888888888,65.99988888888889
12,2025-10-01,working,52,83.14067415730337,76.4232584269663
12,2025-10-01,working,53,110.17168674698796,97.93180722891566
12,2025-10-01,working,54,111.44933333333334,90.79644444444445
12,2025-10-01,working,55,117.77488888888888,101.11933333333333
12,2025-10-01,working,56,102.39950617283951,87.57666666666667
12,2025-10-01,working,57,100.2431111111111,83.56066666666666
12,2025-10-01,working,58,94.2068888888889,74.10144444444444
12,2025-10-01,working,59,108.149,89.55566666666667
12,2025-10-01,working,60,110.22505747126436,94.6719540229885
12,2025-10-01,working,61,104.32922222222221,87.07722222222222
12,2025-10-01,working,62,100.53933333333335,80.16866666666667
12,2025-10-01,working,63,104.93380952380953,82.19416666666667
12,2025-10-01,working,64,96.23,64.94933333333333
12,2025-10-01,working,65,89.11588888888889,65.58688888888888
12,2025-10-01,working,66,83.43058823529412,50.55129411764705
12,2025-10-01,working,67,72.58500000000001,43.349767441860465
12,2025-10-01,working,68,46.516,23.19044444444444
12,2025-10-01,working,69,20.49588888888889,9.635
12,2025-10-01,working,70,21.75542168674699,2.6689156626506025
12,2025-10-01,working,71,25.36011111111111,0.12111111111111111
12,2025-10-01,working,72,25.437752808988765,0.0
12,2025-10-01,working,73,24.011975308641976,0.0
12,2025-10-01,working,74,24.428333333333335,0.0
12,2025-10-01,working,75,26.341111111111108,0.0
12,2025-10-01,working,76,24.45264367816092,0.0
12,2025-10-01,working,77,23.83309523809524,0.0
12,2025-10-01,working,78,24.528,0.0
12,2025-10-01,working,79,25.31522222222222,0.0
12,2025-10-01,working,80,23.615444444444442,0.0
12,2025-10-01,working,81,23.901666666666667,0.0
12,2025-10-01,working,82,24.434333333333335,0.0
12,2025-10-01,working,83,24.547888888888888,0.0
12,2025-10-01,working,84,23.293444444444443,0.0
12,2025-10-01,working,85,24.490666666666666,0.0
12,2025-10-01,working,86,24.77255555555556,0.0
12,2025-10-01,working,87,24.640333333333334,0.0
12,2025-10-01,working,88,23.474666666666664,0.0
12,2025-10-01,working,89,24.501,0.0
12,2025-10-01,working,90,24.239333333333335,0.0
12,2025-10-01,working,91,23.259111111111114,0.0
12,2025-10-01,working,92,24.279777777777777,0.0
12,2025-10-01,working,93,23.911444444444445,0.0
12,2025-10-01,working,94,24.58288888888889,0.0
12,2025-10-01,working,95,23.047777777777778,0.0
13,2025-10-02,working,0,23.092625,0.0
13,2025-10-02,working,1,23.906888888888886,0.0
13,2025-10-02,working,2,23.321555555555555,0.0
13,2025-10-02,working,3,24.04133333333333,0.0
13,2025-10-02,working,4,22.906333333333336,0.0
13,2025-10-02,working,5,23.46955555555556,0.0
13,2025-10-02,working,6,23.290444444444443,0.0
13,2025-10-02,working,7,24.30077777777778,0.0
13,2025-10-02,working,8,23.69288888888889,0.0
13,2025-10-02,working,9,23.008555555555557,0.0
13,2025-10-02,working,10,23.24211111111111,0.0
13,2025-10-02,working,11,24.40577777777778,0.0
13,2025-10-02,working,12,23.410999999999998,0.0
13,2025-10-02,working,13,22.728777777777776,0.0
13,2025-10-02,working,14,23.490666666666666,0.0
13,2025-10-02,working,15,23.759777777777778,0.0
13,2025-10-02,working,16,23.075,0.0
13,2025-10-02,working,17,23.31611111111111,0.0
13,2025-10-02,working,18,23.234444444444442,0.0
13,2025-10-02,working,19,23.060777777777776,0.0
13,2025-10-02,working,20,22.946333333333335,0.0
13,2025-10-02,working,21,23.601777777777777,0.0
13,2025-10-02,working,22,20.69811111111111,0.5343333333333333
13,2025-10-02,working,23,18.302444444444443,7.318
13,2025-10-02,working,24,19.70488888888889,16.552111111111113
13,2025-10-02,working,25,19.864333333333335,15.54877777777778
13,2025-10-02,working,26,18.922888888888888,16.827222222222222
13,2025-10-02,working,27,19.87622222222222,16.089444444444442
13,2025-10-02,working,28,20.722,16.40411111111111
13,2025-10-02,working,29,23.11411111111111,19.641555555555556
13,2025-10-02,working,30,34.35322222222222,30.281444444444443
13,2025-10-02,working,31,40.471222222222224,36.56444444444445
13,2025-10-02,working,32,43.504222222222225,38.05122222222222
13,2025-10-02,working,33,82.2901111111111,73.63533333333334
13,2025-10-02,working,34,71.86633333333333,61.72822222222222
13,2025-10-02,working,35,89.65455555555556,71.32600000000001
13,2025-10-02,working,36,101.34833333333334,87.96
13,2025-10-02,working,37,102.17877777777778,84.92866666666667
13,2025-10-02,working,38,101.19766666666668,81.48166666666667
13,2025-10-02,working,39,99.12055555555555,84.77488888888888
13,2025-10-02,working,40,96.6941111111111,83.85344444444445
13,2025-10-02,working,41,92.31588888888889,78.02022222222222
13,2025-10-02,working,42,92.84355555555555,78.40533333333335
13,2025-10-02,working,43,96.07122222222222,76.27455555555555
13,2025-10-02,working,44,93.76455555555555,81.942
13,2025-10-02,working,45,95.95033333333335,81.06788888888889
13,2025-10-02,working,46,93.60888888888888,80.54177777777778
13,2025-10-02,working,47,86.67711111111112,78.13988888888889
13,2025-10-02,working,48,87.73088888888888,82.935
13,2025-10-02,working,49,77.14522222222222,72.92433333333332
13,2025-10-02,working,50,76.69711111111111,73.38755555555555
13,2025-10-02,working,51,95.35044444444445,87.8741111111111
13,2025-10-02,working,52,103.601,84.98
13,2025-10-02,working,53,99.87088888888889,78.23588888888888
13,2025-10-02,working,54,104.68511111111111,88.804
13,2025-10-02,working,55,112.292,96.03677777777777
13,2025-10-02,working,56,108.89066666666666,93.63933333333334
13,2025-10-02,working,57,108.18544444444446,93.76788888888889
13,2025-10-02,working,58,104.80211111111112,87.50111111111111
13,2025-10-02,working,59,105.65277777777777,81.49322222222223
13,2025-10-02,working,60,113.13333333333334,96.36966666666667
13,2025-10-02,working,61,118.25955555555556,113.11333333333334
13,2025-10-02,working,62,126.5055294117647,115.50447058823528
13,2025-10-02,working,63,134.45,117.74928571428572
13,2025-10-02,working,64,134.45,117.705
13,2025-10-02,working,65,116.06364864864864,94.95108108108109
13,2025-10-02,working,66,92.36633333333333,74.97077777777778
13,2025-10-02,working,67,80.24711111111111,64.39411111111112
13,2025-10-02,working,68,54.48988888888889,34.45044444444444
13,2025-10-02,working,69,23.454222222222224,14.689777777777778
13,2025-10-02,working,70,22.59888888888889,4.250222222222222
13,2025-10-02,working,71,24.614444444444448,0.24511111111111109
13,2025-10-02,working,72,26.94288888888889,0.0
13,2025-10-02,working,73,24.965555555555557,0.0
13,2025-10-02,working,74,26.458333333333332,0.0
13,2025-10-02,working,75,25.35088888888889,0.0
13,2025-10-02,working,76,25.40566666666667,0.0
13,2025-10-02,working,77,24.46688888888889,0.0
13,2025-10-02,working,78,24.761,0.0
13,2025-10-02,working,79,25.443888888888885,0.0
13,2025-10-02,working,80,23.972111111111108,0.0
13,2025-10-02,working,81,24.32277777777778,0.0
13,2025-10-02,working,82,24.792444444444445,0.0
13,2025-10-02,working,83,23.958111111111112,0.0
13,2025-10-02,working,84,23.96366666666667,0.0
13,2025-10-02,working,85,25.434333333333335,0.0
13,2025-10-02,working,86,23.91633333333333,0.0
13,2025-10-02,working,87,25.116666666666667,0.0
13,2025-10-02,working,88,24.732444444444447,0.0
13,2025-10-02,working,89,24.177555555555557,0.0
13,2025-10-02,working,90,25.084111111111113,0.0
13,2025-10-02,working,91,24.202444444444442,0.0
13,2025-10-02,working,92,24.572666666666667,0.0
13,2025-10-02,working,93,23.18588888888889,0.0
13,2025-10-02,working,94,24.432999999999996,0.0
13,2025-10-02,working,95,24.17522222222222,0.0
14,2025-10-03,working,0,23.54925925925926,0.0
14,2025-10-03,working,1,24.456444444444443,0.0
14,2025-10-03,working,2,24.53911111111111,0.0
14,2025-10-03,working,3,23.869555555555557,0.0
14,2025-10-03,working,4,25.00733333333333,0.0
14,2025-10-03,working,5,24.099444444444444,0.0
14,2025-10-03,working,6,23.98188888888889,0.0
14,2025-10-03,working,7,23.236666666666668,0.0
14,2025-10-03,working,8,23.598555555555553,0.0
14,2025-10-03,working,9,24.51122222222222,0.0
14,2025-10-03,working,10,24.481555555555556,0.0
14,2025-10-03,working,11,23.488444444444443,0.0
14,2025-10-03,working,12,24.121111111111112,0.0
14,2025-10-03,working,13,24.208111111111112,0.0
14,2025-10-03,working,14,23.671111111111113,0.0
14,2025-10-03,working,15,23.743444444444442,0.0
14,2025-10-03,working,16,24.278888888888886,0.0
14,2025-10-03,working,17,23.49266666666667,0.0
14,2025-10-03,working,18,23.126222222222225,0.0
14,2025-10-03,working,19,23.233764705882354,0.0
14,2025-10-03,working,20,22.093555555555557,0.0
14,2025-10-03,working,21,23.212,0.0
14,2025-10-03,working,22,21.675666666666665,0.31455555555555553
14,2025-10-03,working,23,19.15206896551724,5.622528735632184
14,2025-10-03,working,24,19.02311111111111,14.01288888888889
14,2025-10-03,working,25,20.187666666666665,18.189444444444444
14,2025-10-03,working,26,20.28609195402299,16.061609195402298
14,2025-10-03,working,27,20.810555555555556,17.863555555555557
14,2025-10-03,working,28,20.09088888888889,18.19888888888889
14,2025-10-03,working,29,21.86711111111111,18.12911111111111
14,2025-10-03,working,30,61.10084337349397,52.53602409638554
14,2025-10-03,working,31,75.01533333333333,69.43011111111112
14,2025-10-03,working,32,64.565,57.22311111111111
14,2025-10-03,working,33,66.67090909090909,60.372499999999995
14,2025-10-03,working,34,103.20784090909092,92.48534090909091
14,2025-10-03,working,35,114.53222222222222,106.80444444444444
14,2025-10-03,working,36,109.82033707865169,101.47752808988764
14,2025-10-03,working,37,119.37272727272726,111.9718181818182
14,2025-10-03,working,38,112.42366666666666,101.08888888888889
14,2025-10-03,working,39,139.51677777777778,127.45622222222222
14,2025-10-03,working,40,154.39011764705882,147.476
14,2025-10-03,working,41,170.53370786516854,153.99022471910112
14,2025-10-03,working,42,161.7412222222222,148.98533333333333
14,2025-10-03,working,43,159.33877777777778,145.01322222222223
14,2025-10-03,working,44,156.32629213483148,138.0038202247191
14,2025-10-03,working,45,158.66444444444443,143.91155555555557
14,2025-10-03,working,46,100.73333333333333,90.19377777777777
14,2025-10-03,working,47,86.22577777777778,80.86711111111111
14,2025-10-03,working,48,84.58466666666666,79.80866666666667
14,2025-10-03,working,49,84.33822222222221,80.13955555555556
14,2025-10-03,working,50,83.15422222222222,77.79144444444444
14,2025-10-03,working,51,85.30988888888889,81.26133333333334
14,2025-10-03,working,52,83.64422222222221,77.07944444444443
14,2025-10-03,working,53,110.12655555555556,100.62877777777778
14,2025-10-03,working,54,134.09155555555554,121.59755555555556
14,2025-10-03,working,55,127.26188888888889,104.16177777777777
14,2025-10-03,working,56,124.17177777777776,104.29911111111112
14,2025-10-03,working,57,126.33333333333333,107.71544444444444
14,2025-10-03,working,58,128.08044444444445,109.95822222222222
14,2025-10-03,working,59,133.06233333333333,110.26444444444444
14,2025-10-03,working,60,122.38566666666668,101.7461111111111
14,2025-10-03,working,61,124.29777777777777,103.17122222222223
14,2025-10-03,working,62,127.30622222222222,103.57277777777777
14,2025-10-03,working,63,125.7467777777778,102.51655555555556
14,2025-10-03,working,64,126.28355555555557,102.86233333333334
14,2025-10-03,working,65,124.3765789473684,95.75263157894737
14,2025-10-03,working,66,122.21,87.98333333333333
14,2025-10-03,working,67,122.21,85.05
14,2025-10-03,working,68,111.93935064935064,40.26610389610389
14,2025-10-03,working,69,106.58366666666667,17.770555555555553
14,2025-10-03,working,70,95.22833333333332,3.0142222222222226
14,2025-10-03,working,71,69.82022222222221,0.10555555555555556
14,2025-10-03,working,72,68.97577777777778,0.0
14,2025-10-03,working,73,67.86288888888889,0.0
14,2025-10-03,working,74,40.10944444444444,0.0
14,2025-10-03,working,75,27.715111111111113,0.0
14,2025-10-03,working,76,25.942000000000004,0.0
14,2025-10-03,working,77,24.67611111111111,0.0
14,2025-10-03,working,78,25.74277777777778,0.0
14,2025-10-03,working,79,25.012444444444444,0.0
14,2025-10-03,working,80,24.093777777777778,0.0
14,2025-10-03,working,81,24.785444444444444,0.0
14,2025-10-03,working,82,24.202111111111112,0.0
14,2025-10-03,working,83,24.65522222222222,0.0
14,2025-10-03,working,84,25.637444444444444,0.0
14,2025-10-03,working,85,24.708111111111112,0.0
14,2025-10-03,working,86,25.150666666666666,0.0
14,2025-10-03,working,87,25.793333333333333,0.0
14,2025-10-03,working,88,24.16011111111111,0.0
14,2025-10-03,working,89,25.32144444444444,0.0
14,2025-10-03,working,90,24.875,0.0
14,2025-10-03,working,91,24.195666666666668,0.0
14,2025-10-03,working,92,24.588777777777775,0.0
14,2025-10-03,working,93,25.138,0.0
14,2025-10-03,working,94,25.540666666666667,0.0
14,2025-10-03,working,95,24.779444444444444,0.0
15,2025-10-04,working,0,23.95925925925926,0.0
15,2025-10-04,working,1,25.903,0.0
15,2025-10-04,working,2,25.050555555555558,0.0
15,2025-10-04,working,3,24.491222222222223,0.0
15,2025-10-04,working,4,24.488888888888887,0.0
15,2025-10-04,working,5,24.52422222222222,0.0
15,2025-10-04,working,6,25.82611111111111,0.0
15,2025-10-04,working,7,24.828,0.0
15,2025-10-04,working,8,25.128666666666668,0.0
15,2025-10-04,working,9,24.959,0.0
15,2025-10-04,working,10,25.18888888888889,0.0
15,2025-10-04,working,11,25.091111111111108,0.0
15,2025-10-04,working,12,24.59133333333333,0.0
15,2025-10-04,working,13,25.06844444444444,0.0
15,2025-10-04,working,14,25.029777777777777,0.0
15,2025-10-04,working,15,24.361333333333334,0.0
15,2025-10-04,working,16,24.83866666666667,0.0
15,2025-10-04,working,17,25.05988888888889,0.0
15,2025-10-04,working,18,23.971333333333334,0.0
15,2025-10-04,working,19,25.543888888888887,0.0
15,2025-10-04,working,20,24.961000000000002,0.0
15,2025-10-04,working,21,23.937666666666665,0.0
15,2025-10-04,working,22,20.764,0.06022222222222222
15,2025-10-04,working,23,20.050333333333334,1.6804444444444446
15,2025-10-04,working,24,19.280555555555555,4.446777777777777
15,2025-10-04,working,25,19.59488888888889,9.248444444444445
15,2025-10-04,working,26,19.340666666666667,12.794666666666666
15,2025-10-04,working,27,19.439333333333334,17.490444444444446
15,2025-10-04,working,28,21.686222222222224,17.633777777777777
15,2025-10-04,working,29,19.899333333333335,17.29988888888889
15,2025-10-04,working,30,52.790000000000006,45.64255555555555
15,2025-10-04,working,31,66.69366666666667,57.73755555555556
15,2025-10-04,working,32,57.58500000000001,49.95113636363636
15,2025-10-04,working,33,63.02148648648649,56.86486486486486
15,2025-10-04,working,34,58.19588888888889,50.09488888888889
15,2025-10-04,working,35,64.44168539325842,59.55932584269662
15,2025-10-04,working,36,61.27619047619047,57.110476190476184
15,2025-10-04,working,37,65.99249999999999,62.3865
15,2025-10-04,working,38,63.15232558139535,58.597093023255816
15,2025-10-04,working,39,64.53977777777777,60.239111111111114
15,2025-10-04,working,40,66.84177215189874,53.608481012658224
15,2025-10-04,working,41,61.68244444444444,41.595666666666666
15,2025-10-04,working,42,65.70766666666667,45.07355555555556
15,2025-10-04,working,43,56.693,39.915625
15,2025-10-04,working,44,67.12915662650603,45.84602409638554
15,2025-10-04,working,45,66.807,48.031888888888886
15,2025-10-04,working,46,67.63415730337078,45.83033707865169
15,2025-10-04,working,47,54.58328947368421,47.40868421052632
15,2025-10-04,working,48,49.00204545454546,45.29931818181819
15,2025-10-04,working,49,49.92632183908046,44.4819540229885
15,2025-10-04,working,50,49.57386666666667,47.132533333333335
15,2025-10-04,working,51,50.54443181818181,47.69556818181818
15,2025-10-04,working,52,49.804494382022476,47.57674157303371
15,2025-10-04,working,53,63.991888888888894,57.208666666666666
15,2025-10-04,working,54,65.37346666666667,50.88493333333333
15,2025-10-04,working,55,63.913111111111114,47.650222222222226
15,2025-10-04,working,56,64.89640449438203,46.082921348314606
15,2025-10-04,working,57,64.47999999999999,44.261538461538464
15,2025-10-04,working,58,64.20415730337079,43.41438202247191
15,2025-10-04,working,59,65.09222222222222,47.63766666666667
15,2025-10-04,working,60,67.47416666666666,54.81535714285714
15,2025-10-04,working,61,63.95076923076923,46.915897435897435
15,2025-10-04,working,62,65.00711111111112,43.50577777777778
15,2025-10-04,working,63,60.176741573033716,47.05662921348315
15,2025-10-04,working,64,55.59067415730337,52.43595505617978
15,2025-10-04,working,65,66.02444444444444,54.70988888888889
15,2025-10-04,working,66,52.16555555555555,43.943888888888885
15,2025-10-04,working,67,46.529333333333334,36.281444444444446
15,2025-10-04,working,68,24.636777777777777,20.769777777777776
15,2025-10-04,working,69,19.395888888888887,16.458000000000002
15,2025-10-04,working,70,12.74688888888889,6.434444444444445
15,2025-10-04,working,71,21.845333333333333,0.7373333333333333
15,2025-10-04,working,72,28.501555555555555,0.0
15,2025-10-04,working,73,27.357999999999997,0.0
15,2025-10-04,working,74,27.285666666666668,0.0
15,2025-10-04,working,75,24.447222222222223,0.0
15,2025-10-04,working,76,25.646741573033708,0.0
15,2025-10-04,working,77,23.764814814814816,0.0
15,2025-10-04,working,78,24.74674698795181,0.0
15,2025-10-04,working,79,25.076777777777775,0.0
15,2025-10-04,working,80,23.445393258426964,0.0
15,2025-10-04,working,81,23.855844155844157,0.0
15,2025-10-04,working,82,23.551555555555556,0.0
15,2025-10-04,working,83,24.20977777777778,0.0
15,2025-10-04,working,84,24.019102564102564,0.0
15,2025-10-04,working,85,24.365747126436784,0.0
15,2025-10-04,working,86,24.483595505617977,0.0
15,2025-10-04,working,87,24.85244444444444,0.0
15,2025-10-04,working,88,24.09379746835443,0.0
15,2025-10-04,working,89,24.168,0.0
15,2025-10-04,working,90,24.837,0.0
15,2025-10-04,working,91,24.576315789473682,0.0
15,2025-10-04,working,92,23.584044943820224,0.0
15,2025-10-04,working,93,24.195777777777778,0.0
15,2025-10-04,working,94,25.08,0.0
15,2025-10-04,working,95,23.072962962962965,0.0
16,2025-10-05,weekend,0,23.9585,0.0
16,2025-10-05,weekend,1,25.355666666666668,0.0
16,2025-10-05,weekend,2,23.63988888888889,0.0
16,2025-10-05,weekend,3,24.608444444444448,0.0
16,2025-10-05,weekend,4,24.856666666666666,0.0
16,2025-10-05,weekend,5,24.159,0.0
16,2025-10-05,weekend,6,23.723777777777777,0.0
16,2025-10-05,weekend,7,23.367555555555555,0.0
16,2025-10-05,weekend,8,25.764444444444447,0.0
16,2025-10-05,weekend,9,24.523222222222223,0.0
16,2025-10-05,weekend,10,24.325666666666667,0.0
16,2025-10-05,weekend,11,24.34122222222222,0.0
16,2025-10-05,weekend,12,24.169222222222224,0.0
16,2025-10-05,weekend,13,24.281222222222222,0.0
16,2025-10-05,weekend,14,23.249,0.0
16,2025-10-05,weekend,15,24.662333333333336,0.0
16,2025-10-05,weekend,16,24.03611111111111,0.0
16,2025-10-05,weekend,17,24.108666666666668,0.0
16,2025-10-05,weekend,18,23.52911111111111,0.0
16,2025-10-05,weekend,19,25.15277777777778,0.0
16,2025-10-05,weekend,20,23.11733333333333,0.0
16,2025-10-05,weekend,21,24.48388888888889,0.0
16,2025-10-05,weekend,22,21.779666666666667,0.0026666666666666666
16,2025-10-05,weekend,23,19.267,3.0873333333333335
16,2025-10-05,weekend,24,18.53688888888889,13.094555555555555
16,2025-10-05,weekend,25,19.220444444444443,16.291777777777778
16,2025-10-05,weekend,26,24.735666666666667,21.96322222222222
16,2025-10-05,weekend,27,21.35688888888889,18.80611111111111
16,2025-10-05,weekend,28,19.60022222222222,16.61777777777778
16,2025-10-05,weekend,29,20.903111111111112,17.351666666666667
16,2025-10-05,weekend,30,19.309444444444445,17.805666666666667
16,2025-10-05,weekend,31,19.755777777777777,16.512
16,2025-10-05,weekend,32,20.94377777777778,18.244555555555557
16,2025-10-05,weekend,33,19.99377777777778,17.019666666666666
16,2025-10-05,weekend,34,20.74388888888889,18.864555555555555
16,2025-10-05,weekend,35,20.803444444444445,17.41011111111111
16,2025-10-05,weekend,36,22.267333333333333,19.199444444444445
16,2025-10-05,weekend,37,20.51411111111111,15.959555555555557
16,2025-10-05,weekend,38,21.679333333333336,19.455666666666666
16,2025-10-05,weekend,39,20.023777777777777,17.724222222222224
16,2025-10-05,weekend,40,21.958000000000002,18.843777777777778
16,2025-10-05,weekend,41,22.136666666666667,19.022111111111112
16,2025-10-05,weekend,42,21.208333333333332,17.561222222222224
16,2025-10-05,weekend,43,22.43711111111111,19.843555555555557
16,2025-10-05,weekend,44,24.339444444444446,21.296333333333333
16,2025-10-05,weekend,45,23.762666666666664,20.38211111111111
16,2025-10-05,weekend,46,22.901333333333334,21.487444444444442
16,2025-10-05,weekend,47,24.403888888888886,20.784555555555556
16,2025-10-05,weekend,48,22.822,20.44977777777778
16,2025-10-05,weekend,49,22.63222222222222,21.192555555555554
16,2025-10-05,weekend,50,24.185000000000002,21.346222222222224
16,2025-10-05,weekend,51,24.280333333333335,21.622777777777777
16,2025-10-05,weekend,52,23.561222222222224,19.85966666666667
16,2025-10-05,weekend,53,24.346444444444444,21.750666666666667
16,2025-10-05,weekend,54,23.405555555555555,21.503999999999998
16,2025-10-05,weekend,55,23.762444444444444,20.385555555555555
16,2025-10-05,weekend,56,64.33333333333333,50.25300000000001
16,2025-10-05,weekend,57,101.95455555555556,95.79244444444444
16,2025-10-05,weekend,58,198.49255555555558,178.63466666666667
16,2025-10-05,weekend,59,165.1058888888889,149.5441111111111
16,2025-10-05,weekend,60,194.14233333333334,126.09366666666666
16,2025-10-05,weekend,61,191.84611111111113,123.40522222222222
16,2025-10-05,weekend,62,189.851,130.20255555555556
16,2025-10-05,weekend,63,190.16833333333335,139.11666666666667
16,2025-10-05,weekend,64,190.05800000000002,122.67344444444446
16,2025-10-05,weekend,65,190.82666666666668,82.61144444444444
16,2025-10-05,weekend,66,148.20388888888888,54.08988888888889
16,2025-10-05,weekend,67,22.641444444444446,18.550555555555555
16,2025-10-05,weekend,68,20.827555555555556,19.045222222222222
16,2025-10-05,weekend,69,22.44488888888889,12.932777777777778
16,2025-10-05,weekend,70,22.319222222222223,1.4328888888888889
16,2025-10-05,weekend,71,23.86611111111111,0.03788888888888889
16,2025-10-05,weekend,72,26.008777777777777,0.0
16,2025-10-05,weekend,73,25.485666666666667,0.0
16,2025-10-05,weekend,74,26.388333333333332,0.0
16,2025-10-05,weekend,75,26.184111111111115,0.0
16,2025-10-05,weekend,76,25.93622222222222,0.0
16,2025-10-05,weekend,77,27.955444444444442,0.0
16,2025-10-05,weekend,78,28.215666666666664,0.0
16,2025-10-05,weekend,79,28.351222222222223,0.0
16,2025-10-05,weekend,80,27.518555555555558,0.0
16,2025-10-05,weekend,81,26.414,0.0
16,2025-10-05,weekend,82,27.51188888888889,0.0
16,2025-10-05,weekend,83,26.575444444444443,0.0
16,2025-10-05,weekend,84,26.05977528089888,0.0
16,2025-10-05,weekend,85,27.46688888888889,0.0
16,2025-10-05,weekend,86,25.594942528735636,0.0
16,2025-10-05,weekend,87,26.861666666666668,0.0
16,2025-10-05,weekend,88,27.272222222222222,0.0
16,2025-10-05,weekend,89,26.92686046511628,0.0
16,2025-10-05,weekend,90,25.716666666666665,0.0
16,2025-10-05,weekend,91,27.587888888888887,0.0
16,2025-10-05,weekend,92,26.003444444444444,0.0
16,2025-10-05,weekend,93,27.183777777777777,0.0
16,2025-10-05,weekend,94,25.547111111111107,0.0
16,2025-10-05,weekend,95,26.485222222222223,0.0
17,2025-10-06,working,0,26.694875000000003,0.0
17,2025-10-06,working,1,26.58811111111111,0.0
17,2025-10-06,working,2,27.348444444444446,0.0
17,2025-10-06,working,3,25.718,0.0
17,2025-10-06,working,4,27.102333333333334,0.0
17,2025-10-06,working,5,26.895999999999997,0.0
17,2025-10-06,working,6,25.786555555555555,0.0
17,2025-10-06,working,7,25.586777777777776,0.0
17,2025-10-06,working,8,26.222666666666665,0.0
17,2025-10-06,working,9,27.493111111111112,0.0
17,2025-10-06,working,10,25.979999999999997,0.0
17,2025-10-06,working,11,26.994,0.0
17,2025-10-06,working,12,26.22255555555556,0.0
17,2025-10-06,working,13,26.639555555555553,0.0
17,2025-10-06,working,14,26.559666666666665,0.0
17,2025-10-06,working,15,26.41633333333333,0.0
17,2025-10-06,working,16,26.403,0.0
17,2025-10-06,working,17,26.38688888888889,0.0
17,2025-10-06,working,18,26.378333333333334,0.0
17,2025-10-06,working,19,32.727,0.0
17,2025-10-06,working,20,66.69233333333332,0.0
17,2025-10-06,working,21,242.85466666666665,0.0
17,2025-10-06,working,22,299.0418888888889,0.0
17,2025-10-06,working,23,304.7993333333333,0.8107777777777778
17,2025-10-06,working,24,315.03711111111113,7.412111111111112
17,2025-10-06,working,25,328.8093333333333,15.004222222222223
17,2025-10-06,working,26,319.34455555555553,19.287555555555556
17,2025-10-06,working,27,322.7221111111111,31.608777777777778
17,2025-10-06,working,28,358.14,46.693888888888885
17,2025-10-06,working,29,436.39955555555554,50.641555555555556
17,2025-10-06,working,30,507.4301111111111,54.94888888888889
17,2025-10-06,working,31,548.7493333333333,53.36522222222222
17,2025-10-06,working,32,560.0525555555556,27.236777777777778
17,2025-10-06,working,33,553.083888888889,29.07211111111111
17,2025-10-06,working,34,578.7173333333333,150.83555555555557
17,2025-10-06,working,35,574.0682222222222,182.32466666666667
17,2025-10-06,working,36,580.8071111111111,63.67166666666667
17,2025-10-06,working,37,609.1874444444445,41.82644444444445
17,2025-10-06,working,38,612.2402222222222,141.92666666666668
17,2025-10-06,working,39,619.72,187.59511111111112
17,2025-10-06,working,40,624.355,268.88188888888885
17,2025-10-06,working,41,626.2532222222222,305.2324444444444
17,2025-10-06,working,42,619.5907777777777,321.26744444444444
17,2025-10-06,working,43,638.6983333333333,413.1427777777778
17,2025-10-06,working,44,576.0607777777778,381.46811111111106
17,2025-10-06,working,45,578.1112222222223,319.0297777777778
17,2025-10-06,working,46,542.1612222222222,156.8478888888889
17,2025-10-06,working,47,537.131888888889,263.60055555555556
17,2025-10-06,working,48,556.3842222222222,258.04077777777775
17,2025-10-06,working,49,565.6311111111112,234.83100000000002
17,2025-10-06,working,50,562.0645555555556,206.61488888888888
17,2025-10-06,working,51,527.7244444444444,166.25433333333334
17,2025-10-06,working,52,527.3554444444444,157.9427777777778
17,2025-10-06,working,53,539.7977777777778,131.15311111111112
17,2025-10-06,working,54,537.3285555555556,111.47244444444445
17,2025-10-06,working,55,548.5162222222223,110.25622222222222
17,2025-10-06,working,56,540.9487777777778,108.78166666666667
17,2025-10-06,working,57,567.6244444444444,105.05788888888888
17,2025-10-06,working,58,537.4697777777777,109.85477777777778
17,2025-10-06,working,59,520.633,119.58144444444444
17,2025-10-06,working,60,552.8677777777777,113.33255555555556
17,2025-10-06,working,61,545.2227777777778,90.72388888888888
17,2025-10-06,working,62,524.4512222222222,79.6271111111111
17,2025-10-06,working,63,510.98155555555553,61.157333333333334
17,2025-10-06,working,64,506.3813333333333,51.91855555555556
17,2025-10-06,working,65,500.96455555555553,47.64988888888889
17,2025-10-06,working,66,485.829,37.66144444444445
17,2025-10-06,working,67,454.6812222222222,18.266666666666666
17,2025-10-06,working,68,433.12711111111116,10.941666666666666
17,2025-10-06,working,69,390.2551111111111,5.2444444444444445
17,2025-10-06,working,70,369.8834444444445,0.591
17,2025-10-06,working,71,351.6748888888889,0.0013333333333333333
17,2025-10-06,working,72,352.6002222222222,0.0
17,2025-10-06,working,73,357.9631111111111,0.0
17,2025-10-06,working,74,363.2637777777778,0.0
17,2025-10-06,working,75,363.1668888888889,0.0
17,2025-10-06,working,76,343.72077777777776,0.0
17,2025-10-06,working,77,341.1728888888889,0.0
17,2025-10-06,working,78,338.6652222222222,0.0
17,2025-10-06,working,79,338.7032222222222,0.0
17,2025-10-06,working,80,325.0424444444444,0.0
17,2025-10-06,working,81,334.5396666666667,0.0
17,2025-10-06,working,82,329.29688888888893,0.0
17,2025-10-06,working,83,319.7473333333333,0.0
17,2025-10-06,working,84,270.2465555555555,0.0
17,2025-10-06,working,85,253.7958888888889,0.0
17,2025-10-06,working,86,262.2692222222222,0.0
17,2025-10-06,working,87,261.0586666666667,0.0
17,2025-10-06,working,88,252.92588888888892,0.0
17,2025-10-06,working,89,254.70388888888888,0.0
17,2025-10-06,working,90,240.72888888888886,0.0
17,2025-10-06,working,91,251.63133333333332,0.0
17,2025-10-06,working,92,251.7662222222222,0.0
17,2025-10-06,working,93,251.46,0.0
17,2025-10-06,working,94,253.91166666666666,0.0
17,2025-10-06,working,95,252.96144444444442,0.0
18,2025-10-07,working,0,256.00469135802473,0.0
18,2025-10-07,working,1,241.64933333333332,0.0
18,2025-10-07,working,2,252.31588888888888,0.0
18,2025-10-07,working,3,249.83155555555555,0.0
18,2025-10-07,working,4,249.0398888888889,0.0
18,2025-10-07,working,5,245.71644444444445,0.0
18,2025-10-07,working,6,145.36711111111111,0.0
18,2025-10-07,working,7,130.72477777777777,0.0
18,2025-10-07,working,8,132.0438888888889,0.0
18,2025-10-07,working,9,131.64666666666668,0.0
18,2025-10-07,working,10,127.05444444444444,0.0
18,2025-10-07,working,11,127.77066666666667,0.0
18,2025-10-07,working,12,123.89455555555556,0.0
18,2025-10-07,working,13,122.83766666666666,0.0
18,2025-10-07,working,14,122.27544444444446,0.0
18,2025-10-07,working,15,125.02766666666666,0.0
18,2025-10-07,working,16,121.02911111111112,0.0
18,2025-10-07,working,17,120.92355555555557,0.0
18,2025-10-07,working,18,119.52833333333332,0.0
18,2025-10-07,working,19,128.29077777777778,0.0
18,2025-10-07,working,20,121.401,0.0
18,2025-10-07,working,21,168.4177777777778,0.0
18,2025-10-07,working,22,281.6674444444444,0.0
18,2025-10-07,working,23,273.9316666666667,0.494
18,2025-10-07,working,24,300.9938888888889,1.7286666666666668
18,2025-10-07,working,25,380.4758888888889,6.475
18,2025-10-07,working,26,385.2411111111111,9.142555555555557
18,2025-10-07,working,27,389.73622222222224,11.992999999999999
18,2025-10-07,working,28,393.4116666666667,16.34777777777778
18,2025-10-07,working,29,431.80899999999997,17.268444444444444
18,2025-10-07,working,30,506.31955555555555,25.606333333333335
18,2025-10-07,working,31,531.8963333333334,38.318666666666665
18,2025-10-07,working,32,570.1235632183908,52.729655172413786
18,2025-10-07,working,33,565.6946666666668,63.72855555555555
18,2025-10-07,working,34,569.372891566265,61.423734939759036
18,2025-10-07,working,35,603.8158333333333,98.5325
18,2025-10-07,working,36,583.6222471910112,104.07606741573034
18,2025-10-07,working,37,595.7959036144578,135.88036144578314
18,2025-10-07,working,38,580.8760256410256,148.52743589743588
18,2025-10-07,working,39,587.4602272727273,108.99329545454545
18,2025-10-07,working,40,602.0848863636364,158.65068181818182
18,2025-10-07,working,41,576.5405063291139,178.4539240506329
18,2025-10-07,working,42,576.9148888888889,141.50333333333333
18,2025-10-07,working,43,596.3439999999999,127.78811111111112
18,2025-10-07,working,44,566.1582954545455,166.8075
18,2025-10-07,working,45,555.118,117.02488888888888
18,2025-10-07,working,46,554.6089999999999,127.96833333333333
18,2025-10-07,working,47,578.816,104.93711111111111
18,2025-10-07,working,48,588.8758888888889,82.62166666666667
18,2025-10-07,working,49,592.5558888888888,128.86966666666666
18,2025-10-07,working,50,594.8154444444444,125.21322222222223
18,2025-10-07,working,51,578.0503333333334,99.53222222222222
18,2025-10-07,working,52,583.0919101123595,78.74966292134832
18,2025-10-07,working,53,598.8274444444445,62.69855555555556
18,2025-10-07,working,54,620.3930555555556,80.90444444444444
18,2025-10-07,working,55,625.214,88.31611111111111
18,2025-10-07,working,56,630.3003370786516,84.09134831460675
18,2025-10-07,working,57,633.7323684210527,74.3996052631579
18,2025-10-07,working,58,634.2294252873563,83.5687356321839
18,2025-10-07,working,59,620.9334444444445,97.667
18,2025-10-07,working,60,600.2749382716049,91.66888888888889
18,2025-10-07,working,61,615.3928571428571,86.10821428571428
18,2025-10-07,working,62,590.5560240963856,69.5822891566265
18,2025-10-07,working,63,572.5094871794871,94.0852564102564
18,2025-10-07,working,64,548.3297530864197,83.72061728395062
18,2025-10-07,working,65,530.1663636363636,66.23193181818182
18,2025-10-07,working,66,512.5679310344827,48.83563218390805
18,2025-10-07,working,67,426.0124358974359,30.979615384615382
18,2025-10-07,working,68,380.20340909090913,18.54215909090909
18,2025-10-07,working,69,368.70772727272725,5.834431818181818
18,2025-10-07,working,70,371.0471052631579,0.633157894736842
18,2025-10-07,working,71,344.6383333333333,0.0
18,2025-10-07,working,72,335.6984269662921,0.0
18,2025-10-07,working,73,343.0540506329114,0.0
18,2025-10-07,working,74,347.86753246753244,0.0
18,2025-10-07,working,75,348.37176470588236,0.0
18,2025-10-07,working,76,343.8118604651163,0.0
18,2025-10-07,working,77,328.61679999999996,0.0
18,2025-10-07,working,78,334.3054022988506,0.0
18,2025-10-07,working,79,330.4767857142857,0.0
18,2025-10-07,working,80,308.70915492957744,0.0
18,2025-10-07,working,81,298.6427586206897,0.0
18,2025-10-07,working,82,289.33298850574715,0.0
18,2025-10-07,working,83,269.98435897435894,0.0
18,2025-10-07,working,84,264.1125,0.0
18,2025-10-07,working,85,258.44642857142856,0.0
18,2025-10-07,working,86,214.88253164556963,0.0
18,2025-10-07,working,87,154.388625,0.0
18,2025-10-07,working,88,142.12764044943822,0.0
18,2025-10-07,working,89,142.29841463414633,0.0
18,2025-10-07,working,90,142.39179487179487,0.0
18,2025-10-07,working,91,152.27735632183908,0.0
18,2025-10-07,working,92,141.45302325581395,0.0
18,2025-10-07,working,93,141.23521126760565,0.0
18,2025-10-07,working,94,147.27079545454546,0.0
18,2025-10-07,working,95,146.79295454545456,0.0
19,2025-10-08,working,0,138.872625,0.0
19,2025-10-08,working,1,141.22033333333334,0.0
19,2025-10-08,working,2,134.31688888888888,0.0
19,2025-10-08,working,3,136.44122222222222,0.0
19,2025-10-08,working,4,136.55222222222224,0.0
19,2025-10-08,working,5,135.168,0.0
19,2025-10-08,working,6,133.1391111111111,0.0
19,2025-10-08,working,7,123.53333333333333,0.0
19,2025-10-08,working,8,129.55433333333332,0.0
19,2025-10-08,working,9,127.76755555555556,0.0
19,2025-10-08,working,10,127.95077777777777,0.0
19,2025-10-08,working,11,126.9441111111111,0.0
19,2025-10-08,working,12,106.23388888888888,0.0
19,2025-10-08,working,13,95.2928888888889,0.0
19,2025-10-08,working,14,98.762,0.0
19,2025-10-08,working,15,100.31322222222222,0.0
19,2025-10-08,working,16,95.55133333333335,0.0
19,2025-10-08,working,17,110.20822222222222,0.0
19,2025-10-08,working,18,105.99677777777777,0.0
19,2025-10-08,working,19,116.7538888888889,0.0
19,2025-10-08,working,20,117.28166666666667,0.0
19,2025-10-08,working,21,128.97033333333334,0.0
19,2025-10-08,working,22,258.56266666666664,0.05333333333333333
19,2025-10-08,working,23,288.46566666666666,3.674555555555555
19,2025-10-08,working,24,322.98688888888887,11.793777777777779
19,2025-10-08,working,25,367.73566666666665,23.273000000000003
19,2025-10-08,working,26,405.3572222222222,38.428444444444445
19,2025-10-08,working,27,413.456,54.626444444444445
19,2025-10-08,working,28,420.99077777777774,71.54433333333333
19,2025-10-08,working,29,453.71922222222224,84.81733333333334
19,2025-10-08,working,30,487.0912222222222,91.15855555555557
19,2025-10-08,working,31,531.6545555555556,105.72244444444445
19,2025-10-08,working,32,567.2701111111111,121.60844444444444
19,2025-10-08,working,33,565.1195555555556,165.31933333333333
19,2025-10-08,working,34,606.4885555555555,225.31088888888888
19,2025-10-08,working,35,582.3335555555556,232.99344444444444
19,2025-10-08,working,36,583.6852222222223,213.38777777777779
19,2025-10-08,working,37,589.0802222222222,212.104
19,2025-10-08,working,38,604.2468888888889,291.8404444444444
19,2025-10-08,working,39,600.6456666666667,323.11066666666665
19,2025-10-08,working,40,597.2673333333333,315.32644444444446
19,2025-10-08,working,41,598.1796666666667,397.0487777777778
19,2025-10-08,working,42,600.457,546.167
19,2025-10-08,working,43,590.9094444444444,561.401111111111
19,2025-10-08,working,44,584.1453333333334,486.3505555555556
19,2025-10-08,working,45,560.0851111111111,375.59433333333334
19,2025-10-08,working,46,596.0787777777779,565.0455555555556
19,2025-10-08,working,47,588.7297777777778,471.10299999999995
19,2025-10-08,working,48,606.9195555555556,224.76011111111112
19,2025-10-08,working,49,603.9072222222222,324.69511111111115
19,2025-10-08,working,50,605.7064444444445,346.04255555555557
19,2025-10-08,working,51,597.0776666666667,206.25966666666665
19,2025-10-08,working,52,597.3125555555555,429.68811111111114
19,2025-10-08,working,53,589.3518888888889,378.0928888888889
19,2025-10-08,working,54,604.6962222222222,140.08633333333333
19,2025-10-08,working,55,655.2223333333334,386.6571111111111
19,2025-10-08,working,56,644.98,356.29777777777775
19,2025-10-08,working,57,643.489,307.1644444444444
19,2025-10-08,working,58,648.822,391.58599999999996
19,2025-10-08,working,59,627.3876666666666,368.4548888888889
19,2025-10-08,working,60,636.735,342.69166666666666
19,2025-10-08,working,61,634.5694444444445,328.257
19,2025-10-08,working,62,596.804,264.04611111111114
19,2025-10-08,working,63,618.1935555555556,150.1998888888889
19,2025-10-08,working,64,588.1482222222222,108.71444444444444
19,2025-10-08,working,65,541.4828888888889,130.34433333333334
19,2025-10-08,working,66,520.5234444444444,40.394666666666666
19,2025-10-08,working,67,488.38377777777777,21.85333333333333
19,2025-10-08,working,68,477.69822222222217,18.47233333333333
19,2025-10-08,working,69,443.4352222222222,9.853333333333333
19,2025-10-08,working,70,434.8793333333333,2.1067777777777774
19,2025-10-08,working,71,422.1733333333333,0.03933333333333333
19,2025-10-08,working,72,424.2154444444444,0.0
19,2025-10-08,working,73,428.49933333333337,0.0
19,2025-10-08,working,74,422.9062222222222,0.0
19,2025-10-08,working,75,399.9751111111111,0.0
19,2025-10-08,working,76,400.20581395348836,0.0
19,2025-10-08,working,77,395.10333333333335,0.0
19,2025-10-08,working,78,381.44700000000006,0.0
19,2025-10-08,working,79,359.49290697674417,0.0
19,2025-10-08,working,80,356.54719101123595,0.0
19,2025-10-08,working,81,308.6811111111111,0.0
19,2025-10-08,working,82,295.42068181818183,0.0
19,2025-10-08,working,83,283.8317441860465,0.0
19,2025-10-08,working,84,281.33022222222223,0.0
19,2025-10-08,working,85,184.20644444444446,0.0
19,2025-10-08,working,86,136.59670454545454,0.0
19,2025-10-08,working,87,140.10855555555557,0.0
19,2025-10-08,working,88,153.60808988764046,0.0
19,2025-10-08,working,89,156.67568181818183,0.0
19,2025-10-08,working,90,156.909,0.0
19,2025-10-08,working,91,158.09355555555555,0.0
19,2025-10-08,working,92,154.1975294117647,0.0
19,2025-10-08,working,93,150.49622222222223,0.0
19,2025-10-08,working,94,139.18288888888887,0.0
19,2025-10-08,working,95,126.71129411764704,0.0
20,2025-10-09,working,0,137.779125,0.0
20,2025-10-09,working,1,135.68,0.0
20,2025-10-09,working,2,141.9662222222222,0.0
20,2025-10-09,working,3,151.15833333333333,0.0
20,2025-10-09,working,4,133.9008888888889,0.0
20,2025-10-09,working,5,132.67366666666666,0.0
20,2025-10-09,working,6,131.28544444444444,0.0
20,2025-10-09,working,7,129.3101111111111,0.0
20,2025-10-09,working,8,102.86366666666666,0.0
20,2025-10-09,working,9,118.48644444444446,0.0
20,2025-10-09,working,10,103.61011111111111,0.0
20,2025-10-09,working,11,104.51455555555555,0.0
20,2025-10-09,working,12,108.56077777777777,0.0
20,2025-10-09,working,13,109.00222222222223,0.0
20,2025-10-09,working,14,107.95044444444446,0.0
20,2025-10-09,working,15,107.87766666666667,0.0
20,2025-10-09,working,16,107.89111111111112,0.0
20,2025-10-09,working,17,113.77877777777778,0.0
20,2025-10-09,working,18,117.51744444444444,0.0
20,2025-10-09,working,19,93.14866666666666,0.0
20,2025-10-09,working,20,126.05344444444444,0.0
20,2025-10-09,working,21,219.77766666666668,0.0
20,2025-10-09,working,22,281.04755555555556,0.01622222222222222
20,2025-10-09,working,23,293.7026666666667,2.517444444444444
20,2025-10-09,working,24,323.35355555555554,14.396444444444445
20,2025-10-09,working,25,348.18555555555554,33.961666666666666
20,2025-10-09,working,26,355.52444444444444,60.325
20,2025-10-09,working,27,361.94544444444443,86.81166666666667
20,2025-10-09,working,28,368.2227777777778,109.65944444444445
20,2025-10-09,working,29,468.659,161.13022222222222
20,2025-10-09,working,30,523.7516666666667,206.3248888888889
20,2025-10-09,working,31,529.0157777777778,247.55888888888887
20,2025-10-09,working,32,520.4412345679012,295.24666666666667
20,2025-10-09,working,33,535.4955555555555,332.5577777777778
20,2025-10-09,working,34,575.1713333333333,371.1051111111111
20,2025-10-09,working,35,578.2893670886076,407.72898734177215
20,2025-10-09,working,36,579.2324719101124,434.5012359550562
20,2025-10-09,working,37,562.2994444444444,456.9547777777778
20,2025-10-09,working,38,583.5938888888888,485.6131111111111
20,2025-10-09,working,39,597.2703333333334,458.0517777777777
20,2025-10-09,working,40,597.3854444444445,531.1133333333333
20,2025-10-09,working,41,588.9655555555556,389.61044444444445
20,2025-10-09,working,42,581.1003333333333,456.20133333333337
20,2025-10-09,working,43,592.5852222222222,505.3027777777778
20,2025-10-09,working,44,548.4402272727273,344.3871590909091
20,2025-10-09,working,45,551.327037037037,500.4546913580247
20,2025-10-09,working,46,556.4205555555556,295.31188888888886
20,2025-10-09,working,47,556.8642222222222,349.3367777777778
20,2025-10-09,working,48,583.769625,449.044
20,2025-10-09,working,49,644.522,387.3704444444444
20,2025-10-09,working,50,666.9958888888889,397.31644444444447
20,2025-10-09,working,51,648.3946913580247,183.28444444444443
20,2025-10-09,working,52,638.954090909091,333.7501136363636
20,2025-10-09,working,53,637.0258888888889,411.62744444444445
20,2025-10-09,working,54,658.9608045977011,387.01965517241376
20,2025-10-09,working,55,670.0459523809524,302.41964285714283
20,2025-10-09,working,56,685.9605617977528,158.98213483146068
20,2025-10-09,working,57,669.1685555555555,120.53077777777779
20,2025-10-09,working,58,677.1614634146341,74.62036585365854
20,2025-10-09,working,59,637.125,82.03333333333333
20,2025-10-09,working,60,664.376629213483,57.71056179775281
20,2025-10-09,working,61,660.5113580246914,79.56888888888889
20,2025-10-09,working,62,648.2543333333333,29.10377777777778
20,2025-10-09,working,63,633.1695555555556,19.491
20,2025-10-09,working,64,607.9883950617284,20.380617283950617
20,2025-10-09,working,65,605.578275862069,17.872988505747127
20,2025-10-09,working,66,567.3917777777777,13.579666666666668
20,2025-10-09,working,67,537.6038888888888,11.080333333333334
20,2025-10-09,working,68,506.8626829268292,9.305365853658536
20,2025-10-09,working,69,446.562,4.855222222222222
20,2025-10-09,working,70,460.012,1.375888888888889
20,2025-10-09,working,71,455.63086419753085,0.03530864197530864
20,2025-10-09,working,72,424.09640449438206,0.0
20,2025-10-09,working,73,407.82022222222224,0.0
20,2025-10-09,working,74,385.9045,0.0
20,2025-10-09,working,75,388.44931818181817,0.0
20,2025-10-09,working,76,381.33022727272726,0.0
20,2025-10-09,working,77,385.40059523809526,0.0
20,2025-10-09,working,78,365.7519767441861,0.0
20,2025-10-09,working,79,366.80855555555553,0.0
20,2025-10-09,working,80,338.10764044943824,0.0
20,2025-10-09,working,81,332.8029761904762,0.0
20,2025-10-09,working,82,331.4382222222222,0.0
20,2025-10-09,working,83,312.87944444444446,0.0
20,2025-10-09,working,84,313.65038961038965,0.0
20,2025-10-09,working,85,297.9017777777778,0.0
20,2025-10-09,working,86,313.97055555555556,0.0
20,2025-10-09,working,87,326.27658823529407,0.0
20,2025-10-09,working,88,289.868125,0.0
20,2025-10-09,working,89,150.57755555555556,0.0
20,2025-10-09,working,90,136.84355555555555,0.0
20,2025-10-09,working,91,113.67550000000001,0.0
20,2025-10-09,working,92,93.43550561797753,0.0
20,2025-10-09,working,93,104.22766666666666,0.0
20,2025-10-09,working,94,107.627125,0.0
20,2025-10-09,working,95,102.75277777777778,0.0
21,2025-10-10,working,0,106.928,0.0
21,2025-10-10,working,1,104.89,0.0
21,2025-10-10,working,2,105.15122222222223,0.0
21,2025-10-10,working,3,108.42399999999999,0.0
21,2025-10-10,working,4,114.75222222222223,0.0
21,2025-10-10,working,5,104.47833333333332,0.0
21,2025-10-10,working,6,103.78633333333333,0.0
21,2025-10-10,working,7,105.34511111111111,0.0
21,2025-10-10,working,8,103.72544444444443,0.0
21,2025-10-10,working,9,101.55177777777777,0.0
21,2025-10-10,working,10,102.76466666666667,0.0
21,2025-10-10,working,11,93.55844444444445,0.0
21,2025-10-10,working,12,75.48622222222222,0.0
21,2025-10-10,working,13,75.169,0.0
21,2025-10-10,working,14,74.33222222222221,0.0
21,2025-10-10,working,15,74.93111111111111,0.0
21,2025-10-10,working,16,73.14977777777779,0.0
21,2025-10-10,working,17,74.45744444444445,0.0
21,2025-10-10,working,18,73.54811111111111,0.0
21,2025-10-10,working,19,74.04433333333333,0.0
21,2025-10-10,working,20,73.69211111111112,0.0
21,2025-10-10,working,21,192.72022222222222,0.0
21,2025-10-10,working,22,264.89377777777776,0.08299999999999999
21,2025-10-10,working,23,241.05111111111108,3.076888888888889
21,2025-10-10,working,24,271.65500000000003,13.90422222222222
21,2025-10-10,working,25,299.3516666666667,36.05177777777778
21,2025-10-10,working,26,353.442,60.05844444444445
21,2025-10-10,working,27,359.8955555555555,98.01266666666666
21,2025-10-10,working,28,381.6793333333333,129.7591111111111
21,2025-10-10,working,29,438.48988888888886,161.68655555555557
21,2025-10-10,working,30,472.30699999999996,208.32144444444444
21,2025-10-10,working,31,476.9875555555555,190.10844444444442
21,2025-10-10,working,32,517.1842222222223,174.01088888888887
21,2025-10-10,working,33,518.2330000000001,243.25555555555556
21,2025-10-10,working,34,534.0985555555555,336.9681111111111
21,2025-10-10,working,35,538.5913333333333,426.95577777777777
21,2025-10-10,working,36,505.9568888888889,381.4745555555555
21,2025-10-10,working,37,544.3847777777778,393.8341111111111
21,2025-10-10,working,38,545.3043333333334,504.4461111111111
21,2025-10-10,working,39,561.2211111111111,507.47644444444444
21,2025-10-10,working,40,550.2252222222222,395.71833333333336
21,2025-10-10,working,41,576.2977777777778,538.2608888888889
21,2025-10-10,working,42,589.5641111111111,479.7527777777778
21,2025-10-10,working,43,579.6628888888888,362.23566666666665
21,2025-10-10,working,44,592.7915555555555,506.42344444444444
21,2025-10-10,working,45,585.4765555555556,376.1755555555556
21,2025-10-10,working,46,582.9322222222222,207.07688888888887
21,2025-10-10,working,47,584.1552222222223,349.4562222222222
21,2025-10-10,working,48,623.8463333333333,587.748
21,2025-10-10,working,49,614.5122222222222,445.60633333333334
21,2025-10-10,working,50,644.8046666666667,592.841
21,2025-10-10,working,51,612.2518888888889,488.34666666666664
21,2025-10-10,working,52,622.6442222222223,502.8778888888889
21,2025-10-10,working,53,661.5317777777777,329.78333333333336
21,2025-10-10,working,54,634.1505555555556,531.7933333333333
21,2025-10-10,working,55,652.1195555555556,500.69599999999997
21,2025-10-10,working,56,674.8722222222223,383.4074444444444
21,2025-10-10,working,57,700.4616666666667,374.31455555555556
21,2025-10-10,working,58,713.6207777777778,378.5683333333333
21,2025-10-10,working,59,709.1265555555556,364.378
21,2025-10-10,working,60,695.1402222222223,349.14922222222225
21,2025-10-10,working,61,681.5277777777778,215.08388888888888
21,2025-10-10,working,62,669.8776666666666,118.32933333333332
21,2025-10-10,working,63,677.2067777777778,76.90822222222222
21,2025-10-10,working,64,662.3995294117647,76.00482352941177
21,2025-10-10,working,65,624.2350588235295,82.32376470588235
21,2025-10-10,working,66,589.2645333333332,66.6348
21,2025-10-10,working,67,540.3094186046511,36.10418604651163
21,2025-10-10,working,68,500.5758536585366,14.818292682926828
21,2025-10-10,working,69,488.30875000000003,7.551944444444445
21,2025-10-10,working,70,472.0205813953488,1.5644186046511628
21,2025-10-10,working,71,455.4817441860465,0.019069767441860466
21,2025-10-10,working,72,450.2419277108434,0.0
21,2025-10-10,working,73,419.13038461538457,0.0
21,2025-10-10,working,74,434.30186046511625,0.0
21,2025-10-10,working,75,392.056125,0.0
21,2025-10-10,working,76,378.8987012987013,0.0
21,2025-10-10,working,77,392.2375581395349,0.0
21,2025-10-10,working,78,373.6687951807229,0.0
21,2025-10-10,working,79,345.23819444444445,0.0
21,2025-10-10,working,80,349.92499999999995,0.0
21,2025-10-10,working,81,356.2096470588235,0.0
21,2025-10-10,working,82,321.34957142857144,0.0
21,2025-10-10,working,83,309.5766265060241,0.0
21,2025-10-10,working,84,243.62482352941177,0.0
21,2025-10-10,working,85,188.09075,0.0
21,2025-10-10,working,86,222.06402597402598,0.0
21,2025-10-10,working,87,188.27976470588237,0.0
21,2025-10-10,working,88,171.19107142857143,0.0
21,2025-10-10,working,89,155.60324324324324,0.0
21,2025-10-10,working,90,152.44275,0.0
21,2025-10-10,working,91,155.94855421686748,0.0
21,2025-10-10,working,92,180.83805555555557,0.0
21,2025-10-10,working,93,183.0998795180723,0.0
21,2025-10-10,working,94,184.24537500000002,0.0
21,2025-10-10,working,95,173.77586666666667,0.0
22,2025-10-11,working,0,169.70753086419754,0.0
22,2025-10-11,working,1,168.85566666666668,0.0
22,2025-10-11,working,2,169.34455555555556,0.0
22,2025-10-11,working,3,170.69233333333332,0.0
22,2025-10-11,working,4,153.2811111111111,0.0
22,2025-10-11,working,5,143.51366666666667,0.0
22,2025-10-11,working,6,143.68766666666667,0.0
22,2025-10-11,working,7,143.26500000000001,0.0
22,2025-10-11,working,8,145.1468888888889,0.0
22,2025-10-11,working,9,142.43411111111112,0.0
22,2025-10-11,working,10,136.98566666666667,0.0
22,2025-10-11,working,11,141.96455555555556,0.0
22,2025-10-11,working,12,138.12444444444446,0.0
22,2025-10-11,working,13,142.95211111111112,0.0
22,2025-10-11,working,14,140.64933333333335,0.0
22,2025-10-11,working,15,141.72366666666665,0.0
22,2025-10-11,working,16,130.08066666666667,0.0
22,2025-10-11,working,17,138.77933333333334,0.0
22,2025-10-11,working,18,141.53688888888888,0.0
22,2025-10-11,working,19,129.31622222222222,0.0
22,2025-10-11,working,20,138.90933333333334,0.0
22,2025-10-11,working,21,251.40033333333332,0.0
22,2025-10-11,working,22,323.29344444444445,0.0
22,2025-10-11,working,23,313.03055555555557,0.2368888888888889
22,2025-10-11,working,24,326.8617777777778,1.9923333333333333
22,2025-10-11,working,25,399.04622222222224,5.356666666666667
22,2025-10-11,working,26,423.67977777777776,9.908555555555555
22,2025-10-11,working,27,413.48744444444446,15.261
22,2025-10-11,working,28,403.08344444444447,27.65544444444444
22,2025-10-11,working,29,439.57433333333336,34.495666666666665
22,2025-10-11,working,30,505.8828888888889,66.3531111111111
22,2025-10-11,working,31,508.7558888888889,61.00411111111111
22,2025-10-11,working,32,453.63277777777773,94.4831111111111
22,2025-10-11,working,33,503.26011111111114,235.02922222222224
22,2025-10-11,working,34,544.1022222222222,336.02933333333334
22,2025-10-11,working,35,557.4872222222222,308.503
22,2025-10-11,working,36,588.4506666666666,265.13433333333336
22,2025-10-11,working,37,551.2145555555555,485.4516666666667
22,2025-10-11,working,38,587.5343333333333,412.05544444444445
22,2025-10-11,working,39,558.7436666666666,327.306
22,2025-10-11,working,40,600.9593333333333,493.76355555555557
22,2025-10-11,working,41,581.7137777777778,502.17855555555553
22,2025-10-11,working,42,575.4689999999999,538.2062222222222
22,2025-10-11,working,43,602.0226666666666,499.9397777777778
22,2025-10-11,working,44,598.4877777777778,471.4746666666667
22,2025-10-11,working,45,605.6294444444445,492.70188888888885
22,2025-10-11,working,46,602.2827777777777,522.9144444444445
22,2025-10-11,working,47,600.7642222222222,541.9303333333334
22,2025-10-11,working,48,626.7119767441861,523.6918604651163
22,2025-10-11,working,49,616.4525581395349,459.12709302325584
22,2025-10-11,working,50,638.1022077922079,421.5301298701299
22,2025-10-11,working,51,642.3071264367816,495.01816091954026
22,2025-10-11,working,52,655.5454117647059,458.1851764705882
22,2025-10-11,working,53,671.3536986301369,467.71698630136984
22,2025-10-11,working,54,641.7425287356322,202.02183908045978
22,2025-10-11,working,55,630.7473255813953,165.4293023255814
22,2025-10-11,working,56,634.3894520547946,72.9454794520548
22,2025-10-11,working,57,606.5206896551724,49.54379310344828
22,2025-10-11,working,58,644.8216091954023,27.93045977011494
22,2025-10-11,working,59,628.1885507246377,26.987246376811594
22,2025-10-11,working,60,619.5831325301205,20.40397590361446
22,2025-10-11,working,61,590.3288607594938,24.26886075949367
22,2025-10-11,working,62,578.4858333333334,29.05263888888889
22,2025-10-11,working,63,554.4130952380953,32.31857142857143
22,2025-10-11,working,64,559.7169047619047,35.423452380952384
22,2025-10-11,working,65,555.6664000000001,31.53653333333333
22,2025-10-11,working,66,498.5962962962963,25.23962962962963
22,2025-10-11,working,67,456.425731707317,18.344268292682926
22,2025-10-11,working,68,475.79513513513507,12.315405405405405
22,2025-10-11,working,69,446.4964102564103,5.61423076923077
22,2025-10-11,working,70,439.7925609756097,0.9387804878048781
22,2025-10-11,working,71,409.2938271604939,0.0008641975308641976
22,2025-10-11,working,72,343.10985915492955,0.0
22,2025-10-11,working,73,363.32930555555555,0.0
22,2025-10-11,working,74,373.9674698795181,0.0
22,2025-10-11,working,75,369.7823287671233,0.0
22,2025-10-11,working,76,371.630243902439,0.0
22,2025-10-11,working,77,371.0332142857143,0.0
22,2025-10-11,working,78,361.72561643835616,0.0
22,2025-10-11,working,79,373.5042682926829,0.0
22,2025-10-11,working,80,379.469756097561,0.0
22,2025-10-11,working,81,391.0090666666667,0.0
22,2025-10-11,working,82,369.94275,0.0
22,2025-10-11,working,83,356.209756097561,0.0
22,2025-10-11,working,84,334.4385915492958,0.0
22,2025-10-11,working,85,311.69342465753425,0.0
22,2025-10-11,working,86,214.9601282051282,0.0
22,2025-10-11,working,87,162.59024390243903,0.0
22,2025-10-11,working,88,173.70658227848102,0.0
22,2025-10-11,working,89,154.74576470588235,0.0
22,2025-10-11,working,90,167.34883720930233,0.0
22,2025-10-11,working,91,157.61974025974024,0.0
22,2025-10-11,working,92,157.63988235294116,0.0
22,2025-10-11,working,93,157.57241379310344,0.0
22,2025-10-11,working,94,155.13342465753425,0.0
22,2025-10-11,working,95,154.69267441860464,0.0
23,2025-10-12,weekend,0,152.736375,0.0
23,2025-10-12,weekend,1,151.95422222222223,0.0
23,2025-10-12,weekend,2,157.65911111111112,0.0
23,2025-10-12,weekend,3,168.17755555555556,0.0
23,2025-10-12,weekend,4,162.96333333333334,0.0
23,2025-10-12,weekend,5,150.699,0.0
23,2025-10-12,weekend,6,148.34366666666668,0.0
23,2025-10-12,weekend,7,149.2118888888889,0.0
23,2025-10-12,weekend,8,147.9961111111111,0.0
23,2025-10-12,weekend,9,148.64355555555557,0.0
23,2025-10-12,weekend,10,141.89277777777778,0.0
23,2025-10-12,weekend,11,139.12688888888889,0.0
23,2025-10-12,weekend,12,140.82322222222223,0.0
23,2025-10-12,weekend,13,135.04833333333335,0.0
23,2025-10-12,weekend,14,140.61133333333333,0.0
23,2025-10-12,weekend,15,135.30277777777778,0.0
23,2025-10-12,weekend,16,129.63222222222223,0.0
23,2025-10-12,weekend,17,130.90355555555556,0.0
23,2025-10-12,weekend,18,133.93633333333335,0.0
23,2025-10-12,weekend,19,132.50322222222223,0.0
23,2025-10-12,weekend,20,148.29766666666666,0.0
23,2025-10-12,weekend,21,263.86944444444447,0.0
23,2025-10-12,weekend,22,299.30822222222224,0.005555555555555556
23,2025-10-12,weekend,23,303.5877777777778,1.5552222222222223
23,2025-10-12,weekend,24,392.8113333333333,6.0616666666666665
23,2025-10-12,weekend,25,447.7146666666667,10.656222222222222
23,2025-10-12,weekend,26,473.87666666666667,16.355444444444444
23,2025-10-12,weekend,27,477.1051111111111,22.891555555555552
23,2025-10-12,weekend,28,512.0008888888889,28.931666666666665
23,2025-10-12,weekend,29,527.9822222222223,34.431555555555555
23,2025-10-12,weekend,30,535.5385555555556,48.86066666666667
23,2025-10-12,weekend,31,535.7685555555555,74.12299999999999
23,2025-10-12,weekend,32,511.85695121951215,77.4901219512195
23,2025-10-12,weekend,33,497.5408219178083,74.44205479452056
23,2025-10-12,weekend,34,505.46337662337663,183.5405194805195
23,2025-10-12,weekend,35,536.027108433735,345.7253012048193
23,2025-10-12,weekend,36,520.9755,365.362125
23,2025-10-12,weekend,37,530.2901204819277,348.45734939759035
23,2025-10-12,weekend,38,536.7327160493827,467.9766666666667
23,2025-10-12,weekend,39,568.3980769230769,301.94897435897434
23,2025-10-12,weekend,40,570.3169565217391,235.0076811594203
23,2025-10-12,weekend,41,544.8877922077922,167.6705194805195
23,2025-10-12,weekend,42,554.1634177215191,172.33113924050633
23,2025-10-12,weekend,43,528.9106666666667,310.15026666666665
23,2025-10-12,weekend,44,525.1572727272727,353.8937878787879
23,2025-10-12,weekend,45,514.351,411.72825
23,2025-10-12,weekend,46,504.13363636363636,471.48090909090905
23,2025-10-12,weekend,47,521.9311764705882,360.01235294117646
23,2025-10-12,weekend,48,543.691038961039,302.01467532467535
23,2025-10-12,weekend,49,527.7551851851852,298.5177777777778
23,2025-10-12,weekend,50,510.50315789473683,271.1373684210526
23,2025-10-12,weekend,51,521.3947826086957,407.5517391304348
23,2025-10-12,weekend,52,520.7205194805196,283.22532467532466
23,2025-10-12,weekend,53,531.5722784810126,362.6332911392405
23,2025-10-12,weekend,54,541.6774324324324,505.7090540540541
23,2025-10-12,weekend,55,541.646329113924,455.84354430379744
23,2025-10-12,weekend,56,526.3870930232558,438.3797674418604
23,2025-10-12,weekend,57,544.4593103448276,242.74954022988504
23,2025-10-12,weekend,58,520.6820588235294,114.09323529411765
23,2025-10-12,weekend,59,508.76505747126436,91.87333333333333
23,2025-10-12,weekend,60,490.02067415730335,76.83011235955057
23,2025-10-12,weekend,61,444.9921111111111,85.41177777777779
23,2025-10-12,weekend,62,428.18911111111106,133.6462222222222
23,2025-10-12,weekend,63,447.4901111111111,267.08866666666665
23,2025-10-12,weekend,64,458.8965517241379,94.56310344827585
23,2025-10-12,weekend,65,441.23346153846154,47.80307692307692
23,2025-10-12,weekend,66,438.01378048780487,59.3740243902439
23,2025-10-12,weekend,67,386.4840229885057,56.875287356321834
23,2025-10-12,weekend,68,410.2224418604651,27.435232558139532
23,2025-10-12,weekend,69,388.2264285714285,9.632857142857143
23,2025-10-12,weekend,70,432.83942528735633,0.7637931034482759
23,2025-10-12,weekend,71,388.4651162790698,0.0
23,2025-10-12,weekend,72,370.56179487179486,0.0
23,2025-10-12,weekend,73,361.97636363636366,0.0
23,2025-10-12,weekend,74,369.0386585365854,0.0
23,2025-10-12,weekend,75,352.3680459770115,0.0
23,2025-10-12,weekend,76,369.22026666666665,0.0
23,2025-10-12,weekend,77,350.1548192771084,0.0
23,2025-10-12,weekend,78,351.6808045977011,0.0
23,2025-10-12,weekend,79,341.7932558139535,0.0
23,2025-10-12,weekend,80,350.8491891891892,0.0
23,2025-10-12,weekend,81,345.706976744186,0.0
23,2025-10-12,weekend,82,345.0010344827586,0.0
23,2025-10-12,weekend,83,333.7513924050633,0.0
23,2025-10-12,weekend,84,337.57875,0.0
23,2025-10-12,weekend,85,338.2718604651163,0.0
23,2025-10-12,weekend,86,338.64822784810127,0.0
23,2025-10-12,weekend,87,339.1231884057971,0.0
23,2025-10-12,weekend,88,340.48275862068965,0.0
23,2025-10-12,weekend,89,334.297816091954,0.0
23,2025-10-12,weekend,90,333.85692307692307,0.0
23,2025-10-12,weekend,91,346.84141025641026,0.0
23,2025-10-12,weekend,92,328.24823529411765,0.0
23,2025-10-12,weekend,93,266.4297701149425,0.0
23,2025-10-12,weekend,94,150.64917808219178,0.0
23,2025-10-12,weekend,95,135.19289156626508,0.0
24,2025-10-13,working,0,116.83160493827161,0.0
24,2025-10-13,working,1,143.73066666666668,0.0
24,2025-10-13,working,2,142.86033333333333,0.0
24,2025-10-13,working,3,135.39811111111112,0.0
24,2025-10-13,working,4,117.28622222222222,0.0
24,2025-10-13,working,5,128.41933333333333,0.0
24,2025-10-13,working,6,128.62155555555557,0.0
24,2025-10-13,working,7,115.48199999999999,0.0
24,2025-10-13,working,8,143.9398888888889,0.0
24,2025-10-13,working,9,131.1822222222222,0.0
24,2025-10-13,working,10,139.32888888888888,0.0
24,2025-10-13,working,11,139.693,0.0
24,2025-10-13,working,12,145.6037777777778,0.0
24,2025-10-13,working,13,117.11433333333335,0.0
24,2025-10-13,working,14,136.27355555555556,0.0
24,2025-10-13,working,15,134.4092222222222,0.0
24,2025-10-13,working,16,133.99744444444445,0.0
24,2025-10-13,working,17,135.674,0.0
24,2025-10-13,working,18,131.77566666666667,0.0
24,2025-10-13,working,19,129.0861111111111,0.0
24,2025-10-13,working,20,143.1381111111111,0.0
24,2025-10-13,working,21,255.722,0.0
24,2025-10-13,working,22,301.5317777777778,0.0
24,2025-10-13,working,23,313.036,2.1764444444444444
24,2025-10-13,working,24,312.7637777777778,10.778333333333332
24,2025-10-13,working,25,343.81166666666667,18.532666666666668
24,2025-10-13,working,26,346.171,32.23388888888889
24,2025-10-13,working,27,358.36944444444447,40.964666666666666
24,2025-10-13,working,28,367.7701111111111,56.11133333333334
24,2025-10-13,working,29,403.6941111111111,68.997
24,2025-10-13,working,30,467.0122222222222,103.20622222222222
24,2025-10-13,working,31,520.5306666666667,77.588
24,2025-10-13,working,32,514.437,45.67766666666667
24,2025-10-13,working,33,496.3432222222222,42.39888888888889
24,2025-10-13,working,34,517.0442222222223,58.06633333333333
24,2025-10-13,working,35,560.507,191.205
24,2025-10-13,working,36,589.3092222222223,326.5006666666667
24,2025-10-13,working,37,542.5825555555556,474.1775555555556
24,2025-10-13,working,38,529.0163333333334,328.09566666666666
24,2025-10-13,working,39,532.6502222222222,174.88122222222222
24,2025-10-13,working,40,542.1852222222223,177.365
24,2025-10-13,working,41,522.6256666666667,174.00088888888888
24,2025-10-13,working,42,535.8405555555556,168.97977777777777
24,2025-10-13,working,43,548.1795555555556,389.9631111111111
24,2025-10-13,working,44,564.8002222222221,497.8417777777778
24,2025-10-13,working,45,546.5118888888888,274.8807777777778
24,2025-10-13,working,46,524.9618888888889,227.50966666666665
24,2025-10-13,working,47,527.5509999999999,81.21444444444445
24,2025-10-13,working,48,504.4494252873563,62.93011494252874
24,2025-10-13,working,49,506.7556818181818,39.68090909090909
24,2025-10-13,working,50,520.8879518072289,18.226265060240962
24,2025-10-13,working,51,524.6540476190477,33.81452380952381
24,2025-10-13,working,52,515.7189333333333,12.949466666666668
24,2025-10-13,working,53,503.20764705882357,9.729411764705882
24,2025-10-13,working,54,519.7446341463415,14.32280487804878
24,2025-10-13,working,55,503.5535135135135,23.845135135135134
24,2025-10-13,working,56,522.9881927710844,27.741807228915665
24,2025-10-13,working,57,543.9758333333333,33.46190476190476
24,2025-10-13,working,58,544.6347368421052,40.4925
24,2025-10-13,working,59,536.9292405063292,54.99835443037975
24,2025-10-13,working,60,521.0577906976745,65.19534883720931
24,2025-10-13,working,61,526.7412658227847,69.95797468354431
24,2025-10-13,working,62,518.3567088607595,16.184177215189873
24,2025-10-13,working,63,475.11297619047616,7.286190476190476
24,2025-10-13,working,64,482.93698795180717,8.04421686746988
24,2025-10-13,working,65,475.58727272727276,5.6131168831168825
24,2025-10-13,working,66,436.09275862068966,6.249540229885058
24,2025-10-13,working,67,417.1653012048193,7.289879518072288
24,2025-10-13,working,68,416.84263157894736,4.86921052631579
24,2025-10-13,working,69,408.4010843373494,1.0255421686746988
24,2025-10-13,working,70,405.8627380952381,0.02011904761904762
24,2025-10-13,working,71,394.06548780487805,0.0
24,2025-10-13,working,72,368.9943529411765,0.0
24,2025-10-13,working,73,362.40170731707315,0.0
24,2025-10-13,working,74,375.35481481481486,0.0
24,2025-10-13,working,75,385.5927536231884,0.0
24,2025-10-13,working,76,375.19708860759494,0.0
24,2025-10-13,working,77,375.26867469879517,0.0
24,2025-10-13,working,78,350.61233766233767,0.0
24,2025-10-13,working,79,324.3936,0.0
24,2025-10-13,working,80,311.51234567901236,0.0
24,2025-10-13,working,81,318.4032926829268,0.0
24,2025-10-13,working,82,308.56440000000003,0.0
24,2025-10-13,working,83,312.39602409638553,0.0
24,2025-10-13,working,84,306.77767441860465,0.0
24,2025-10-13,working,85,287.11826666666667,0.0
24,2025-10-13,working,86,213.9060975609756,0.0
24,2025-10-13,working,87,119.14077922077922,0.0
24,2025-10-13,working,88,140.3116883116883,0.0
24,2025-10-13,working,89,151.5247435897436,0.0
24,2025-10-13,working,90,164.38867469879517,0.0
24,2025-10-13,working,91,148.82926829268294,0.0
24,2025-10-13,working,92,154.82050632911393,0.0
24,2025-10-13,working,93,155.96170731707318,0.0
24,2025-10-13,working,94,120.7329268292683,0.0
24,2025-10-13,working,95,122.56824999999999,0.0
25,2025-10-14,working,0,1.680246913580247,0.0
25,2025-10-14,working,1,0.0,0.0
25,2025-10-14,working,2,0.0,0.0
25,2025-10-14,working,3,0.0,0.0
25,2025-10-14,working,4,0.0,0.0
25,2025-10-14,working,5,0.0,0.0
25,2025-10-14,working,6,0.0,0.0
25,2025-10-14,working,7,0.0,0.0
25,2025-10-14,working,8,0.0,0.0
25,2025-10-14,working,9,0.0,0.0
25,2025-10-14,working,10,0.0,0.0
25,2025-10-14,working,11,0.0,0.0
25,2025-10-14,working,12,0.0,0.0
25,2025-10-14,working,13,0.0,0.0
25,2025-10-14,working,14,0.0,0.0
25,2025-10-14,working,15,0.0,0.0
25,2025-10-14,working,16,0.0,0.0
25,2025-10-14,working,17,0.0,0.0
25,2025-10-14,working,18,0.0,0.0
25,2025-10-14,working,19,0.0,0.0
25,2025-10-14,working,20,0.0,0.0
25,2025-10-14,working,21,0.0,0.0
25,2025-10-14,working,22,0.0,0.0
25,2025-10-14,working,23,0.0,0.0
25,2025-10-14,working,24,0.0,0.0
25,2025-10-14,working,25,0.0,0.0
25,2025-10-14,working,26,0.0,0.0
25,2025-10-14,working,27,0.0,0.0
25,2025-10-14,working,28,0.0,0.0
25,2025-10-14,working,29,0.0,0.0
25,2025-10-14,working,30,0.0,0.0
25,2025-10-14,working,31,0.0,0.0
25,2025-10-14,working,32,277.1672413793103,12.194367816091955
25,2025-10-14,working,33,496.8841463414634,28.86780487804878
25,2025-10-14,working,34,500.1605813953488,100.47139534883722
25,2025-10-14,working,35,518.6167857142857,121.25928571428572
25,2025-10-14,working,36,516.6898795180723,134.33746987951807
25,2025-10-14,working,37,536.2782432432432,178.81594594594594
25,2025-10-14,working,38,539.6146428571428,214.38000000000002
25,2025-10-14,working,39,558.2061904761905,205.82357142857143
25,2025-10-14,working,40,556.1988,217.02933333333334
25,2025-10-14,working,41,533.403375,124.292625
25,2025-10-14,working,42,531.8357471264368,53.53885057471265
25,2025-10-14,working,43,530.0396341463414,49.59585365853658
25,2025-10-14,working,44,490.2713333333333,51.9016
25,2025-10-14,working,45,497.57795454545453,39.07704545454545
25,2025-10-14,working,46,470.1117441860465,25.94953488372093
25,2025-10-14,working,47,467.6401369863014,16.05821917808219
25,2025-10-14,working,48,456.3540476190476,12.843809523809526
25,2025-10-14,working,49,471.8621428571428,11.725119047619048
25,2025-10-14,working,50,484.0680487804878,15.552317073170732
25,2025-10-14,working,51,466.9717333333333,21.27
25,2025-10-14,working,52,479.8434523809524,33.27321428571428
25,2025-10-14,working,53,476.7626506024097,51.362771084337346
25,2025-10-14,working,54,498.33142857142855,74.97114285714285
25,2025-10-14,working,55,485.70528735632183,100.11747126436781
25,2025-10-14,working,56,483.95232558139537,78.06779069767441
25,2025-10-14,working,57,477.81362499999994,99.15112500000001
25,2025-10-14,working,58,488.0348101265823,120.42
25,2025-10-14,working,59,485.32788235294123,126.10647058823528
25,2025-10-14,working,60,497.74482758620695,111.48310344827587
25,2025-10-14,working,61,497.9875,107.28772727272727
25,2025-10-14,working,62,482.9893333333333,99.236
25,2025-10-14,working,63,480.74755555555555,57.80155555555556
25,2025-10-14,working,64,461.95522222222223,71.96955555555556
25,2025-10-14,working,65,473.8887640449438,59.41752808988764
25,2025-10-14,working,66,430.05344444444444,50.98166666666667
25,2025-10-14,working,67,433.53999999999996,34.282666666666664
25,2025-10-14,working,68,423.6031034482759,14.529425287356322
25,2025-10-14,working,69,413.26922222222225,4.780666666666667
25,2025-10-14,working,70,368.2306666666667,0.07666666666666667
25,2025-10-14,working,71,350.235,0.0
25,2025-10-14,working,72,340.5003409090909,0.0
25,2025-10-14,working,73,360.11266666666666,0.0
25,2025-10-14,working,74,355.8066666666667,0.0
25,2025-10-14,working,75,357.50944444444445,0.0
25,2025-10-14,working,76,358.13033333333334,0.0
25,2025-10-14,working,77,359.12755555555555,0.0
25,2025-10-14,working,78,326.50333333333333,0.0
25,2025-10-14,working,79,314.90444444444444,0.0
25,2025-10-14,working,80,320.2102222222222,0.0
25,2025-10-14,working,81,315.8132954545454,0.0
25,2025-10-14,working,82,313.6124137931034,0.0
25,2025-10-14,working,83,279.3665555555556,0.0
25,2025-10-14,working,84,282.3713333333333,0.0
25,2025-10-14,working,85,272.52222222222224,0.0
25,2025-10-14,working,86,269.8948888888889,0.0
25,2025-10-14,working,87,256.5028888888889,0.0
25,2025-10-14,working,88,243.7802247191011,0.0
25,2025-10-14,working,89,233.77366666666668,0.0
25,2025-10-14,working,90,181.69922222222223,0.0
25,2025-10-14,working,91,109.89123595505617,0.0
25,2025-10-14,working,92,117.80866666666667,0.0
25,2025-10-14,working,93,118.00077777777777,0.0
25,2025-10-14,working,94,128.20155555555556,0.0
25,2025-10-14,working,95,128.76620689655172,0.0
26,2025-10-15,working,0,0.0,0.0
26,2025-10-15,working,1,0.0,0.0
26,2025-10-15,working,2,0.0,0.0
26,2025-10-15,working,3,0.0,0.0
26,2025-10-15,working,4,0.0,0.0
26,2025-10-15,working,5,0.0,0.0
26,2025-10-15,working,6,0.0,0.0
26,2025-10-15,working,7,0.0,0.0
26,2025-10-15,working,8,0.0,0.0
26,2025-10-15,working,9,0.0,0.0
26,2025-10-15,working,10,0.0,0.0
26,2025-10-15,working,11,0.0,0.0
26,2025-10-15,working,12,0.0,0.0
26,2025-10-15,working,13,0.0,0.0
26,2025-10-15,working,14,0.0,0.0
26,2025-10-15,working,15,0.0,0.0
26,2025-10-15,working,16,0.0,0.0
26,2025-10-15,working,17,0.0,0.0
26,2025-10-15,working,18,0.0,0.0
26,2025-10-15,working,19,0.0,0.0
26,2025-10-15,working,20,0.0,0.0
26,2025-10-15,working,21,0.0,0.0
26,2025-10-15,working,22,0.0,0.0
26,2025-10-15,working,23,104.7581111111111,1.193
26,2025-10-15,working,24,273.2081111111111,5.250333333333334
26,2025-10-15,working,25,297.27022222222223,13.513777777777777
26,2025-10-15,working,26,306.6143333333333,26.933555555555554
26,2025-10-15,working,27,317.73755555555556,44.23211111111111
26,2025-10-15,working,28,337.40433333333334,63.932222222222215
26,2025-10-15,working,29,368.1,119.70188888888889
26,2025-10-15,working,30,442.297,223.93488888888888
26,2025-10-15,working,31,483.4962222222223,260.54955555555557
26,2025-10-15,working,32,484.0755555555556,227.67044444444446
26,2025-10-15,working,33,499.39866666666666,234.98088888888887
26,2025-10-15,working,34,488.72344444444445,285.4422222222222
26,2025-10-15,working,35,520.0467777777777,436.01577777777777
26,2025-10-15,working,36,562.388,236.98911111111113
26,2025-10-15,working,37,557.1141111111111,181.616
26,2025-10-15,working,38,539.422,209.59455555555553
26,2025-10-15,working,39,518.0361111111112,361.1934444444444
26,2025-10-15,working,40,520.3988888888889,395.2423333333333
26,2025-10-15,working,41,508.2067777777778,419.05355555555553
26,2025-10-15,working,42,532.2095555555555,169.93577777777776
26,2025-10-15,working,43,557.2082222222222,252.10422222222223
26,2025-10-15,working,44,535.176,268.371
26,2025-10-15,working,45,520.035,276.1213333333333
26,2025-10-15,working,46,517.5523333333333,263.505
26,2025-10-15,working,47,528.6433333333333,350.85422222222223
26,2025-10-15,working,48,532.9819101123595,364.1367415730337
26,2025-10-15,working,49,536.0271764705882,142.5464705882353
26,2025-10-15,working,50,532.9774444444445,65.16377777777778
26,2025-10-15,working,51,482.2577528089888,41.738314606741575
26,2025-10-15,working,52,477.6917777777778,54.07877777777778
26,2025-10-15,working,53,484.57877777777776,45.40022222222222
26,2025-10-15,working,54,489.0345555555556,46.00555555555555
26,2025-10-15,working,55,482.92999999999995,58.13966666666666
26,2025-10-15,working,56,498.8228888888889,64.19855555555556
26,2025-10-15,working,57,512.6427777777777,76.05622222222223
26,2025-10-15,working,58,530.4582222222222,108.42611111111111
26,2025-10-15,working,59,547.856,123.42955555555555
26,2025-10-15,working,60,540.2532222222222,124.19422222222222
26,2025-10-15,working,61,528.6275555555555,114.56477777777778
26,2025-10-15,working,62,532.5252222222222,98.06322222222222
26,2025-10-15,working,63,536.1182222222222,85.577
26,2025-10-15,working,64,537.0973333333334,73.02677777777778
26,2025-10-15,working,65,493.87344444444443,56.55166666666666
26,2025-10-15,working,66,479.6441111111111,40.10766666666667
26,2025-10-15,working,67,466.2988888888889,25.628
26,2025-10-15,working,68,461.3521111111111,12.369333333333334
26,2025-10-15,working,69,450.3474444444444,2.6598888888888887
26,2025-10-15,working,70,453.25211111111116,0.1361111111111111
26,2025-10-15,working,71,402.18888888888887,0.0
26,2025-10-15,working,72,354.06266666666664,0.0
26,2025-10-15,working,73,371.15588888888885,0.0
26,2025-10-15,working,74,354.8622222222222,0.0
26,2025-10-15,working,75,370.10499999999996,0.0
26,2025-10-15,working,76,360.0252222222222,0.0
26,2025-10-15,working,77,357.6574444444444,0.0
26,2025-10-15,working,78,344.52733333333333,0.0
26,2025-10-15,working,79,296.31811111111114,0.0
26,2025-10-15,working,80,321.1688888888889,0.0
26,2025-10-15,working,81,301.29055555555556,0.0
26,2025-10-15,working,82,284.5962222222222,0.0
26,2025-10-15,working,83,282.3428888888889,0.0
26,2025-10-15,working,84,267.03866666666664,0.0
26,2025-10-15,working,85,276.43055555555554,0.0
26,2025-10-15,working,86,272.09766666666667,0.0
26,2025-10-15,working,87,278.1077528089888,0.0
26,2025-10-15,working,88,180.81088888888888,0.0
26,2025-10-15,working,89,167.57566666666665,0.0
26,2025-10-15,working,90,166.83896551724138,0.0
26,2025-10-15,working,91,168.8384705882353,0.0
26,2025-10-15,working,92,167.56222222222223,0.0
26,2025-10-15,working,93,165.7068888888889,0.0
26,2025-10-15,working,94,158.27935897435898,0.0
26,2025-10-15,working,95,152.7828888888889,0.0
27,2025-10-16,working,0,163.024125,0.0
27,2025-10-16,working,1,141.12488888888888,0.0
27,2025-10-16,working,2,148.073,0.0
27,2025-10-16,working,3,154.41277777777776,0.0
27,2025-10-16,working,4,139.96900000000002,0.0
27,2025-10-16,working,5,154.02311111111112,0.0
27,2025-10-16,working,6,141.55466666666666,0.0
27,2025-10-16,working,7,139.14911111111113,0.0
27,2025-10-16,working,8,131.95177777777778,0.0
27,2025-10-16,working,9,140.94766666666666,0.0
27,2025-10-16,working,10,131.2208888888889,0.0
27,2025-10-16,working,11,129.11177777777777,0.0
27,2025-10-16,working,12,129.88833333333335,0.0
27,2025-10-16,working,13,124.12366666666665,0.0
27,2025-10-16,working,14,125.25188888888889,0.0
27,2025-10-16,working,15,126.64422222222221,0.0
27,2025-10-16,working,16,130.9121111111111,0.0
27,2025-10-16,working,17,124.36833333333333,0.0
27,2025-10-16,working,18,116.55122222222222,0.0
27,2025-10-16,working,19,113.83666666666666,0.0
27,2025-10-16,working,20,117.582,0.0
27,2025-10-16,working,21,236.8537777777778,0.0
27,2025-10-16,working,22,237.15422222222224,1.3027777777777778
27,2025-10-16,working,23,246.97155555555554,33.788333333333334
27,2025-10-16,working,24,280.5684444444444,34.12744444444444
27,2025-10-16,working,25,326.2013333333333,36.093444444444444
27,2025-10-16,working,26,343.65833333333336,62.244666666666674
27,2025-10-16,working,27,350.19155555555557,102.91288888888889
27,2025-10-16,working,28,364.819,115.0191111111111
27,2025-10-16,working,29,397.7288888888889,157.6628888888889
27,2025-10-16,working,30,420.03766666666667,244.9381111111111
27,2025-10-16,working,31,446.0764444444444,257.27733333333333
27,2025-10-16,working,32,454.7388888888889,332.7103333333333
27,2025-10-16,working,33,520.1382222222222,365.1808888888889
27,2025-10-16,working,34,514.3625555555556,260.9893333333333
27,2025-10-16,working,35,524.8136666666667,208.0561111111111
27,2025-10-16,working,36,551.2021111111111,209.46333333333334
27,2025-10-16,working,37,547.058,262.8742222222222
27,2025-10-16,working,38,548.5649999999999,278.98733333333337
27,2025-10-16,working,39,542.8323333333334,311.548
27,2025-10-16,working,40,532.3861111111111,345.72266666666667
27,2025-10-16,working,41,560.9992222222222,353.39033333333333
27,2025-10-16,working,42,552.8625555555556,376.80344444444444
27,2025-10-16,working,43,530.7391111111111,297.5056666666666
27,2025-10-16,working,44,517.3993333333334,268.14666666666665
27,2025-10-16,working,45,562.4861111111111,355.10977777777777
27,2025-10-16,working,46,596.5355555555556,479.43566666666663
27,2025-10-16,working,47,581.228111111111,368.03055555555557
27,2025-10-16,working,48,605.9615555555556,387.2853333333333
27,2025-10-16,working,49,580.9124444444444,236.45633333333333
27,2025-10-16,working,50,581.5274444444444,227.75955555555555
27,2025-10-16,working,51,572.5027777777777,473.4903333333333
27,2025-10-16,working,52,586.8365555555556,539.1551111111111
27,2025-10-16,working,53,568.1478888888888,478.7556666666667
27,2025-10-16,working,54,543.5781111111111,389.53288888888886
27,2025-10-16,working,55,559.6265555555556,361.3624444444444
27,2025-10-16,working,56,577.4424444444444,389.032
27,2025-10-16,working,57,580.5161111111111,421.612
27,2025-10-16,working,58,587.1925555555556,406.2395555555555
27,2025-10-16,working,59,583.4968888888889,369.7873333333333
27,2025-10-16,working,60,595.2953333333334,222.994
27,2025-10-16,working,61,583.7722222222222,253.4668888888889
27,2025-10-16,working,62,600.3581111111112,280.16977777777777
27,2025-10-16,working,63,581.6134444444444,213.41555555555558
27,2025-10-16,working,64,566.0148888888889,152.02233333333334
27,2025-10-16,working,65,531.6681111111111,101.25255555555555
27,2025-10-16,working,66,491.0948888888889,81.70422222222223
27,2025-10-16,working,67,451.5748888888889,56.93277777777777
27,2025-10-16,working,68,431.265,26.72911111111111
27,2025-10-16,working,69,423.30477777777776,8.99611111111111
27,2025-10-16,working,70,374.8957777777778,1.3433333333333335
27,2025-10-16,working,71,355.5478888888889,0.0
27,2025-10-16,working,72,339.2628888888889,0.0
27,2025-10-16,working,73,327.4768888888889,0.0
27,2025-10-16,working,74,315.21366666666665,0.0
27,2025-10-16,working,75,293.3776666666667,0.0
27,2025-10-16,working,76,293.0995555555555,0.0
27,2025-10-16,working,77,229.5481111111111,0.0
27,2025-10-16,working,78,220.98555555555555,0.0
27,2025-10-16,working,79,236.17211111111112,0.0
27,2025-10-16,working,80,225.53044444444447,0.0
27,2025-10-16,working,81,219.95822222222225,0.0
27,2025-10-16,working,82,221.00788888888889,0.0
27,2025-10-16,working,83,226.29877777777776,0.0
27,2025-10-16,working,84,207.2734523809524,0.0
27,2025-10-16,working,85,134.574,0.0
27,2025-10-16,working,86,131.58100000000002,0.0
27,2025-10-16,working,87,142.08682352941176,0.0
27,2025-10-16,working,88,110.14255555555556,0.0
27,2025-10-16,working,89,124.79855555555557,0.0
27,2025-10-16,working,90,125.12644444444443,0.0
27,2025-10-16,working,91,126.4595294117647,0.0
27,2025-10-16,working,92,122.03820224719101,0.0
27,2025-10-16,working,93,107.02322222222223,0.0
27,2025-10-16,working,94,115.98249999999999,0.0
27,2025-10-16,working,95,105.02772727272728,0.0
28,2025-10-17,working,0,113.39962499999999,0.0
28,2025-10-17,working,1,115.04911111111112,0.0
28,2025-10-17,working,2,123.62244444444445,0.0
28,2025-10-17,working,3,122.62866666666666,0.0
28,2025-10-17,working,4,123.1,0.0
28,2025-10-17,working,5,110.18544444444446,0.0
28,2025-10-17,working,6,106.52888888888889,0.0
28,2025-10-17,working,7,99.68466666666667,0.0
28,2025-10-17,working,8,110.5111111111111,0.0
28,2025-10-17,working,9,105.84655555555557,0.0
28,2025-10-17,working,10,108.98755555555555,0.0
28,2025-10-17,working,11,83.38633333333333,0.0
28,2025-10-17,working,12,82.53955555555557,0.0
28,2025-10-17,working,13,81.84433333333332,0.0
28,2025-10-17,working,14,82.39522222222222,0.0
28,2025-10-17,working,15,81.95166666666667,0.0
28,2025-10-17,working,16,80.92333333333333,0.0
28,2025-10-17,working,17,147.39255555555556,0.0
28,2025-10-17,working,18,185.74133333333336,0.0
28,2025-10-17,working,19,185.43222222222224,0.0
28,2025-10-17,working,20,175.34722222222223,0.0
28,2025-10-17,working,21,219.53755555555557,0.0
28,2025-10-17,working,22,282.95177777777775,0.01188888888888889
28,2025-10-17,working,23,269.49055555555555,2.3804444444444446
28,2025-10-17,working,24,318.91122222222225,13.736777777777776
28,2025-10-17,working,25,339.0211111111111,27.912
28,2025-10-17,working,26,359.427,46.81233333333333
28,2025-10-17,working,27,375.17466666666667,132.06866666666667
28,2025-10-17,working,28,399.07866666666666,83.42255555555555
28,2025-10-17,working,29,458.3332222222222,171.66444444444443
28,2025-10-17,working,30,469.613,138.33422222222222
28,2025-10-17,working,31,524.6581111111111,203.64877777777778
28,2025-10-17,working,32,558.6855555555555,289.02011111111113
28,2025-10-17,working,33,576.1044444444444,228.90155555555555
28,2025-10-17,working,34,593.5094444444444,365.0483333333333
28,2025-10-17,working,35,571.5227777777778,326.45255555555553
28,2025-10-17,working,36,573.695111111111,331.6934444444444
28,2025-10-17,working,37,576.8115555555555,381.9047777777778
28,2025-10-17,working,38,597.5081111111111,445.7042222222222
28,2025-10-17,working,39,598.1066666666667,430.6297777777778
28,2025-10-17,working,40,591.3781111111111,347.6638888888889
28,2025-10-17,working,41,591.9844444444444,411.33244444444443
28,2025-10-17,working,42,589.3893333333333,409.96733333333333
28,2025-10-17,working,43,596.1594444444444,211.3287777777778
28,2025-10-17,working,44,564.3026666666666,443.02599999999995
28,2025-10-17,working,45,571.0023333333334,184.055
28,2025-10-17,working,46,562.941,411.03566666666666
28,2025-10-17,working,47,559.5184444444445,207.41299999999998
28,2025-10-17,working,48,569.1418888888888,211.6952222222222
28,2025-10-17,working,49,569.49,326.5348888888889
28,2025-10-17,working,50,532.668,162.596
28,2025-10-17,working,51,555.8151111111112,280.2441111111111
28,2025-10-17,working,52,549.1477777777778,432.6682222222222
28,2025-10-17,working,53,532.8894444444445,346.0031111111111
28,2025-10-17,working,54,562.2653333333333,406.1348888888889
28,2025-10-17,working,55,571.967,407.39922222222225
28,2025-10-17,working,56,559.3932222222222,247.228
28,2025-10-17,working,57,567.5075555555555,382.92
28,2025-10-17,working,58,582.7991111111111,350.0291111111111
28,2025-10-17,working,59,573.7547777777778,330.6131111111111
28,2025-10-17,working,60,575.4285555555556,172.59944444444446
28,2025-10-17,working,61,569.072,251.62377777777778
28,2025-10-17,working,62,557.8413333333333,234.53455555555556
28,2025-10-17,working,63,548.4682222222223,187.5001111111111
28,2025-10-17,working,64,535.9069999999999,148.7418888888889
28,2025-10-17,working,65,488.09977777777783,108.97311111111111
28,2025-10-17,working,66,464.3637777777777,72.07477777777778
28,2025-10-17,working,67,470.47166666666664,41.60322222222222
28,2025-10-17,working,68,419.9187951807229,18.501927710843376
28,2025-10-17,working,69,390.43844444444443,4.872222222222222
28,2025-10-17,working,70,373.85299999999995,0.4013333333333333
28,2025-10-17,working,71,348.14620253164554,0.0
28,2025-10-17,working,72,355.5565555555556,0.0
28,2025-10-17,working,73,319.903,0.0
28,2025-10-17,working,74,295.96093023255816,0.0
28,2025-10-17,working,75,293.7912048192771,0.0
28,2025-10-17,working,76,274.0839325842697,0.0
28,2025-10-17,working,77,281.6306666666666,0.0
28,2025-10-17,working,78,289.8452564102564,0.0
28,2025-10-17,working,79,278.10555555555555,0.0
28,2025-10-17,working,80,286.39988764044944,0.0
28,2025-10-17,working,81,281.93056818181816,0.0
28,2025-10-17,working,82,244.06086419753086,0.0
28,2025-10-17,working,83,228.0708888888889,0.0
28,2025-10-17,working,84,215.65483146067413,0.0
28,2025-10-17,working,85,193.77722891566265,0.0
28,2025-10-17,working,86,142.20844444444444,0.0
28,2025-10-17,working,87,40.86788888888889,0.0
28,2025-10-17,working,88,32.499518072289156,0.0
28,2025-10-17,working,89,32.60176470588235,0.0
28,2025-10-17,working,90,31.799777777777777,0.0
28,2025-10-17,working,91,32.361777777777775,0.0
28,2025-10-17,working,92,25.75875,0.0
28,2025-10-17,working,93,24.897,0.0
28,2025-10-17,working,94,25.879555555555555,0.0
28,2025-10-17,working,95,26.350864197530864,0.0
29,2025-10-18,working,0,26.745875,0.0
29,2025-10-18,working,1,26.431666666666665,0.0
29,2025-10-18,working,2,26.330666666666666,0.0
29,2025-10-18,working,3,26.687555555555555,0.0
29,2025-10-18,working,4,26.837777777777777,0.0
29,2025-10-18,working,5,26.36011111111111,0.0
29,2025-10-18,working,6,26.79477777777778,0.0
29,2025-10-18,working,7,26.544888888888888,0.0
29,2025-10-18,working,8,27.500888888888888,0.0
29,2025-10-18,working,9,26.435444444444446,0.0
29,2025-10-18,working,10,26.32411111111111,0.0
29,2025-10-18,working,11,26.87177777777778,0.0
29,2025-10-18,working,12,26.110555555555553,0.0
29,2025-10-18,working,13,26.819438202247188,0.0
29,2025-10-18,working,14,25.50111111111111,0.0
29,2025-10-18,working,15,26.44288888888889,0.0
29,2025-10-18,working,16,26.549333333333333,0.0
29,2025-10-18,working,17,26.761555555555557,0.0
29,2025-10-18,working,18,25.628444444444444,0.0
29,2025-10-18,working,19,26.82511111111111,0.0
29,2025-10-18,working,20,26.55322222222222,0.0
29,2025-10-18,working,21,25.64388888888889,0.0
29,2025-10-18,working,22,24.172888888888888,0.014
29,2025-10-18,working,23,20.668666666666667,1.800888888888889
29,2025-10-18,working,24,19.86277777777778,12.581888888888887
29,2025-10-18,working,25,21.13711111111111,17.89788888888889
29,2025-10-18,working,26,22.36877777777778,18.078333333333333
29,2025-10-18,working,27,21.193222222222225,18.337555555555554
29,2025-10-18,working,28,22.673333333333332,19.561777777777777
29,2025-10-18,working,29,24.119555555555557,20.780666666666665
29,2025-10-18,working,30,34.93211111111111,28.455444444444442
29,2025-10-18,working,31,58.22622222222222,53.93533333333334
29,2025-10-18,working,32,58.42766666666667,44.76255555555556
29,2025-10-18,working,33,41.36255555555556,31.392444444444447
29,2025-10-18,working,34,47.70211111111111,38.38022222222222
29,2025-10-18,working,35,49.33388888888889,37.63744444444444
29,2025-10-18,working,36,55.178999999999995,50.38788888888889
29,2025-10-18,working,37,55.095555555555556,48.29222222222222
29,2025-10-18,working,38,55.153777777777776,47.89955555555556
29,2025-10-18,working,39,58.88077777777778,53.92177777777778
29,2025-10-18,working,40,57.466888888888896,52.357
29,2025-10-18,working,41,62.724,57.94555555555556
29,2025-10-18,working,42,65.21233333333333,60.96622222222222
29,2025-10-18,working,43,62.31833333333333,56.57633333333333
29,2025-10-18,working,44,59.53088888888889,53.574
29,2025-10-18,working,45,64.68133333333333,56.58766666666667
29,2025-10-18,working,46,56.31711111111111,46.406444444444446
29,2025-10-18,working,47,45.199666666666666,41.799
29,2025-10-18,working,48,34.46977777777778,28.980555555555554
29,2025-10-18,working,49,36.44233333333333,33.522666666666666
29,2025-10-18,working,50,34.736444444444444,31.53066666666667
29,2025-10-18,working,51,34.385666666666665,30.436444444444447
29,2025-10-18,working,52,49.26333333333333,39.97911111111111
29,2025-10-18,working,53,65.92044444444444,50.96355555555556
29,2025-10-18,working,54,54.67111111111111,44.763888888888886
29,2025-10-18,working,55,61.937555555555555,55.397666666666666
29,2025-10-18,working,56,60.593555555555554,43.69522222222223
29,2025-10-18,working,57,66.09211111111111,49.69177777777778
29,2025-10-18,working,58,72.29277777777779,61.73166666666667
29,2025-10-18,working,59,74.71666666666667,60.31911111111111
29,2025-10-18,working,60,64.59388888888888,51.037666666666674
29,2025-10-18,working,61,74.35855555555555,58.769111111111116
29,2025-10-18,working,62,63.01555555555555,54.39544444444444
29,2025-10-18,working,63,66.54622222222223,54.76811111111111
29,2025-10-18,working,64,63.73455555555555,50.75477777777778
29,2025-10-18,working,65,63.26233333333333,51.90188888888889
29,2025-10-18,working,66,52.58611111111111,40.12266666666667
29,2025-10-18,working,67,29.445222222222224,24.01488888888889
29,2025-10-18,working,68,24.46822222222222,17.796444444444447
29,2025-10-18,working,69,24.365333333333336,6.649444444444445
29,2025-10-18,working,70,25.214555555555556,0.6993333333333334
29,2025-10-18,working,71,26.431666666666665,0.0
29,2025-10-18,working,72,25.94488888888889,0.0
29,2025-10-18,working,73,25.455333333333332,0.0
29,2025-10-18,working,74,24.621333333333332,0.0
29,2025-10-18,working,75,25.747948717948717,0.0
29,2025-10-18,working,76,25.31539325842697,0.0
29,2025-10-18,working,77,25.548333333333332,0.0
29,2025-10-18,working,78,24.68288888888889,0.0
29,2025-10-18,working,79,24.96011111111111,0.0
29,2025-10-18,working,80,25.27588888888889,0.0
29,2025-10-18,working,81,24.453333333333337,0.0
29,2025-10-18,working,82,24.281555555555556,0.0
29,2025-10-18,working,83,24.75922222222222,0.0
29,2025-10-18,working,84,25.127777777777776,0.0
29,2025-10-18,working,85,24.889666666666667,0.0
29,2025-10-18,working,86,24.824444444444442,0.0
29,2025-10-18,working,87,24.866,0.0
29,2025-10-18,working,88,24.627411764705883,0.0
29,2025-10-18,working,89,24.519764705882352,0.0
29,2025-10-18,working,90,23.108333333333334,0.0
29,2025-10-18,working,91,24.249777777777776,0.0
29,2025-10-18,working,92,24.404756097560977,0.0
29,2025-10-18,working,93,24.45522222222222,0.0
29,2025-10-18,working,94,24.61011111111111,0.0
29,2025-10-18,working,95,24.56816091954023,0.0
30,2025-10-19,weekend,0,24.420125000000002,0.0
30,2025-10-19,weekend,1,24.115444444444442,0.0
30,2025-10-19,weekend,2,24.605333333333334,0.0
30,2025-10-19,weekend,3,24.025666666666666,0.0
30,2025-10-19,weekend,4,24.255333333333333,0.0
30,2025-10-19,weekend,5,24.576666666666668,0.0
30,2025-10-19,weekend,6,24.71011111111111,0.0
30,2025-10-19,weekend,7,24.130444444444443,0.0
30,2025-10-19,weekend,8,24.653444444444442,0.0
30,2025-10-19,weekend,9,23.36733333333333,0.0
30,2025-10-19,weekend,10,24.50466666666667,0.0
30,2025-10-19,weekend,11,24.556666666666665,0.0
30,2025-10-19,weekend,12,24.21322222222222,0.0
30,2025-10-19,weekend,13,24.422444444444444,0.0
30,2025-10-19,weekend,14,24.31577777777778,0.0
30,2025-10-19,weekend,15,23.59788888888889,0.0
30,2025-10-19,weekend,16,23.86011111111111,0.0
30,2025-10-19,weekend,17,24.196666666666665,0.0
30,2025-10-19,weekend,18,24.540555555555557,0.0
30,2025-10-19,weekend,19,24.722111111111108,0.0
30,2025-10-19,weekend,20,24.176000000000002,0.0
30,2025-10-19,weekend,21,22.525,0.0
30,2025-10-19,weekend,22,21.183222222222224,0.04488888888888889
30,2025-10-19,weekend,23,18.75422222222222,2.732222222222222
30,2025-10-19,weekend,24,19.59122222222222,13.889999999999999
30,2025-10-19,weekend,25,19.663333333333334,16.81722222222222
30,2025-10-19,weekend,26,21.331333333333333,18.83488888888889
30,2025-10-19,weekend,27,18.956555555555553,17.12822222222222
30,2025-10-19,weekend,28,19.796777777777777,16.746333333333332
30,2025-10-19,weekend,29,22.068555555555555,18.316333333333333
30,2025-10-19,weekend,30,24.34122222222222,20.962444444444444
30,2025-10-19,weekend,31,25.229999999999997,21.65266666666667
30,2025-10-19,weekend,32,24.816444444444446,21.200888888888887
30,2025-10-19,weekend,33,24.617555555555555,21.746000000000002
30,2025-10-19,weekend,34,25.675111111111107,22.901444444444447
30,2025-10-19,weekend,35,25.69344444444444,21.05811111111111
30,2025-10-19,weekend,36,27.077222222222222,23.598999999999997
30,2025-10-19,weekend,37,26.40522222222222,21.87688888888889
30,2025-10-19,weekend,38,27.053,23.819
30,2025-10-19,weekend,39,26.920222222222225,23.121111111111112
30,2025-10-19,weekend,40,26.857333333333333,23.35222222222222
30,2025-10-19,weekend,41,27.41166666666667,24.092333333333332
30,2025-10-19,weekend,42,26.117,21.097444444444445
30,2025-10-19,weekend,43,26.499,22.28388888888889
30,2025-10-19,weekend,44,26.61477777777778,23.233666666666668
30,2025-10-19,weekend,45,25.041888888888888,19.859555555555556
30,2025-10-19,weekend,46,24.272222222222222,19.76022222222222
30,2025-10-19,weekend,47,24.242,19.90522222222222
30,2025-10-19,weekend,48,24.386,20.887555555555558
30,2025-10-19,weekend,49,23.806666666666665,20.983555555555554
30,2025-10-19,weekend,50,24.72577777777778,21.029666666666667
30,2025-10-19,weekend,51,24.238555555555553,21.538444444444444
30,2025-10-19,weekend,52,22.624111111111112,20.155333333333335
30,2025-10-19,weekend,53,24.706666666666667,20.783555555555555
30,2025-10-19,weekend,54,24.624333333333333,19.769333333333332
30,2025-10-19,weekend,55,23.89911111111111,21.17577777777778
30,2025-10-19,weekend,56,24.104000000000003,20.651222222222223
30,2025-10-19,weekend,57,23.851444444444446,20.52111111111111
30,2025-10-19,weekend,58,23.534,20.52088888888889
30,2025-10-19,weekend,59,23.365444444444442,20.597444444444445
30,2025-10-19,weekend,60,22.235172413793105,19.45344827586207
30,2025-10-19,weekend,61,22.60123287671233,19.344794520547946
30,2025-10-19,weekend,62,22.698295454545455,17.61715909090909
30,2025-10-19,weekend,63,22.369550561797755,19.93314606741573
30,2025-10-19,weekend,64,23.482142857142858,19.18059523809524
30,2025-10-19,weekend,65,21.90287671232877,18.696575342465753
30,2025-10-19,weekend,66,21.155280898876402,18.668426966292134
30,2025-10-19,weekend,67,20.890227272727273,17.640795454545454
30,2025-10-19,weekend,68,22.593972602739726,10.48972602739726
30,2025-10-19,weekend,69,23.341235955056177,2.0017977528089888
30,2025-10-19,weekend,70,24.72288888888889,0.16622222222222224
30,2025-10-19,weekend,71,25.430909090909093,0.0
30,2025-10-19,weekend,72,23.55686046511628,0.0
30,2025-10-19,weekend,73,24.439999999999998,0.0
30,2025-10-19,weekend,74,24.320681818181814,0.0
30,2025-10-19,weekend,75,24.553513513513515,0.0
30,2025-10-19,weekend,76,23.808045977011496,0.0
30,2025-10-19,weekend,77,23.945730337078654,0.0
30,2025-10-19,weekend,78,24.188533333333336,0.0
30,2025-10-19,weekend,79,24.61470588235294,0.0
30,2025-10-19,weekend,80,23.633372093023254,0.0
30,2025-10-19,weekend,81,23.743176470588235,0.0
30,2025-10-19,weekend,82,22.567662337662338,0.0
30,2025-10-19,weekend,83,23.48659090909091,0.0
30,2025-10-19,weekend,84,22.69022988505747,0.0
30,2025-10-19,weekend,85,23.155135135135136,0.0
30,2025-10-19,weekend,86,24.429101123595505,0.0
30,2025-10-19,weekend,87,22.350666666666665,0.0
30,2025-10-19,weekend,88,23.938378378378378,0.0
30,2025-10-19,weekend,89,24.424772727272728,0.0
30,2025-10-19,weekend,90,25.201477272727274,0.0
30,2025-10-19,weekend,91,23.84875,0.0
30,2025-10-19,weekend,92,24.25864864864865,0.0
30,2025-10-19,weekend,93,23.96181818181818,0.0
30,2025-10-19,weekend,94,24.367906976744184,0.0
30,2025-10-19,weekend,95,23.83109589041096,0.0
31,2025-10-20,working,0,23.346,0.0
31,2025-10-20,working,1,23.703,0.0
31,2025-10-20,working,2,24.633444444444446,0.0
31,2025-10-20,working,3,23.706222222222223,0.0
31,2025-10-20,working,4,23.958444444444446,0.0
31,2025-10-20,working,5,24.06011111111111,0.0
31,2025-10-20,working,6,24.160777777777774,0.0
31,2025-10-20,working,7,24.336333333333332,0.0
31,2025-10-20,working,8,23.546666666666663,0.0
31,2025-10-20,working,9,24.102555555555554,0.0
31,2025-10-20,working,10,23.436999999999998,0.0
31,2025-10-20,working,11,23.68788888888889,0.0
31,2025-10-20,working,12,24.13702380952381,0.0
31,2025-10-20,working,13,24.005444444444443,0.0
31,2025-10-20,working,14,23.576222222222224,0.0
31,2025-10-20,working,15,23.2925,0.0
31,2025-10-20,working,16,23.44111111111111,0.0
31,2025-10-20,working,17,24.30711111111111,0.0
31,2025-10-20,working,18,23.068888888888885,0.0
31,2025-10-20,working,19,22.368837209302328,0.0
31,2025-10-20,working,20,22.506888888888888,0.0
31,2025-10-20,working,21,23.538666666666668,0.0
31,2025-10-20,working,22,21.3483908045977,0.0
31,2025-10-20,working,23,18.320666666666664,2.451111111111111
31,2025-10-20,working,24,20.431,13.738888888888889
31,2025-10-20,working,25,23.012333333333334,18.561666666666667
31,2025-10-20,working,26,20.216626506024095,17.406144578313253
31,2025-10-20,working,27,19.00788888888889,15.77
31,2025-10-20,working,28,21.153483146067416,17.687078651685393
31,2025-10-20,working,29,48.28333333333334,40.498690476190475
31,2025-10-20,working,30,88.25866666666667,79.34388888888888
31,2025-10-20,working,31,117.79422222222222,109.17188888888889
31,2025-10-20,working,32,139.50191011235955,132.40314606741572
31,2025-10-20,working,33,154.02333333333334,144.27149425287357
31,2025-10-20,working,34,156.2811111111111,146.73811111111112
31,2025-10-20,working,35,138.11377777777778,119.92800000000001
31,2025-10-20,working,36,136.72301204819277,129.24963855421686
31,2025-10-20,working,37,141.21833333333333,133.76922222222223
31,2025-10-20,working,38,140.7068888888889,132.51522222222223
31,2025-10-20,working,39,136.25270588235293,127.68341176470588
31,2025-10-20,working,40,136.6981111111111,128.1942222222222
31,2025-10-20,working,41,142.16333333333336,132.65077777777776
31,2025-10-20,working,42,142.90227272727273,133.1756818181818
31,2025-10-20,working,43,149.79247191011237,134.88539325842694
31,2025-10-20,working,44,143.4148888888889,128.9798888888889
31,2025-10-20,working,45,147.44877777777776,136.25833333333333
31,2025-10-20,working,46,150.38387500000002,138.70175
31,2025-10-20,working,47,139.98100000000002,127.15166666666666
31,2025-10-20,working,48,135.50344444444443,130.32633333333334
31,2025-10-20,working,49,132.49204819277108,125.97096385542169
31,2025-10-20,working,50,132.23277777777778,119.47933333333333
31,2025-10-20,working,51,141.5211111111111,125.29433333333333
31,2025-10-20,working,52,152.6256179775281,138.5947191011236
31,2025-10-20,working,53,154.99011627906975,146.37755813953487
31,2025-10-20,working,54,141.16544444444443,133.051
31,2025-10-20,working,55,154.19533333333334,144.72844444444445
31,2025-10-20,working,56,141.5898780487805,132.13085365853658
31,2025-10-20,working,57,150.17422222222223,139.18822222222224
31,2025-10-20,working,58,173.31688888888888,155.0921111111111
31,2025-10-20,working,59,381.0182558139535,227.90197674418604
31,2025-10-20,working,60,336.6475555555555,259.82811111111107
31,2025-10-20,working,61,274.22977777777777,241.6321111111111
31,2025-10-20,working,62,179.94233333333332,162.83566666666667
31,2025-10-20,working,63,167.26929411764706,154.53611764705883
31,2025-10-20,working,64,130.53466666666668,115.33877777777778
31,2025-10-20,working,65,116.46433333333333,84.36466666666666
31,2025-10-20,working,66,104.60682926829269,60.135975609756095
31,2025-10-20,working,67,70.60944444444445,41.98522222222222
31,2025-10-20,working,68,61.42177777777778,19.404555555555557
31,2025-10-20,working,69,28.59722222222222,4.708888888888889
31,2025-10-20,working,70,31.453764705882357,0.2118823529411765
31,2025-10-20,working,71,28.63288888888889,0.0
31,2025-10-20,working,72,28.74438202247191,0.0
31,2025-10-20,working,73,28.565697674418605,0.0
31,2025-10-20,working,74,28.292222222222225,0.0
31,2025-10-20,working,75,28.063444444444446,0.0
31,2025-10-20,working,76,28.557790697674417,0.0
31,2025-10-20,working,77,27.600333333333335,0.0
31,2025-10-20,working,78,25.867555555555555,0.0
31,2025-10-20,working,79,27.123295454545453,0.0
31,2025-10-20,working,80,29.091627906976747,0.0
31,2025-10-20,working,81,27.543888888888887,0.0
31,2025-10-20,working,82,27.84722222222222,0.0
31,2025-10-20,working,83,27.68235294117647,0.0
31,2025-10-20,working,84,27.14888888888889,0.0
31,2025-10-20,working,85,27.235999999999997,0.0
31,2025-10-20,working,86,27.146333333333335,0.0
31,2025-10-20,working,87,26.804666666666666,0.0
31,2025-10-20,working,88,27.095777777777776,0.0
31,2025-10-20,working,89,28.367888888888892,0.0
31,2025-10-20,working,90,28.53933333333333,0.0
31,2025-10-20,working,91,27.160888888888888,0.0
31,2025-10-20,working,92,29.824666666666666,0.0
31,2025-10-20,working,93,28.597444444444445,0.0
31,2025-10-20,working,94,27.68588888888889,0.0
31,2025-10-20,working,95,26.77122222222222,0.0
32,2025-10-21,working,0,26.96725,0.0
32,2025-10-21,working,1,27.40077777777778,0.0
32,2025-10-21,working,2,27.07988888888889,0.0
32,2025-10-21,working,3,25.869222222222223,0.0
32,2025-10-21,working,4,25.43711111111111,0.0
32,2025-10-21,working,5,25.948666666666668,0.0
32,2025-10-21,working,6,25.38666666666667,0.0
32,2025-10-21,working,7,25.50188888888889,0.0
32,2025-10-21,working,8,25.971555555555558,0.0
32,2025-10-21,working,9,25.292555555555555,0.0
32,2025-10-21,working,10,25.97711111111111,0.0
32,2025-10-21,working,11,26.157666666666668,0.0
32,2025-10-21,working,12,25.05888888888889,0.0
32,2025-10-21,working,13,26.120777777777775,0.0
32,2025-10-21,working,14,26.365,0.0
32,2025-10-21,working,15,25.124555555555556,0.0
32,2025-10-21,working,16,25.21188888888889,0.0
32,2025-10-21,working,17,24.813444444444446,0.0
32,2025-10-21,working,18,27.215333333333334,0.0
32,2025-10-21,working,19,172.7651111111111,0.0
32,2025-10-21,working,20,197.69255555555557,0.0
32,2025-10-21,working,21,209.43455555555556,0.0
32,2025-10-21,working,22,217.1102222222222,0.0
32,2025-10-21,working,23,254.88599999999997,1.5464444444444445
32,2025-10-21,working,24,276.0205555555555,12.527666666666667
32,2025-10-21,working,25,270.0436666666667,33.92311111111111
32,2025-10-21,working,26,281.41766666666666,61.99655555555555
32,2025-10-21,working,27,280.125,85.96544444444444
32,2025-10-21,working,28,287.8497777777778,107.31033333333333
32,2025-10-21,working,29,308.00533333333334,164.65666666666667
32,2025-10-21,working,30,368.42400000000004,191.5647777777778
32,2025-10-21,working,31,421.1752222222222,240.58055555555555
32,2025-10-21,working,32,446.01866666666666,287.09222222222223
32,2025-10-21,working,33,421.0981111111111,320.1546666666666
32,2025-10-21,working,34,443.81155555555557,341.07522222222224
32,2025-10-21,working,35,468.26888888888885,393.8084444444445
32,2025-10-21,working,36,445.6963333333333,405.4215555555556
32,2025-10-21,working,37,445.61955555555556,404.21066666666667
32,2025-10-21,working,38,468.204,439.77911111111115
32,2025-10-21,working,39,467.7525555555556,442.6883333333333
32,2025-10-21,working,40,495.4698888888889,459.6178888888889
32,2025-10-21,working,41,505.22222222222223,415.79966666666667
32,2025-10-21,working,42,527.2418888888889,496.57166666666666
32,2025-10-21,working,43,538.4905555555556,388.094
32,2025-10-21,working,44,504.3651111111111,363.7763333333333
32,2025-10-21,working,45,462.6417777777778,415.91377777777774
32,2025-10-21,working,46,464.9272222222222,395.1607777777778
32,2025-10-21,working,47,480.54711111111106,390.0924444444444
32,2025-10-21,working,48,489.4774418604651,373.7989534883721
32,2025-10-21,working,49,465.1367816091954,303.8431034482758
32,2025-10-21,working,50,465.3677777777778,332.3956944444445
32,2025-10-21,working,51,444.77,377.64965517241376
32,2025-10-21,working,52,452.2037209302325,328.58488372093024
32,2025-10-21,working,53,461.5748051948052,307.29454545454547
32,2025-10-21,working,54,471.002891566265,254.8343373493976
32,2025-10-21,working,55,462.6495402298851,211.2496551724138
32,2025-10-21,working,56,474.91987179487177,232.11333333333334
32,2025-10-21,working,57,469.173375,208.2895
32,2025-10-21,working,58,477.9045121951219,204.0529268292683
32,2025-10-21,working,59,481.2267816091954,190.0080459770115
32,2025-10-21,working,60,474.7052777777778,171.93458333333334
32,2025-10-21,working,61,475.82988372093024,135.8417441860465
32,2025-10-21,working,62,471.72080459770115,138.27724137931037
32,2025-10-21,working,63,468.3190361445784,147.91385542168675
32,2025-10-21,working,64,445.1198734177215,108.91265822784811
32,2025-10-21,working,65,419.0503448275862,82.14793103448275
32,2025-10-21,working,66,413.5767816091954,40.90609195402299
32,2025-10-21,working,67,395.50173913043477,24.171304347826087
32,2025-10-21,working,68,362.8983720930232,11.236744186046511
32,2025-10-21,working,69,365.26471264367814,2.327241379310345
32,2025-10-21,working,70,366.58375,0.07833333333333332
32,2025-10-21,working,71,356.3206024096386,0.0
32,2025-10-21,working,72,338.0,0.0
32,2025-10-21,working,73,351.24616279069767,0.0
32,2025-10-21,working,74,351.21464788732396,0.0
32,2025-10-21,working,75,340.4231395348837,0.0
32,2025-10-21,working,76,339.8425581395349,0.0
32,2025-10-21,working,77,350.71837500000004,0.0
32,2025-10-21,working,78,349.14088607594937,0.0
32,2025-10-21,working,79,331.75441860465116,0.0
32,2025-10-21,working,80,346.4810465116279,0.0
32,2025-10-21,working,81,332.07666666666665,0.0
32,2025-10-21,working,82,335.6345348837209,0.0
32,2025-10-21,working,83,332.8996511627907,0.0
32,2025-10-21,working,84,318.5014102564103,0.0
32,2025-10-21,working,85,294.84316455696205,0.0
32,2025-10-21,working,86,271.6501162790698,0.0
32,2025-10-21,working,87,251.58584269662921,0.0
32,2025-10-21,working,88,187.50083333333333,0.0
32,2025-10-21,working,89,149.1351724137931,0.0
32,2025-10-21,working,90,122.85755813953489,0.0
32,2025-10-21,working,91,96.08465753424657,0.0
32,2025-10-21,working,92,82.16766233766234,0.0
32,2025-10-21,working,93,83.26623188405797,0.0
32,2025-10-21,working,94,83.21586666666667,0.0
32,2025-10-21,working,95,82.27191780821919,0.0
33,2025-10-22,working,0,79.257375,0.0
33,2025-10-22,working,1,80.12655555555556,0.0
33,2025-10-22,working,2,82.96333333333334,0.0
33,2025-10-22,working,3,75.09966666666666,0.0
33,2025-10-22,working,4,70.216,0.0
33,2025-10-22,working,5,70.49177777777778,0.0
33,2025-10-22,working,6,69.67233333333334,0.0
33,2025-10-22,working,7,70.1078888888889,0.0
33,2025-10-22,working,8,69.14955555555555,0.0
33,2025-10-22,working,9,68.21633333333334,0.0
33,2025-10-22,working,10,68.29855555555555,0.0
33,2025-10-22,working,11,67.24199999999999,0.0
33,2025-10-22,working,12,65.01011111111112,0.0
33,2025-10-22,working,13,65.92511111111111,0.0
33,2025-10-22,working,14,68.059,0.0
33,2025-10-22,working,15,64.15677777777778,0.0
33,2025-10-22,working,16,65.19111111111111,0.0
33,2025-10-22,working,17,65.31188888888889,0.0
33,2025-10-22,working,18,65.01911111111112,0.0
33,2025-10-22,working,19,64.37298850574713,0.0
33,2025-10-22,working,20,64.83555555555556,0.0
33,2025-10-22,working,21,106.93044444444445,0.0
33,2025-10-22,working,22,236.16766666666666,0.0
33,2025-10-22,working,23,234.28944444444443,0.4388888888888889
33,2025-10-22,working,24,252.41677777777775,7.687888888888889
33,2025-10-22,working,25,264.7428888888889,21.916555555555554
33,2025-10-22,working,26,281.52166666666665,40.42333333333333
33,2025-10-22,working,27,290.8211111111111,62.842888888888886
33,2025-10-22,working,28,296.4463333333333,86.80366666666667
33,2025-10-22,working,29,343.30288888888884,105.13988888888889
33,2025-10-22,working,30,357.74944444444446,135.61022222222223
33,2025-10-22,working,31,366.08788888888887,175.81844444444445
33,2025-10-22,working,32,360.43455555555556,212.94577777777778
33,2025-10-22,working,33,373.8043333333333,301.31533333333334
33,2025-10-22,working,34,381.57055555555553,258.08844444444446
33,2025-10-22,working,35,391.9108888888889,215.68300000000002
33,2025-10-22,working,36,406.08655555555555,189.5761111111111
33,2025-10-22,working,37,408.35133333333334,238.12122222222223
33,2025-10-22,working,38,415.5076666666667,188.59644444444444
33,2025-10-22,working,39,427.57352272727275,191.16909090909093
33,2025-10-22,working,40,420.8974157303371,240.5302247191011
33,2025-10-22,working,41,425.2144444444445,182.6771111111111
33,2025-10-22,working,42,421.16044444444447,166.1617777777778
33,2025-10-22,working,43,410.04988888888886,220.3607777777778
33,2025-10-22,working,44,394.66299999999995,248.93966666666665
33,2025-10-22,working,45,393.4326666666667,232.8591111111111
33,2025-10-22,working,46,378.05,236.10855555555557
33,2025-10-22,working,47,398.70388888888886,206.86822222222222
33,2025-10-22,working,48,379.7063333333333,194.63600000000002
33,2025-10-22,working,49,407.0874444444445,170.839
33,2025-10-22,working,50,377.6238888888889,216.32255555555554
33,2025-10-22,working,51,371.6167777777778,296.73333333333335
33,2025-10-22,working,52,377.75977777777774,248.50377777777777
33,2025-10-22,working,53,397.7273333333333,188.72044444444444
33,2025-10-22,working,54,404.7914444444445,127.01011111111112
33,2025-10-22,working,55,414.69599999999997,123.36911111111111
33,2025-10-22,working,56,380.6156666666667,120.02555555555554
33,2025-10-22,working,57,385.12566666666663,106.339
33,2025-10-22,working,58,394.3548888888889,104.72622222222223
33,2025-10-22,working,59,396.65688888888894,85.54888888888888
33,2025-10-22,working,60,390.68022471910115,69.45292134831462
33,2025-10-22,working,61,405.6712643678161,57.664597701149425
33,2025-10-22,working,62,373.6204444444445,50.347888888888896
33,2025-10-22,working,63,395.89566666666667,66.163
33,2025-10-22,working,64,385.90252873563213,56.45885057471264
33,2025-10-22,working,65,375.2077777777777,30.396666666666665
33,2025-10-22,working,66,358.20144444444446,20.11188888888889
33,2025-10-22,working,67,358.61295454545456,15.856477272727272
33,2025-10-22,working,68,346.7463333333333,8.08288888888889
33,2025-10-22,working,69,345.08700000000005,1.841
33,2025-10-22,working,70,314.9442696629214,0.039438202247191016
33,2025-10-22,working,71,337.0303333333333,0.0
33,2025-10-22,working,72,321.9236666666667,0.0
33,2025-10-22,working,73,301.8343820224719,0.0
33,2025-10-22,working,74,304.33149425287354,0.0
33,2025-10-22,working,75,310.82044444444443,0.0
33,2025-10-22,working,76,287.6137078651685,0.0
33,2025-10-22,working,77,270.8747727272727,0.0
33,2025-10-22,working,78,278.1773333333333,0.0
33,2025-10-22,working,79,278.95733333333334,0.0
33,2025-10-22,working,80,261.02988372093023,0.0
33,2025-10-22,working,81,272.41055555555556,0.0
33,2025-10-22,working,82,268.6757777777778,0.0
33,2025-10-22,working,83,284.35386363636366,0.0
33,2025-10-22,working,84,260.49206896551726,0.0
33,2025-10-22,working,85,271.2201111111111,0.0
33,2025-10-22,working,86,257.39933333333335,0.0
33,2025-10-22,working,87,256.99122222222223,0.0
33,2025-10-22,working,88,239.4218888888889,0.0
33,2025-10-22,working,89,258.0872222222222,0.0
33,2025-10-22,working,90,240.95822222222225,0.0
33,2025-10-22,working,91,243.04133333333334,0.0
33,2025-10-22,working,92,247.31522222222222,0.0
33,2025-10-22,working,93,235.2908888888889,0.0
33,2025-10-22,working,94,229.0352808988764,0.0
33,2025-10-22,working,95,251.80933333333334,0.0
34,2025-10-23,working,0,205.0920987654321,0.0
34,2025-10-23,working,1,183.03755555555557,0.0
34,2025-10-23,working,2,176.15411111111112,0.0
34,2025-10-23,working,3,192.63433333333333,0.0
34,2025-10-23,working,4,173.41666666666666,0.0
34,2025-10-23,working,5,168.78544444444444,0.0
34,2025-10-23,working,6,168.09300000000002,0.0
34,2025-10-23,working,7,173.64022222222223,0.0
34,2025-10-23,working,8,171.49955555555556,0.0
34,2025-10-23,working,9,172.26211111111112,0.0
34,2025-10-23,working,10,125.83277777777779,0.0
34,2025-10-23,working,11,123.53888888888889,0.0
34,2025-10-23,working,12,122.78655555555557,0.0
34,2025-10-23,working,13,122.741,0.0
34,2025-10-23,working,14,122.98511111111111,0.0
34,2025-10-23,working,15,123.00077777777777,0.0
34,2025-10-23,working,16,122.16366666666666,0.0
34,2025-10-23,working,17,123.19122222222221,0.0
34,2025-10-23,working,18,123.24733333333333,0.0
34,2025-10-23,working,19,128.9781111111111,0.0
34,2025-10-23,working,20,112.48844444444444,0.0
34,2025-10-23,working,21,137.61877777777778,0.0
34,2025-10-23,working,22,155.41655555555556,0.0
34,2025-10-23,working,23,201.59822222222223,0.0
34,2025-10-23,working,24,227.88400000000001,0.7761111111111111
34,2025-10-23,working,25,238.05488888888888,3.872444444444444
34,2025-10-23,working,26,247.2746666666667,7.499888888888889
34,2025-10-23,working,27,253.65866666666665,13.347555555555555
34,2025-10-23,working,28,246.727,19.17222222222222
34,2025-10-23,working,29,255.20944444444442,18.251555555555555
34,2025-10-23,working,30,295.0196666666667,29.31544444444444
34,2025-10-23,working,31,395.8722222222222,55.119666666666674
34,2025-10-23,working,32,398.16555555555556,64.70133333333334
34,2025-10-23,working,33,377.91200000000003,66.31122222222223
34,2025-10-23,working,34,356.8314444444444,89.226
34,2025-10-23,working,35,368.6536666666667,93.09433333333332
34,2025-10-23,working,36,358.8021111111111,78.95944444444444
34,2025-10-23,working,37,352.9987777777778,124.27522222222223
34,2025-10-23,working,38,361.95944444444444,176.84977777777777
34,2025-10-23,working,39,342.43188888888886,187.4622222222222
34,2025-10-23,working,40,356.45033333333333,180.72588888888887
34,2025-10-23,working,41,339.52355555555556,168.71344444444443
34,2025-10-23,working,42,333.65233333333333,213.58144444444446
34,2025-10-23,working,43,328.2247777777778,192.32344444444445
34,2025-10-23,working,44,322.9958888888889,192.39133333333334
34,2025-10-23,working,45,324.55355555555553,247.27922222222224
34,2025-10-23,working,46,325.8093333333333,281.8151111111111
34,2025-10-23,working,47,331.36533333333335,298.52777777777777
34,2025-10-23,working,48,340.81516853932584,245.57977528089887
34,2025-10-23,working,49,349.7245555555555,212.8587777777778
34,2025-10-23,working,50,344.5738666666667,196.08026666666666
34,2025-10-23,working,51,345.8452873563219,229.33988505747126
34,2025-10-23,working,52,347.2465168539326,251.6091011235955
34,2025-10-23,working,53,335.0354545454545,209.79285714285714
34,2025-10-23,working,54,334.44233333333335,171.60477777777777
34,2025-10-23,working,55,347.78444444444443,198.6872222222222
34,2025-10-23,working,56,350.534,192.158625
34,2025-10-23,working,57,354.01088888888887,168.77822222222224
34,2025-10-23,working,58,347.94811111111113,147.0938888888889
34,2025-10-23,working,59,372.70430379746836,135.6360759493671
34,2025-10-23,working,60,382.35090909090906,140.07125
34,2025-10-23,working,61,383.4812222222222,116.59244444444444
34,2025-10-23,working,62,385.725641025641,119.34153846153845
34,2025-10-23,working,63,372.16999999999996,62.59321428571428
34,2025-10-23,working,64,387.5822471910112,49.030337078651684
34,2025-10-23,working,65,366.54872093023255,32.4803488372093
34,2025-10-23,working,66,369.14506172839504,20.85987654320988
34,2025-10-23,working,67,367.37766666666664,10.381666666666668
34,2025-10-23,working,68,363.67011904761904,2.3666666666666667
34,2025-10-23,working,69,348.9720930232558,0.3633720930232558
34,2025-10-23,working,70,348.54411111111114,0.0
34,2025-10-23,working,71,335.08367816091953,0.0
34,2025-10-23,working,72,312.91753086419754,0.0
34,2025-10-23,working,73,331.06544444444444,0.0
34,2025-10-23,working,74,310.77717647058824,0.0
34,2025-10-23,working,75,304.26637500000004,0.0
34,2025-10-23,working,76,283.5457303370786,0.0
34,2025-10-23,working,77,257.632,0.0
34,2025-10-23,working,78,212.8662222222222,0.0
34,2025-10-23,working,79,182.86555555555557,0.0
34,2025-10-23,working,80,179.80197674418605,0.0
34,2025-10-23,working,81,196.52695121951217,0.0
34,2025-10-23,working,82,199.59844444444445,0.0
34,2025-10-23,working,83,185.73911111111113,0.0
34,2025-10-23,working,84,184.0173033707865,0.0
34,2025-10-23,working,85,180.80844444444443,0.0
34,2025-10-23,working,86,196.3748888888889,0.0
34,2025-10-23,working,87,197.12466666666668,0.0
34,2025-10-23,working,88,170.63134831460675,0.0
34,2025-10-23,working,89,132.21433333333334,0.0
34,2025-10-23,working,90,127.24632911392406,0.0
34,2025-10-23,working,91,126.05277777777778,0.0
34,2025-10-23,working,92,130.91921348314605,0.0
34,2025-10-23,working,93,127.18465116279069,0.0
34,2025-10-23,working,94,126.98746987951806,0.0
34,2025-10-23,working,95,127.16033333333334,0.0
35,2025-10-24,working,0,127.41712500000001,0.0
35,2025-10-24,working,1,128.42344444444444,0.0
35,2025-10-24,working,2,114.19322222222222,0.0
35,2025-10-24,working,3,107.391,0.0
35,2025-10-24,working,4,113.24300000000001,0.0
35,2025-10-24,working,5,107.18233333333333,0.0
35,2025-10-24,working,6,97.50200000000001,0.0
35,2025-10-24,working,7,95.29544444444444,0.0
35,2025-10-24,working,8,92.52155555555557,0.0
35,2025-10-24,working,9,88.77733333333333,0.0
35,2025-10-24,working,10,83.19955555555556,0.0
35,2025-10-24,working,11,82.61366666666666,0.0
35,2025-10-24,working,12,82.77033333333333,0.0
35,2025-10-24,working,13,82.89244444444444,0.0
35,2025-10-24,working,14,81.73777777777778,0.0
35,2025-10-24,working,15,85.37866666666666,0.0
35,2025-10-24,working,16,88.91711111111111,0.0
35,2025-10-24,working,17,92.84988888888888,0.0
35,2025-10-24,working,18,91.86366666666666,0.0
35,2025-10-24,working,19,89.41788888888888,0.0
35,2025-10-24,working,20,88.78622222222222,0.0
35,2025-10-24,working,21,92.47588888888889,0.0
35,2025-10-24,working,22,205.04366666666667,0.0
35,2025-10-24,working,23,225.50566666666666,0.861
35,2025-10-24,working,24,252.679,4.018666666666666
35,2025-10-24,working,25,318.40622222222225,8.775555555555554
35,2025-10-24,working,26,327.14011111111114,16.221333333333334
35,2025-10-24,working,27,351.6928888888889,21.56688888888889
35,2025-10-24,working,28,333.9161111111111,24.016333333333332
35,2025-10-24,working,29,356.06822222222223,34.525888888888886
35,2025-10-24,working,30,399.00777777777773,55.16144444444444
35,2025-10-24,working,31,411.37055555555554,65.64922222222222
35,2025-10-24,working,32,419.27022222222223,71.20166666666667
35,2025-10-24,working,33,379.26688888888884,94.29066666666667
35,2025-10-24,working,34,401.36055555555555,100.48444444444445
35,2025-10-24,working,35,396.9555555555556,102.44244444444445
35,2025-10-24,working,36,408.28111111111116,108.10755555555556
35,2025-10-24,working,37,410.07811111111107,118.87877777777778
35,2025-10-24,working,38,436.77377777777775,129.27066666666667
35,2025-10-24,working,39,423.92844444444444,154.8341111111111
35,2025-10-24,working,40,402.65211111111114,160.15377777777778
35,2025-10-24,working,41,418.37466666666666,202.71044444444442
35,2025-10-24,working,42,420.26355555555557,213.98155555555556
35,2025-10-24,working,43,396.1384444444444,179.712
35,2025-10-24,working,44,346.3371111111111,197.62900000000002
35,2025-10-24,working,45,335.06,232.41444444444443
35,2025-10-24,working,46,345.47355555555555,180.6027777777778
35,2025-10-24,working,47,348.5778888888889,192.71144444444442
35,2025-10-24,working,48,344.5347777777778,207.2918888888889
35,2025-10-24,working,49,354.7176666666667,239.96944444444443
35,2025-10-24,working,50,379.8671111111111,232.12344444444446
35,2025-10-24,working,51,378.1306666666667,250.75588888888888
35,2025-10-24,working,52,377.94655555555556,280.3007777777778
35,2025-10-24,working,53,395.7582222222222,185.29299999999998
35,2025-10-24,working,54,355.2247777777778,206.11755555555558
35,2025-10-24,working,55,357.2097777777778,185.8892222222222
35,2025-10-24,working,56,376.6972222222222,157.68477777777778
35,2025-10-24,working,57,390.2465555555556,174.23433333333332
35,2025-10-24,working,58,396.6717777777778,173.02866666666665
35,2025-10-24,working,59,399.15644444444445,156.23877777777778
35,2025-10-24,working,60,373.1538888888889,139.77255555555556
35,2025-10-24,working,61,382.55733333333336,95.78866666666666
35,2025-10-24,working,62,365.1206666666667,62.70422222222222
35,2025-10-24,working,63,372.5853333333333,49.51522222222222
35,2025-10-24,working,64,359.74869047619046,44.35047619047619
35,2025-10-24,working,65,343.177027027027,39.94810810810811
35,2025-10-24,working,66,361.7930120481928,27.47855421686747
35,2025-10-24,working,67,333.83459770114945,16.20126436781609
35,2025-10-24,working,68,313.76,4.729041095890412
35,2025-10-24,working,69,330.3863953488372,0.8756976744186047
35,2025-10-24,working,70,326.21046511627907,0.0336046511627907
35,2025-10-24,working,71,295.10285714285715,0.0
35,2025-10-24,working,72,282.68013698630136,0.0
35,2025-10-24,working,73,288.7171264367816,0.0
35,2025-10-24,working,74,286.26452380952384,0.0
35,2025-10-24,working,75,286.5015492957747,0.0
35,2025-10-24,working,76,270.0293023255814,0.0
35,2025-10-24,working,77,245.60337209302324,0.0
35,2025-10-24,working,78,174.9803488372093,0.0
35,2025-10-24,working,79,174.52555555555554,0.0
35,2025-10-24,working,80,201.61785714285716,0.0
35,2025-10-24,working,81,190.9055172413793,0.0
35,2025-10-24,working,82,200.66098591549297,0.0
35,2025-10-24,working,83,188.58494252873564,0.0
35,2025-10-24,working,84,176.75697674418606,0.0
35,2025-10-24,working,85,176.42356164383563,0.0
35,2025-10-24,working,86,187.62166666666667,0.0
35,2025-10-24,working,87,185.91977011494254,0.0
35,2025-10-24,working,88,177.52654320987654,0.0
35,2025-10-24,working,89,175.8581818181818,0.0
35,2025-10-24,working,90,179.57542168674698,0.0
35,2025-10-24,working,91,154.711511627907,0.0
35,2025-10-24,working,92,125.79277777777777,0.0
35,2025-10-24,working,93,137.48885057471264,0.0
35,2025-10-24,working,94,137.17172413793105,0.0
35,2025-10-24,working,95,130.26759493670886,0.0
36,2025-10-25,working,0,129.33543209876544,0.0
36,2025-10-25,working,1,130.49177777777777,0.0
36,2025-10-25,working,2,120.07811111111111,0.0
36,2025-10-25,working,3,124.89322222222222,0.0
36,2025-10-25,working,4,127.40944444444445,0.0
36,2025-10-25,working,5,128.29177777777778,0.0
36,2025-10-25,working,6,116.00111111111111,0.0
36,2025-10-25,working,7,117.938,0.0
36,2025-10-25,working,8,120.76144444444445,0.0
36,2025-10-25,working,9,116.93933333333334,0.0
36,2025-10-25,working,10,117.90055555555554,0.0
36,2025-10-25,working,11,109.59966666666666,0.0
36,2025-10-25,working,12,108.71711111111112,0.0
36,2025-10-25,working,13,96.69322222222222,0.0
36,2025-10-25,working,14,105.08077777777778,0.0
36,2025-10-25,working,15,97.13977777777778,0.0
36,2025-10-25,working,16,81.43722222222223,0.0
36,2025-10-25,working,17,85.38388888888889,0.0
36,2025-10-25,working,18,76.00266666666667,0.0
36,2025-10-25,working,19,74.34777777777778,0.0
36,2025-10-25,working,20,70.56677777777779,0.0
36,2025-10-25,working,21,172.7688888888889,0.0
36,2025-10-25,working,22,175.5861111111111,0.0
36,2025-10-25,working,23,244.13422222222223,0.11144444444444444
36,2025-10-25,working,24,246.09444444444443,2.2574444444444444
36,2025-10-25,working,25,298.16366666666664,8.728777777777777
36,2025-10-25,working,26,332.5655555555556,14.006999999999998
36,2025-10-25,working,27,335.6781111111111,19.67377777777778
36,2025-10-25,working,28,384.7819101123595,28.510898876404493
36,2025-10-25,working,29,387.98344444444444,41.724666666666664
36,2025-10-25,working,30,404.7075862068965,45.1132183908046
36,2025-10-25,working,31,431.29170454545454,56.45920454545455
36,2025-10-25,working,32,395.5740449438202,73.05831460674158
36,2025-10-25,working,33,383.43044444444445,69.44622222222222
36,2025-10-25,working,34,402.2051219512195,68.79463414634147
36,2025-10-25,working,35,406.0114444444444,80.4771111111111
36,2025-10-25,working,36,443.4328888888889,96.67955555555555
36,2025-10-25,working,37,438.788488372093,110.71081395348837
36,2025-10-25,working,38,422.9743820224719,153.19584269662923
36,2025-10-25,working,39,425.84366666666665,218.98711111111112
36,2025-10-25,working,40,418.8396666666667,211.57355555555554
36,2025-10-25,working,41,417.80827586206897,180.9006896551724
36,2025-10-25,working,42,413.78266666666667,191.78355555555555
36,2025-10-25,working,43,387.51533333333333,187.85777777777778
36,2025-10-25,working,44,341.57954545454544,207.5034090909091
36,2025-10-25,working,45,344.55630952380955,236.22809523809525
36,2025-10-25,working,46,362.2775555555555,268.40866666666665
36,2025-10-25,working,47,364.327,316.3313333333333
36,2025-10-25,working,48,357.05469879518074,335.4257831325301
36,2025-10-25,working,49,350.3362222222222,333.04811111111115
36,2025-10-25,working,50,352.37877777777777,332.6902222222222
36,2025-10-25,working,51,359.316404494382,333.7056179775281
36,2025-10-25,working,52,374.73988505747127,353.2403448275862
36,2025-10-25,working,53,392.0111111111111,365.6772222222222
36,2025-10-25,working,54,383.2126666666667,357.08155555555555
36,2025-10-25,working,55,377.06325581395345,338.01267441860466
36,2025-10-25,working,56,411.3605617977528,289.48629213483144
36,2025-10-25,working,57,421.4314444444445,273.49344444444444
36,2025-10-25,working,58,421.12666666666667,244.27933333333334
36,2025-10-25,working,59,407.68148148148146,216.9862962962963
36,2025-10-25,working,60,417.2361111111111,192.17555555555555
36,2025-10-25,working,61,389.72011111111107,184.48266666666666
36,2025-10-25,working,62,402.11306818181816,182.81
36,2025-10-25,working,63,375.02277777777783,180.5327777777778
36,2025-10-25,working,64,364.3712222222223,126.45077777777777
36,2025-10-25,working,65,337.8621111111111,85.06377777777777
36,2025-10-25,working,66,294.1608139534884,50.37476744186046
36,2025-10-25,working,67,294.41855555555554,32.16755555555555
36,2025-10-25,working,68,280.28644444444444,14.263000000000002
36,2025-10-25,working,69,263.8537777777778,3.0075555555555558
36,2025-10-25,working,70,267.7445238095238,0.3066666666666667
36,2025-10-25,working,71,255.0451111111111,0.0
36,2025-10-25,working,72,250.61247191011233,0.0
36,2025-10-25,working,73,233.09714285714284,0.0
36,2025-10-25,working,74,124.50833333333334,0.0
36,2025-10-25,working,75,122.609,0.0
36,2025-10-25,working,76,110.8114606741573,0.0
36,2025-10-25,working,77,113.94942528735632,0.0
36,2025-10-25,working,78,117.41922222222222,0.0
36,2025-10-25,working,79,112.53044444444444,0.0
36,2025-10-25,working,80,123.48560975609756,0.0
36,2025-10-25,working,81,119.39911111111111,0.0
36,2025-10-25,working,82,134.56844444444445,0.0
36,2025-10-25,working,83,102.67666666666666,0.0
36,2025-10-25,working,84,107.87226190476191,0.0
36,2025-10-25,working,85,125.288,0.0
36,2025-10-25,working,86,137.85222222222222,0.0
36,2025-10-25,working,87,126.08611111111111,0.0
36,2025-10-25,working,88,114.36318181818181,0.0
36,2025-10-25,working,89,118.63622222222223,0.0
36,2025-10-25,working,90,126.10288888888888,0.0
36,2025-10-25,working,91,128.40845238095238,0.0
36,2025-10-25,working,92,118.78244444444445,0.0
36,2025-10-25,working,93,92.14699999999999,0.0
36,2025-10-25,working,94,82.40333333333334,0.0
36,2025-10-25,working,95,77.15988095238096,0.0
37,2025-10-26,weekend,0,90.54975,0.0
37,2025-10-26,weekend,1,95.00166666666667,0.0
37,2025-10-26,weekend,2,92.33377777777778,0.0
37,2025-10-26,weekend,3,93.84866666666666,0.0
37,2025-10-26,weekend,4,87.21355555555556,0.0
37,2025-10-26,weekend,5,84.94966666666667,0.0
37,2025-10-26,weekend,6,86.82944444444443,0.0
37,2025-10-26,weekend,7,85.48344444444444,0.0
37,2025-10-26,weekend,8,81.60577777777779,0.0
37,2025-10-26,weekend,9,67.23111111111112,0.0
37,2025-10-26,weekend,10,69.39566666666666,0.0
37,2025-10-26,weekend,11,67.70477777777778,0.0
37,2025-10-26,weekend,12,68.569,0.0
37,2025-10-26,weekend,13,71.84611111111111,0.0
37,2025-10-26,weekend,14,69.046,0.0
37,2025-10-26,weekend,15,72.41644444444444,0.0
37,2025-10-26,weekend,16,75.40533333333333,0.0
37,2025-10-26,weekend,17,71.22222222222223,0.0
37,2025-10-26,weekend,18,73.99666666666667,0.0
37,2025-10-26,weekend,19,83.05788888888888,0.0
37,2025-10-26,weekend,20,74.05722222222222,0.0
37,2025-10-26,weekend,21,105.27622222222223,0.0
37,2025-10-26,weekend,22,133.19544444444443,0.0
37,2025-10-26,weekend,23,246.55566666666664,0.6767777777777777
37,2025-10-26,weekend,24,300.70433333333335,9.74488888888889
37,2025-10-26,weekend,25,367.54022222222227,28.353
37,2025-10-26,weekend,26,367.2676666666666,43.933
37,2025-10-26,weekend,27,379.1903333333333,61.15255555555555
37,2025-10-26,weekend,28,390.85477777777777,77.53355555555557
37,2025-10-26,weekend,29,403.69666666666666,93.68988888888889
37,2025-10-26,weekend,30,426.06288888888884,114.05222222222223
37,2025-10-26,weekend,31,421.88055555555553,129.97044444444444
37,2025-10-26,weekend,32,422.3043333333333,154.98388888888888
37,2025-10-26,weekend,33,437.139,190.688
37,2025-10-26,weekend,34,434.5204444444444,203.75055555555554
37,2025-10-26,weekend,35,414.4101111111112,194.6021111111111
37,2025-10-26,weekend,36,422.4962222222223,223.34811111111114
37,2025-10-26,weekend,37,430.0928888888889,272.84944444444443
37,2025-10-26,weekend,38,451.8978888888889,299.49755555555555
37,2025-10-26,weekend,39,464.18688888888886,362.65722222222223
37,2025-10-26,weekend,40,446.1641111111111,379.1988888888889
37,2025-10-26,weekend,41,405.361,372.71722222222223
37,2025-10-26,weekend,42,401.9174444444444,337.17133333333334
37,2025-10-26,weekend,43,421.9678888888889,320.18055555555554
37,2025-10-26,weekend,44,410.41011111111106,382.6497777777778
37,2025-10-26,weekend,45,386.2768888888889,340.18555555555554
37,2025-10-26,weekend,46,380.09222222222223,354.6771111111111
37,2025-10-26,weekend,47,377.3607777777778,355.06655555555557
37,2025-10-26,weekend,48,389.67266666666666,371.62
37,2025-10-26,weekend,49,400.9241111111111,376.69811111111113
37,2025-10-26,weekend,50,397.06888888888886,378.59566666666666
37,2025-10-26,weekend,51,384.7873333333333,362.7857777777778
37,2025-10-26,weekend,52,379.18566666666663,358.0627777777778
37,2025-10-26,weekend,53,400.94388888888886,361.9251111111111
37,2025-10-26,weekend,54,384.61722222222227,335.2577777777778
37,2025-10-26,weekend,55,398.424,318.13222222222225
37,2025-10-26,weekend,56,397.871,308.7487777777778
37,2025-10-26,weekend,57,403.78166666666664,314.2251111111111
37,2025-10-26,weekend,58,388.89566666666667,332.30044444444445
37,2025-10-26,weekend,59,383.1737777777778,308.89088888888887
37,2025-10-26,weekend,60,390.3218888888889,285.64344444444447
37,2025-10-26,weekend,61,384.65577777777776,217.89155555555558
37,2025-10-26,weekend,62,390.1775555555556,193.80644444444445
37,2025-10-26,weekend,63,371.43222222222226,104.321
37,2025-10-26,weekend,64,376.48255555555556,96.42444444444445
37,2025-10-26,weekend,65,376.6574444444444,43.132
37,2025-10-26,weekend,66,376.1348888888889,28.46688888888889
37,2025-10-26,weekend,67,351.9928888888889,15.536555555555555
37,2025-10-26,weekend,68,342.96444444444444,5.309444444444445
37,2025-10-26,weekend,69,348.1764444444444,1.114111111111111
37,2025-10-26,weekend,70,341.25744444444445,0.015777777777777776
37,2025-10-26,weekend,71,329.81933333333336,0.0
37,2025-10-26,weekend,72,331.1645555555556,0.0
37,2025-10-26,weekend,73,298.6541111111111,0.0
37,2025-10-26,weekend,74,300.4048888888889,0.0
37,2025-10-26,weekend,75,320.6728888888889,0.0
37,2025-10-26,weekend,76,298.28633333333335,0.0
37,2025-10-26,weekend,77,285.10155555555554,0.0
37,2025-10-26,weekend,78,281.35266666666666,0.0
37,2025-10-26,weekend,79,258.5812222222222,0.0
37,2025-10-26,weekend,80,251.11777777777777,0.0
37,2025-10-26,weekend,81,254.63833333333335,0.0
37,2025-10-26,weekend,82,251.48366666666666,0.0
37,2025-10-26,weekend,83,245.3848888888889,0.0
37,2025-10-26,weekend,84,245.0637777777778,0.0
37,2025-10-26,weekend,85,240.9748888888889,0.0
37,2025-10-26,weekend,86,244.13555555555556,0.0
37,2025-10-26,weekend,87,242.78044444444447,0.0
37,2025-10-26,weekend,88,200.99444444444444,0.0
37,2025-10-26,weekend,89,113.45044444444446,0.0
37,2025-10-26,weekend,90,87.13266666666667,0.0
37,2025-10-26,weekend,91,99.61333333333334,0.0
37,2025-10-26,weekend,92,93.94788888888888,0.0
37,2025-10-26,weekend,93,91.2731111111111,0.0
37,2025-10-26,weekend,94,95.52144444444444,0.0
37,2025-10-26,weekend,95,96.54844444444446,0.0
38,2025-10-27,working,0,96.90654320987655,0.0
38,2025-10-27,working,1,112.7938888888889,0.0
38,2025-10-27,working,2,110.05122222222222,0.0
38,2025-10-27,working,3,112.48244444444444,0.0
38,2025-10-27,working,4,110.864,0.0
38,2025-10-27,working,5,112.21922222222221,0.0
38,2025-10-27,working,6,109.44,0.0
38,2025-10-27,working,7,110.7058888888889,0.0
38,2025-10-27,working,8,108.02477777777777,0.0
38,2025-10-27,working,9,97.35722222222222,0.0
38,2025-10-27,working,10,91.6648888888889,0.0
38,2025-10-27,working,11,93.32322222222223,0.0
38,2025-10-27,working,12,92.04466666666667,0.0
38,2025-10-27,working,13,92.57244444444444,0.0
38,2025-10-27,working,14,94.22833333333332,0.0
38,2025-10-27,working,15,95.52977777777778,0.0
38,2025-10-27,working,16,90.73755555555556,0.0
38,2025-10-27,working,17,88.43477777777778,0.0
38,2025-10-27,working,18,83.19455555555555,0.0
38,2025-10-27,working,19,85.38511111111112,0.0
38,2025-10-27,working,20,77.28366666666666,0.0
38,2025-10-27,working,21,174.3268888888889,0.0
38,2025-10-27,working,22,268.2196666666667,0.0
38,2025-10-27,working,23,261.70366666666666,0.4298888888888889
38,2025-10-27,working,24,262.5197777777778,3.0872222222222225
38,2025-10-27,working,25,297.426,7.780222222222222
38,2025-10-27,working,26,320.3452222222222,32.025555555555556
38,2025-10-27,working,27,347.3538888888889,62.602777777777774
38,2025-10-27,working,28,356.53711111111113,79.83766666666666
38,2025-10-27,working,29,387.6031111111111,128.8841111111111
38,2025-10-27,working,30,419.3298888888889,144.64977777777779
38,2025-10-27,working,31,441.3335555555555,146.6582222222222
38,2025-10-27,working,32,448.3877777777778,175.30466666666666
38,2025-10-27,working,33,449.40866666666665,197.60022222222221
38,2025-10-27,working,34,453.2482222222222,223.6627777777778
38,2025-10-27,working,35,467.73744444444446,277.621
38,2025-10-27,working,36,483.22544444444446,280.3093333333333
38,2025-10-27,working,37,499.24733333333336,297.2021111111111
38,2025-10-27,working,38,505.7014444444444,289.2302222222222
38,2025-10-27,working,39,500.9571111111111,327.36966666666666
38,2025-10-27,working,40,485.5254444444445,291.66366666666664
38,2025-10-27,working,41,490.9054444444444,262.9991111111111
38,2025-10-27,working,42,481.25555555555553,290.4438888888889
38,2025-10-27,working,43,478.3162222222222,359.11955555555556
38,2025-10-27,working,44,470.27416666666664,427.1230952380952
38,2025-10-27,working,45,503.0177777777778,325.7536666666666
38,2025-10-27,working,46,485.0065555555555,310.2726666666667
38,2025-10-27,working,47,473.22524390243905,333.43951219512195
38,2025-10-27,working,48,501.3557303370787,404.3998876404494
38,2025-10-27,working,49,504.3277777777778,457.3552222222222
38,2025-10-27,working,50,496.79858823529406,458.0014117647059
38,2025-10-27,working,51,479.8412222222222,451.49322222222224
38,2025-10-27,working,52,490.61055555555555,448.61322222222225
38,2025-10-27,working,53,509.2636585365854,458.2579268292683
38,2025-10-27,working,54,503.8874444444445,421.70355555555557
38,2025-10-27,working,55,501.6813333333333,389.7784444444444
38,2025-10-27,working,56,503.7222727272727,419.8705681818182
38,2025-10-27,working,57,510.896,368.2917647058824
38,2025-10-27,working,58,499.0815555555555,361.58222222222224
38,2025-10-27,working,59,499.5898888888888,318.7028888888889
38,2025-10-27,working,60,506.380843373494,281.9195180722892
38,2025-10-27,working,61,505.05888888888893,245.7101111111111
38,2025-10-27,working,62,487.56233333333336,202.69
38,2025-10-27,working,63,485.2820238095238,187.47261904761905
38,2025-10-27,working,64,479.4407777777778,143.23322222222222
38,2025-10-27,working,65,466.3997777777778,107.78233333333333
38,2025-10-27,working,66,454.3678313253012,81.38975903614458
38,2025-10-27,working,67,432.61577777777774,34.71388888888889
38,2025-10-27,working,68,426.4394382022472,9.889101123595506
38,2025-10-27,working,69,408.68781609195406,1.867816091954023
38,2025-10-27,working,70,384.3580459770115,0.07540229885057471
38,2025-10-27,working,71,344.09066666666666,0.0
38,2025-10-27,working,72,331.8896629213483,0.0
38,2025-10-27,working,73,312.6630588235294,0.0
38,2025-10-27,working,74,318.6698888888889,0.0
38,2025-10-27,working,75,318.7682222222222,0.0
38,2025-10-27,working,76,292.0796511627907,0.0
38,2025-10-27,working,77,312.0401111111111,0.0
38,2025-10-27,working,78,307.74177777777777,0.0
38,2025-10-27,working,79,316.38675,0.0
38,2025-10-27,working,80,312.9169662921348,0.0
38,2025-10-27,working,81,323.85288888888886,0.0
38,2025-10-27,working,82,288.46977272727275,0.0
38,2025-10-27,working,83,285.74069767441864,0.0
38,2025-10-27,working,84,260.0708988764045,0.0
38,2025-10-27,working,85,209.66155555555557,0.0
38,2025-10-27,working,86,165.74094117647059,0.0
38,2025-10-27,working,87,158.049,0.0
38,2025-10-27,working,88,139.67134831460675,0.0
38,2025-10-27,working,89,115.73705882352941,0.0
38,2025-10-27,working,90,124.42333333333333,0.0
38,2025-10-27,working,91,108.54088888888889,0.0
38,2025-10-27,working,92,102.80130952380952,0.0
38,2025-10-27,working,93,88.93955555555556,0.0
38,2025-10-27,working,94,91.86166666666666,0.0
38,2025-10-27,working,95,87.76941860465116,0.0
39,2025-10-28,working,0,103.54938271604938,0.0
39,2025-10-28,working,1,109.18655555555557,0.0
39,2025-10-28,working,2,110.82822222222224,0.0
39,2025-10-28,working,3,112.68477777777777,0.0
39,2025-10-28,working,4,116.56944444444444,0.0
39,2025-10-28,working,5,120.76522222222223,0.0
39,2025-10-28,working,6,120.10788888888888,0.0
39,2025-10-28,working,7,114.00666666666667,0.0
39,2025-10-28,working,8,115.03,0.0
39,2025-10-28,working,9,113.73422222222221,0.0
39,2025-10-28,working,10,114.64922222222222,0.0
39,2025-10-28,working,11,110.26288888888888,0.0
39,2025-10-28,working,12,108.844,0.0
39,2025-10-28,working,13,97.41544444444443,0.0
39,2025-10-28,working,14,95.15388888888889,0.0
39,2025-10-28,working,15,82.53111111111112,0.0
39,2025-10-28,working,16,72.79922222222223,0.0
39,2025-10-28,working,17,83.475,0.0
39,2025-10-28,working,18,77.4478888888889,0.0
39,2025-10-28,working,19,75.96933333333332,0.0
39,2025-10-28,working,20,78.233,0.0
39,2025-10-28,working,21,125.54733333333334,0.0
39,2025-10-28,working,22,217.02922222222224,0.0
39,2025-10-28,working,23,231.27788888888887,0.08966666666666667
39,2025-10-28,working,24,245.51866666666666,2.3
39,2025-10-28,working,25,254.61455555555557,11.721666666666668
39,2025-10-28,working,26,306.3516666666667,23.804444444444446
39,2025-10-28,working,27,337.0551111111111,38.35055555555556
39,2025-10-28,working,28,355.557,57.51566666666667
39,2025-10-28,working,29,376.4436666666667,69.53155555555556
39,2025-10-28,working,30,414.7576666666667,89.331
39,2025-10-28,working,31,438.6816666666667,120.39055555555555
39,2025-10-28,working,32,452.9428888888889,150.22444444444446
39,2025-10-28,working,33,462.38100000000003,194.5311111111111
39,2025-10-28,working,34,475.5284444444444,233.8968888888889
39,2025-10-28,working,35,472.1633333333333,216.7286666666667
39,2025-10-28,working,36,480.9028888888889,257.4618888888889
39,2025-10-28,working,37,501.4265555555555,405.8136666666667
39,2025-10-28,working,38,506.0596666666667,456.04900000000004
39,2025-10-28,working,39,490.37766666666664,462.85911111111113
39,2025-10-28,working,40,500.5366279069768,444.4372093023256
39,2025-10-28,working,41,517.4356976744186,489.43988372093025
39,2025-10-28,working,42,491.84999999999997,367.93065789473684
39,2025-10-28,working,43,468.71317073170735,386.81
39,2025-10-28,working,44,441.60883720930235,393.16197674418606
39,2025-10-28,working,45,434.9875308641975,401.5606172839506
39,2025-10-28,working,46,436.7567567567568,388.4760810810811
39,2025-10-28,working,47,435.51,372.2661176470588
39,2025-10-28,working,48,468.9974074074074,363.0565432098765
39,2025-10-28,working,49,518.4694666666667,372.8016
39,2025-10-28,working,50,483.2958620689655,345.30080459770113
39,2025-10-28,working,51,480.4662068965517,327.72321839080456
39,2025-10-28,working,52,477.95487179487185,288.3255128205128
39,2025-10-28,working,53,486.1320987654321,284.44283950617285
39,2025-10-28,working,54,503.5720689655172,256.24632183908045
39,2025-10-28,working,55,502.36651162790696,248.48267441860463
39,2025-10-28,working,56,509.720985915493,321.3469014084507
39,2025-10-28,working,57,514.2322093023256,282.6209302325582
39,2025-10-28,working,58,519.4695402298851,262.2863218390805
39,2025-10-28,working,59,510.572972972973,231.94621621621621
39,2025-10-28,working,60,502.1561728395062,210.30024691358025
39,2025-10-28,working,61,514.8590361445783,207.76433734939758
39,2025-10-28,working,62,496.0515853658537,113.43207317073171
39,2025-10-28,working,63,482.71851351351347,91.40594594594594
39,2025-10-28,working,64,458.4203703703704,68.76098765432099
39,2025-10-28,working,65,456.3093902439025,46.8909756097561
39,2025-10-28,working,66,438.195,27.34027777777778
39,2025-10-28,working,67,374.4185882352941,15.605529411764707
39,2025-10-28,working,68,379.49951807228916,5.7616867469879525
39,2025-10-28,working,69,381.0294936708861,0.6832911392405063
39,2025-10-28,working,70,384.77419753086417,0.005432098765432099
39,2025-10-28,working,71,354.6695348837209,0.0
39,2025-10-28,working,72,316.70025316455695,0.0
39,2025-10-28,working,73,312.8366666666667,0.0
39,2025-10-28,working,74,320.8651724137931,0.0
39,2025-10-28,working,75,305.49252873563216,0.0
39,2025-10-28,working,76,301.38168539325846,0.0
39,2025-10-28,working,77,302.81433333333337,0.0
39,2025-10-28,working,78,301.75811111111113,0.0
39,2025-10-28,working,79,300.1277777777778,0.0
39,2025-10-28,working,80,255.60539473684207,0.0
39,2025-10-28,working,81,250.0780459770115,0.0
39,2025-10-28,working,82,252.17919540229886,0.0
39,2025-10-28,working,83,237.01554054054057,0.0
39,2025-10-28,working,84,213.33301204819276,0.0
39,2025-10-28,working,85,224.6960465116279,0.0
39,2025-10-28,working,86,227.96358024691358,0.0
39,2025-10-28,working,87,224.5113253012048,0.0
39,2025-10-28,working,88,223.9063953488372,0.0
39,2025-10-28,working,89,220.04919540229884,0.0
39,2025-10-28,working,90,138.65333333333334,0.0
39,2025-10-28,working,91,97.86126436781609,0.0
39,2025-10-28,working,92,99.48625000000001,0.0
39,2025-10-28,working,93,113.54397260273971,0.0
39,2025-10-28,working,94,128.17125,0.0
39,2025-10-28,working,95,123.55896551724138,0.0
40,2025-10-29,working,0,105.576,0.0
40,2025-10-29,working,1,84.0668888888889,0.0
40,2025-10-29,working,2,79.47866666666667,0.0
40,2025-10-29,working,3,83.619,0.0
40,2025-10-29,working,4,85.72511111111112,0.0
40,2025-10-29,working,5,77.32600000000001,0.0
40,2025-10-29,working,6,91.33755555555555,0.0
40,2025-10-29,working,7,84.37477777777778,0.0
40,2025-10-29,working,8,83.0772619047619,0.0
40,2025-10-29,working,9,83.24444444444444,0.0
40,2025-10-29,working,10,82.08755555555555,0.0
40,2025-10-29,working,11,78.32822222222222,0.0
40,2025-10-29,working,12,77.62349397590361,0.0
40,2025-10-29,working,13,76.08444444444444,0.0
40,2025-10-29,working,14,78.16277777777778,0.0
40,2025-10-29,working,15,78.56877777777777,0.0
40,2025-10-29,working,16,80.41571428571429,0.0
40,2025-10-29,working,17,78.07388888888889,0.0
40,2025-10-29,working,18,88.24655555555555,0.0
40,2025-10-29,working,19,75.03583333333333,0.0
40,2025-10-29,working,20,81.57333333333334,0.0
40,2025-10-29,working,21,210.83633333333333,0.0
40,2025-10-29,working,22,245.83100000000002,0.0
40,2025-10-29,working,23,245.54695121951218,0.21134146341463417
40,2025-10-29,working,24,266.9907865168539,3.5025842696629215
40,2025-10-29,working,25,315.6462222222222,12.316555555555556
40,2025-10-29,working,26,335.2465555555555,28.692666666666668
40,2025-10-29,working,27,342.62060240963854,46.29987951807229
40,2025-10-29,working,28,352.73422222222223,49.56155555555556
40,2025-10-29,working,29,386.5848888888889,42.44744444444444
40,2025-10-29,working,30,428.9957647058823,45.36964705882353
40,2025-10-29,working,31,449.9587777777778,51.60811111111111
40,2025-10-29,working,32,449.1277777777778,63.06677777777778
40,2025-10-29,working,33,450.45233333333334,77.75633333333333
40,2025-10-29,working,34,462.4852941176471,74.06341176470589
40,2025-10-29,working,35,418.0343333333333,79.91188888888888
40,2025-10-29,working,36,424.28146067415736,134.1129213483146
40,2025-10-29,working,37,434.25228915662655,182.79638554216868
40,2025-10-29,working,38,430.28277777777777,264.6313333333333
40,2025-10-29,working,39,421.1383333333333,225.891
40,2025-10-29,working,40,450.03459770114944,196.4583908045977
40,2025-10-29,working,41,456.58068965517236,202.85931034482758
40,2025-10-29,working,42,442.1755555555556,214.0301111111111
40,2025-10-29,working,43,438.3453333333334,224.17566666666667
40,2025-10-29,working,44,410.3858823529412,217.95541176470587
40,2025-10-29,working,45,400.12888888888887,189.19644444444444
40,2025-10-29,working,46,400.34366666666665,177.4671111111111
40,2025-10-29,working,47,394.5926666666666,207.90433333333334
40,2025-10-29,working,48,436.36433734939754,248.75783132530123
40,2025-10-29,working,49,409.71066666666667,264.12822222222223
40,2025-10-29,working,50,411.10333333333335,367.5302222222222
40,2025-10-29,working,51,428.6154545454546,260.9480681818182
40,2025-10-29,working,52,417.90922222222224,222.55922222222225
40,2025-10-29,working,53,431.66855555555554,180.86233333333334
40,2025-10-29,working,54,434.8489887640449,150.04179775280898
40,2025-10-29,working,55,450.0068181818182,187.75875
40,2025-10-29,working,56,454.13444444444445,162.1811111111111
40,2025-10-29,working,57,454.0363333333333,144.12377777777778
40,2025-10-29,working,58,445.72280487804875,115.96853658536585
40,2025-10-29,working,59,455.6341111111111,125.87777777777778
40,2025-10-29,working,60,443.9504494382022,87.14213483146067
40,2025-10-29,working,61,463.0866666666667,54.92988505747126
40,2025-10-29,working,62,443.35895348837215,62.67627906976744
40,2025-10-29,working,63,456.9408888888889,69.55522222222223
40,2025-10-29,working,64,434.0185393258427,42.74606741573034
40,2025-10-29,working,65,385.3887209302326,30.832558139534882
40,2025-10-29,working,66,360.98766666666666,11.855555555555556
40,2025-10-29,working,67,372.8454444444444,8.027222222222223
40,2025-10-29,working,68,371.80044444444445,6.524222222222222
40,2025-10-29,working,69,366.5744444444444,1.5544444444444445
40,2025-10-29,working,70,360.0782222222222,0.11644444444444445
40,2025-10-29,working,71,338.1892222222222,0.0
40,2025-10-29,working,72,322.5634831460674,0.0
40,2025-10-29,working,73,318.63388888888886,0.0
40,2025-10-29,working,74,332.9248888888889,0.0
40,2025-10-29,working,75,329.4131111111111,0.0
40,2025-10-29,working,76,323.5285057471264,0.0
40,2025-10-29,working,77,321.18455555555556,0.0
40,2025-10-29,working,78,316.68177777777777,0.0
40,2025-10-29,working,79,312.5917647058823,0.0
40,2025-10-29,working,80,308.0827777777778,0.0
40,2025-10-29,working,81,280.3607777777778,0.0
40,2025-10-29,working,82,274.90022988505746,0.0
40,2025-10-29,working,83,271.2106896551724,0.0
40,2025-10-29,working,84,258.51522222222223,0.0
40,2025-10-29,working,85,267.2825555555556,0.0
40,2025-10-29,working,86,268.32548780487804,0.0
40,2025-10-29,working,87,242.54811111111113,0.0
40,2025-10-29,working,88,221.20685393258427,0.0
40,2025-10-29,working,89,199.76155555555556,0.0
40,2025-10-29,working,90,108.47011627906977,0.0
40,2025-10-29,working,91,102.52055555555556,0.0
40,2025-10-29,working,92,96.7148888888889,0.0
40,2025-10-29,working,93,94.41258823529411,0.0
40,2025-10-29,working,94,102.46611111111112,0.0
40,2025-10-29,working,95,97.465,0.0
41,2025-10-30,working,0,102.70150000000001,0.0
41,2025-10-30,working,1,117.47588888888889,0.0
41,2025-10-30,working,2,99.37433333333334,0.0
41,2025-10-30,working,3,109.26677777777778,0.0
41,2025-10-30,working,4,109.85133333333334,0.0
41,2025-10-30,working,5,107.18766666666666,0.0
41,2025-10-30,working,6,102.25866666666667,0.0
41,2025-10-30,working,7,101.91077777777777,0.0
41,2025-10-30,working,8,105.47522222222223,0.0
41,2025-10-30,working,9,101.27133333333333,0.0
41,2025-10-30,working,10,98.68233333333333,0.0
41,2025-10-30,working,11,99.94944444444445,0.0
41,2025-10-30,working,12,98.57066666666667,0.0
41,2025-10-30,working,13,92.30055555555555,0.0
41,2025-10-30,working,14,93.37433333333334,0.0
41,2025-10-30,working,15,93.18188888888889,0.0
41,2025-10-30,working,16,92.22922222222222,0.0
41,2025-10-30,working,17,95.73288888888888,0.0
41,2025-10-30,working,18,97.35366666666667,0.0
41,2025-10-30,working,19,76.09977777777777,0.0
41,2025-10-30,working,20,77.03011111111111,0.0
41,2025-10-30,working,21,104.73711111111112,0.0
41,2025-10-30,working,22,264.62522222222225,0.0
41,2025-10-30,working,23,264.5536666666667,0.05766666666666667
41,2025-10-30,working,24,305.4973333333333,3.0028888888888887
41,2025-10-30,working,25,323.8186666666667,7.830444444444445
41,2025-10-30,working,26,352.25688888888885,13.463000000000001
41,2025-10-30,working,27,341.84355555555555,18.160777777777778
41,2025-10-30,working,28,351.3848888888889,24.418666666666663
41,2025-10-30,working,29,381.786,37.48066666666667
41,2025-10-30,working,30,418.04044444444446,67.82466666666667
41,2025-10-30,working,31,428.11744444444446,132.19244444444445
41,2025-10-30,working,32,443.16977777777777,130.82122222222222
41,2025-10-30,working,33,442.7045555555556,80.08455555555555
41,2025-10-30,working,34,447.06111111111113,60.43655555555556
41,2025-10-30,working,35,424.15766666666667,34.62877777777778
41,2025-10-30,working,36,413.5401111111111,37.54411111111111
41,2025-10-30,working,37,454.6213333333333,64.87055555555555
41,2025-10-30,working,38,455.6613333333333,84.1691111111111
41,2025-10-30,working,39,471.0991111111111,115.10277777777777
41,2025-10-30,working,40,489.1614942528736,141.5548275862069
41,2025-10-30,working,41,466.8050666666666,139.4796
41,2025-10-30,working,42,462.8468539325843,121.78662921348315
41,2025-10-30,working,43,419.9162222222222,99.26866666666668
41,2025-10-30,working,44,399.0738157894737,68.05065789473684
41,2025-10-30,working,45,411.62895348837213,91.3803488372093
41,2025-10-30,working,46,415.7869662921348,123.57134831460675
41,2025-10-30,working,47,425.1667901234568,121.89246913580246
41,2025-10-30,working,48,436.0882926829268,95.77341463414635
41,2025-10-30,working,49,436.45955056179776,65.49719101123596
41,2025-10-30,working,50,428.1291860465116,52.767790697674414
41,2025-10-30,working,51,411.1571794871795,83.3401282051282
41,2025-10-30,working,52,415.1540909090909,77.90556818181818
41,2025-10-30,working,53,423.6491358024692,83.28567901234568
41,2025-10-30,working,54,432.3755,62.432125
41,2025-10-30,working,55,433.19522222222224,59.724777777777774
41,2025-10-30,working,56,432.3428409090909,62.39943181818182
41,2025-10-30,working,57,419.9472,85.47466666666668
41,2025-10-30,working,58,426.9270786516854,83.74955056179775
41,2025-10-30,working,59,411.0259550561797,96.46988764044943
41,2025-10-30,working,60,413.8960810810811,78.3645945945946
41,2025-10-30,working,61,395.9242045454546,44.453863636363636
41,2025-10-30,working,62,412.7129213483146,39.93573033707865
41,2025-10-30,working,63,406.213125,45.336124999999996
41,2025-10-30,working,64,396.28927710843374,39.79530120481928
41,2025-10-30,working,65,363.1511494252874,19.503218390804598
41,2025-10-30,working,66,357.86033333333336,16.57177777777778
41,2025-10-30,working,67,359.2494736842105,7.604342105263157
41,2025-10-30,working,68,370.01534090909087,1.5273863636363636
41,2025-10-30,working,69,371.66977777777777,0.06644444444444444
41,2025-10-30,working,70,347.5734210526316,0.0
41,2025-10-30,working,71,332.5424705882353,0.0
41,2025-10-30,working,72,345.3743181818182,0.0
41,2025-10-30,working,73,325.864578313253,0.0
41,2025-10-30,working,74,312.56512820512825,0.0
41,2025-10-30,working,75,299.7628409090909,0.0
41,2025-10-30,working,76,285.1345882352941,0.0
41,2025-10-30,working,77,305.2713698630137,0.0
41,2025-10-30,working,78,290.6941379310345,0.0
41,2025-10-30,working,79,284.83375,0.0
41,2025-10-30,working,80,283.4046575342466,0.0
41,2025-10-30,working,81,280.96494382022473,0.0
41,2025-10-30,working,82,284.25516853932584,0.0
41,2025-10-30,working,83,286.3155844155844,0.0
41,2025-10-30,working,84,285.0806976744186,0.0
41,2025-10-30,working,85,258.46000000000004,0.0
41,2025-10-30,working,86,280.235,0.0
41,2025-10-30,working,87,280.79162162162163,0.0
41,2025-10-30,working,88,275.394606741573,0.0
41,2025-10-30,working,89,232.14674157303372,0.0
41,2025-10-30,working,90,178.67506493506494,0.0
41,2025-10-30,working,91,173.63454545454545,0.0
41,2025-10-30,working,92,166.87306818181818,0.0
41,2025-10-30,working,93,166.4971052631579,0.0
41,2025-10-30,working,94,179.23470588235296,0.0
41,2025-10-30,working,95,177.86844444444444,0.0
42,2025-10-31,working,0,176.79225,0.0
42,2025-10-31,working,1,168.05633333333333,0.0
42,2025-10-31,working,2,167.60755555555556,0.0
42,2025-10-31,working,3,172.25944444444445,0.0
42,2025-10-31,working,4,172.71522222222222,0.0
42,2025-10-31,working,5,172.32466666666667,0.0
42,2025-10-31,working,6,166.29111111111112,0.0
42,2025-10-31,working,7,168.35888888888888,0.0
42,2025-10-31,working,8,164.99122222222223,0.0
42,2025-10-31,working,9,167.64866666666666,0.0
42,2025-10-31,working,10,165.877,0.0
42,2025-10-31,working,11,163.65633333333332,0.0
42,2025-10-31,working,12,165.91622222222225,0.0
42,2025-10-31,working,13,175.72055555555556,0.0
42,2025-10-31,working,14,173.49466666666666,0.0
42,2025-10-31,working,15,174.7722222222222,0.0
42,2025-10-31,working,16,163.66477777777777,0.0
42,2025-10-31,working,17,151.68444444444444,0.0
42,2025-10-31,working,18,134.68622222222223,0.0
42,2025-10-31,working,19,116.06044444444446,0.0
42,2025-10-31,working,20,116.39755555555556,0.0
42,2025-10-31,working,21,182.80522222222223,0.0
42,2025-10-31,working,22,240.40077777777776,0.0
42,2025-10-31,working,23,251.58022222222223,0.0
42,2025-10-31,working,24,296.30522222222226,0.5768888888888889
42,2025-10-31,working,25,317.6681111111111,3.0875555555555554
42,2025-10-31,working,26,330.2571111111111,6.234999999999999
42,2025-10-31,working,27,333.9547777777778,5.21
42,2025-10-31,working,28,342.1296666666667,13.474444444444446
42,2025-10-31,working,29,372.34766666666667,23.02777777777778
42,2025-10-31,working,30,410.8795555555555,20.022666666666666
42,2025-10-31,working,31,450.31044444444444,32.768
42,2025-10-31,working,32,448.25544444444444,33.78722222222222
42,2025-10-31,working,33,446.74555555555554,39.973222222222226
42,2025-10-31,working,34,437.4986666666666,26.415666666666667
42,2025-10-31,working,35,440.4387777777778,37.063
42,2025-10-31,working,36,442.71777777777777,32.910777777777774
42,2025-10-31,working,37,418.3325555555556,33.23788888888889
42,2025-10-31,working,38,413.4018888888889,35.717222222222226
42,2025-10-31,working,39,426.9651111111111,31.957444444444445
42,2025-10-31,working,40,437.51411111111105,50.745333333333335
42,2025-10-31,working,41,418.42144444444443,66.58611111111111
42,2025-10-31,working,42,409.8521111111111,50.64688888888889
42,2025-10-31,working,43,411.686,56.73511111111111
42,2025-10-31,working,44,383.0154444444444,59.21744444444444
42,2025-10-31,working,45,379.6735555555556,74.53677777777779
42,2025-10-31,working,46,392.061,66.47200000000001
42,2025-10-31,working,47,391.03855555555555,51.354222222222226
42,2025-10-31,working,48,399.1072619047619,65.15273809523809
42,2025-10-31,working,49,400.76247058823526,58.86529411764706
42,2025-10-31,working,50,383.1039534883721,49.02848837209302
42,2025-10-31,working,51,369.2575,56.32011904761905
42,2025-10-31,working,52,380.0713953488372,63.29744186046511
42,2025-10-31,working,53,381.1375324675325,49.161298701298705
42,2025-10-31,working,54,371.48829268292684,33.08207317073171
42,2025-10-31,working,55,386.544625,22.660375
42,2025-10-31,working,56,383.74551282051283,32.33974358974359
42,2025-10-31,working,57,366.19,36.355411764705885
42,2025-10-31,working,58,360.19425287356324,50.28977011494253
42,2025-10-31,working,59,365.274,46.321
42,2025-10-31,working,60,347.5091463414634,32.22609756097561
42,2025-10-31,working,61,351.8947126436782,28.472413793103446
42,2025-10-31,working,62,345.4090476190476,35.402857142857144
42,2025-10-31,working,63,339.8793421052631,29.10447368421053
42,2025-10-31,working,64,325.84267441860464,20.828953488372093
42,2025-10-31,working,65,306.2069135802469,16.686790123456788
42,2025-10-31,working,66,297.15000000000003,11.955342465753425
42,2025-10-31,working,67,282.69357142857143,6.898571428571429
42,2025-10-31,working,68,286.67,2.4096385542168677
42,2025-10-31,working,69,280.42289156626504,0.17132530120481929
42,2025-10-31,working,70,271.52875,0.0
42,2025-10-31,working,71,266.3644705882353,0.0
42,2025-10-31,working,72,253.689375,0.0
42,2025-10-31,working,73,250.52863636363637,0.0
42,2025-10-31,working,74,246.2186046511628,0.0
42,2025-10-31,working,75,231.4641666666667,0.0
42,2025-10-31,working,76,233.67135802469136,0.0
42,2025-10-31,working,77,227.89643835616437,0.0
42,2025-10-31,working,78,231.88125,0.0
42,2025-10-31,working,79,217.54265060240965,0.0
42,2025-10-31,working,80,217.0568292682927,0.0
42,2025-10-31,working,81,207.31886075949367,0.0
42,2025-10-31,working,82,174.41188235294118,0.0
42,2025-10-31,working,83,174.8332530120482,0.0
42,2025-10-31,working,84,162.10679487179488,0.0
42,2025-10-31,working,85,169.24896551724137,0.0
42,2025-10-31,working,86,126.937375,0.0
42,2025-10-31,working,87,24.639058823529414,0.0
42,2025-10-31,working,88,25.84649350649351,0.0
42,2025-10-31,working,89,25.28658823529412,0.0
42,2025-10-31,working,90,24.503625,0.0
42,2025-10-31,working,91,25.327272727272728,0.0
42,2025-10-31,working,92,24.491604938271603,0.0
42,2025-10-31,working,93,24.63952380952381,0.0
42,2025-10-31,working,94,24.685443037974686,0.0
42,2025-10-31,working,95,25.085394736842105,0.0
43,2025-11-01,working,0,23.831975308641972,0.0
43,2025-11-01,working,1,24.55488888888889,0.0
43,2025-11-01,working,2,24.557777777777776,0.0
43,2025-11-01,working,3,24.293,0.0
43,2025-11-01,working,4,21.558555555555554,0.0
43,2025-11-01,working,5,21.545444444444442,0.0
43,2025-11-01,working,6,24.048555555555556,0.0
43,2025-11-01,working,7,23.951444444444444,0.0
43,2025-11-01,working,8,24.441222222222223,0.0
43,2025-11-01,working,9,23.980333333333334,0.0
43,2025-11-01,working,10,24.428111111111114,0.0
43,2025-11-01,working,11,23.253111111111114,0.0
43,2025-11-01,working,12,24.246111111111112,0.0
43,2025-11-01,working,13,24.202333333333335,0.0
43,2025-11-01,working,14,24.450444444444443,0.0
43,2025-11-01,working,15,23.451555555555554,0.0
43,2025-11-01,working,16,24.080444444444442,0.0
43,2025-11-01,working,17,24.262666666666664,0.0
43,2025-11-01,working,18,23.784333333333336,0.0
43,2025-11-01,working,19,23.886777777777777,0.0
43,2025-11-01,working,20,24.110555555555553,0.0
43,2025-11-01,working,21,21.044888888888888,0.0
43,2025-11-01,working,22,20.877666666666666,0.0
43,2025-11-01,working,23,22.761111111111113,0.0
43,2025-11-01,working,24,20.24822222222222,0.268
43,2025-11-01,working,25,19.16,2.2504444444444442
43,2025-11-01,working,26,20.374333333333333,5.7956666666666665
43,2025-11-01,working,27,20.22311111111111,4.322333333333333
43,2025-11-01,working,28,19.539444444444445,6.186111111111111
43,2025-11-01,working,29,22.867555555555555,11.091444444444445
43,2025-11-01,working,30,24.434,18.83588888888889
43,2025-11-01,working,31,25.328555555555557,20.566111111111113
43,2025-11-01,working,32,23.99277777777778,19.956777777777777
43,2025-11-01,working,33,24.14788888888889,22.633444444444443
43,2025-11-01,working,34,25.619,21.321444444444445
43,2025-11-01,working,35,25.214222222222226,22.87422222222222
43,2025-11-01,working,36,24.04922222222222,22.74311111111111
43,2025-11-01,working,37,23.657777777777774,20.512999999999998
43,2025-11-01,working,38,18.357555555555557,15.57988888888889
43,2025-11-01,working,39,21.490333333333336,17.92911111111111
43,2025-11-01,working,40,22.577111111111112,19.980666666666668
43,2025-11-01,working,41,21.20911111111111,19.708666666666666
43,2025-11-01,working,42,22.340222222222224,19.927777777777777
43,2025-11-01,working,43,21.28611111111111,19.847555555555555
43,2025-11-01,working,44,22.707333333333334,20.267222222222223
43,2025-11-01,working,45,21.956333333333333,19.398777777777777
43,2025-11-01,working,46,22.398666666666664,20.679666666666666
43,2025-11-01,working,47,21.797666666666665,18.993666666666666
43,2025-11-01,working,48,19.577333333333335,18.175555555555555
43,2025-11-01,working,49,18.733,16.537555555555553
43,2025-11-01,working,50,17.925333333333334,16.36422222222222
43,2025-11-01,working,51,17.97888888888889,15.748666666666665
43,2025-11-01,working,52,18.658555555555555,15.991888888888889
43,2025-11-01,working,53,18.013222222222222,16.476222222222223
43,2025-11-01,working,54,19.064777777777778,16.663333333333334
43,2025-11-01,working,55,14.530777777777777,12.670777777777776
43,2025-11-01,working,56,17.670666666666666,14.795777777777776
43,2025-11-01,working,57,20.368,18.528111111111112
43,2025-11-01,working,58,23.538999999999998,19.951666666666664
43,2025-11-01,working,59,22.51811111111111,20.04588888888889
43,2025-11-01,working,60,21.54,20.353777777777776
43,2025-11-01,working,61,23.199666666666666,17.85011111111111
43,2025-11-01,working,62,22.391333333333332,19.09511111111111
43,2025-11-01,working,63,23.424333333333333,14.311444444444444
43,2025-11-01,working,64,22.209666666666667,10.564444444444444
43,2025-11-01,working,65,22.817555555555554,12.278999999999998
43,2025-11-01,working,66,22.198555555555554,10.652666666666667
43,2025-11-01,working,67,19.228777777777776,5.521111111111111
43,2025-11-01,working,68,18.417333333333332,1.4934444444444444
43,2025-11-01,working,69,21.40611111111111,0.10277777777777777
43,2025-11-01,working,70,23.34188888888889,0.0
43,2025-11-01,working,71,22.11488888888889,0.0
43,2025-11-01,working,72,17.244888888888887,0.0
43,2025-11-01,working,73,19.637888888888888,0.0
43,2025-11-01,working,74,21.878444444444444,0.0
43,2025-11-01,working,75,21.36888888888889,0.0
43,2025-11-01,working,76,22.087777777777777,0.0
43,2025-11-01,working,77,21.16911111111111,0.0
43,2025-11-01,working,78,21.88222222222222,0.0
43,2025-11-01,working,79,21.843222222222224,0.0
43,2025-11-01,working,80,22.289777777777775,0.0
43,2025-11-01,working,81,21.57777777777778,0.0
43,2025-11-01,working,82,21.88722222222222,0.0
43,2025-11-01,working,83,22.32322222222222,0.0
43,2025-11-01,working,84,21.73911111111111,0.0
43,2025-11-01,working,85,21.961444444444446,0.0
43,2025-11-01,working,86,21.44688888888889,0.0
43,2025-11-01,working,87,22.12177777777778,0.0
43,2025-11-01,working,88,21.827444444444446,0.0
43,2025-11-01,working,89,17.731666666666666,0.0
43,2025-11-01,working,90,20.200555555555557,0.0
43,2025-11-01,working,91,22.197777777777777,0.0
43,2025-11-01,working,92,21.87633333333333,0.0
43,2025-11-01,working,93,22.19677777777778,0.0
43,2025-11-01,working,94,21.337555555555554,0.0
43,2025-11-01,working,95,21.81722222222222,0.0
44,2025-11-02,weekend,0,21.28395061728395,0.0
44,2025-11-02,weekend,1,22.318444444444445,0.0
44,2025-11-02,weekend,2,21.169666666666668,0.0
44,2025-11-02,weekend,3,21.893222222222224,0.0
44,2025-11-02,weekend,4,21.503777777777778,0.0
44,2025-11-02,weekend,5,21.592,0.0
44,2025-11-02,weekend,6,21.807222222222222,0.0
44,2025-11-02,weekend,7,21.625444444444444,0.0
44,2025-11-02,weekend,8,22.0795,0.0
44,2025-11-02,weekend,9,21.29077777777778,0.0
44,2025-11-02,weekend,10,17.203666666666667,0.0
44,2025-11-02,weekend,11,20.661444444444445,0.0
44,2025-11-02,weekend,12,22.192625,0.0
44,2025-11-02,weekend,13,21.354666666666667,0.0
44,2025-11-02,weekend,14,21.94188888888889,0.0
44,2025-11-02,weekend,15,21.278815789473686,0.0
44,2025-11-02,weekend,16,22.05284090909091,0.0
44,2025-11-02,weekend,17,21.57411111111111,0.0
44,2025-11-02,weekend,18,22.01877777777778,0.0
44,2025-11-02,weekend,19,21.544430379746835,0.0
44,2025-11-02,weekend,20,21.512921348314606,0.0
44,2025-11-02,weekend,21,21.846111111111114,0.0
44,2025-11-02,weekend,22,21.817625,0.0
44,2025-11-02,weekend,23,22.470666666666666,0.0
44,2025-11-02,weekend,24,19.656516853932587,1.3120224719101123
44,2025-11-02,weekend,25,19.11777777777778,4.849876543209876
44,2025-11-02,weekend,26,17.82147727272727,8.111704545454545
44,2025-11-02,weekend,27,13.129999999999999,9.84247191011236
44,2025-11-02,weekend,28,17.747241379310346,15.991034482758621
44,2025-11-02,weekend,29,19.506341463414635,16.842682926829266
44,2025-11-02,weekend,30,17.74211111111111,15.089666666666666
44,2025-11-02,weekend,31,18.345777777777776,17.016666666666666
44,2025-11-02,weekend,32,19.042125,16.054
44,2025-11-02,weekend,33,17.739666666666665,16.411555555555555
44,2025-11-02,weekend,34,18.49888888888889,16.228
44,2025-11-02,weekend,35,17.779240506329113,16.60974683544304
44,2025-11-02,weekend,36,18.52875,14.607613636363636
44,2025-11-02,weekend,37,17.616888888888887,16.102
44,2025-11-02,weekend,38,19.314883720930233,16.59441860465116
44,2025-11-02,weekend,39,18.5,17.32950617283951
44,2025-11-02,weekend,40,18.575842696629213,16.36932584269663
44,2025-11-02,weekend,41,17.02722222222222,15.464666666666666
44,2025-11-02,weekend,42,17.27329268292683,15.608536585365854
44,2025-11-02,weekend,43,18.028666666666666,15.306
44,2025-11-02,weekend,44,11.196741573033707,9.754269662921349
44,2025-11-02,weekend,45,17.912,14.627125000000001
44,2025-11-02,weekend,46,17.007272727272724,15.967386363636365
44,2025-11-02,weekend,47,17.729111111111113,15.256333333333332
44,2025-11-02,weekend,48,16.73448275862069,15.424942528735633
44,2025-11-02,weekend,49,17.705925925925925,14.091111111111113
44,2025-11-02,weekend,50,16.75,15.596741573033707
44,2025-11-02,weekend,51,17.666352941176473,15.539294117647058
44,2025-11-02,weekend,52,17.42397435897436,14.850384615384614
44,2025-11-02,weekend,53,16.879222222222225,15.633000000000001
44,2025-11-02,weekend,54,18.266666666666666,15.821111111111112
44,2025-11-02,weekend,55,17.598125,15.726375
44,2025-11-02,weekend,56,17.624545454545455,14.87340909090909
44,2025-11-02,weekend,57,31.555555555555557,22.77288888888889
44,2025-11-02,weekend,58,155.60622222222221,44.90988888888889
44,2025-11-02,weekend,59,137.6581111111111,36.340888888888884
44,2025-11-02,weekend,60,86.72255555555556,26.77722222222222
44,2025-11-02,weekend,61,26.38233333333333,20.54111111111111
44,2025-11-02,weekend,62,33.04977777777778,22.503666666666668
44,2025-11-02,weekend,63,19.003777777777778,16.150444444444442
44,2025-11-02,weekend,64,18.65488888888889,15.207222222222223
44,2025-11-02,weekend,65,19.89488888888889,9.486666666666666
44,2025-11-02,weekend,66,18.061888888888888,7.0120000000000005
44,2025-11-02,weekend,67,19.03311111111111,3.4595555555555557
44,2025-11-02,weekend,68,22.136888888888887,1.0564444444444445
44,2025-11-02,weekend,69,22.55377777777778,0.06722222222222222
44,2025-11-02,weekend,70,23.335444444444445,0.0
44,2025-11-02,weekend,71,23.234222222222222,0.0
44,2025-11-02,weekend,72,23.24674157303371,0.0
44,2025-11-02,weekend,73,21.775,0.0
44,2025-11-02,weekend,74,21.73111111111111,0.0
44,2025-11-02,weekend,75,21.95588888888889,0.0
44,2025-11-02,weekend,76,21.079,0.0
44,2025-11-02,weekend,77,21.51,0.0
44,2025-11-02,weekend,78,15.73411111111111,0.0
44,2025-11-02,weekend,79,21.91422222222222,0.0
44,2025-11-02,weekend,80,21.196629213483146,0.0
44,2025-11-02,weekend,81,21.544444444444444,0.0
44,2025-11-02,weekend,82,22.106333333333332,0.0
44,2025-11-02,weekend,83,21.203222222222223,0.0
44,2025-11-02,weekend,84,22.241222222222223,0.0
44,2025-11-02,weekend,85,22.09177777777778,0.0
44,2025-11-02,weekend,86,21.97811111111111,0.0
44,2025-11-02,weekend,87,22.020666666666667,0.0
44,2025-11-02,weekend,88,21.34022222222222,0.0
44,2025-11-02,weekend,89,22.247888888888887,0.0
44,2025-11-02,weekend,90,21.433222222222224,0.0
44,2025-11-02,weekend,91,21.60188888888889,0.0
44,2025-11-02,weekend,92,22.631555555555554,0.0
44,2025-11-02,weekend,93,21.131555555555554,0.0
44,2025-11-02,weekend,94,20.982444444444447,0.0
44,2025-11-02,weekend,95,16.880111111111113,0.0
45,2025-11-03,working,0,20.952625,0.0
45,2025-11-03,working,1,21.918,0.0
45,2025-11-03,working,2,21.516555555555556,0.0
45,2025-11-03,working,3,22.186,0.0
45,2025-11-03,working,4,20.87966666666667,0.0
45,2025-11-03,working,5,21.19522222222222,0.0
45,2025-11-03,working,6,21.916999999999998,0.0
45,2025-11-03,working,7,21.508,0.0
45,2025-11-03,working,8,21.078888888888887,0.0
45,2025-11-03,working,9,22.088,0.0
45,2025-11-03,working,10,21.02788888888889,0.0
45,2025-11-03,working,11,21.949666666666666,0.0
45,2025-11-03,working,12,21.56288888888889,0.0
45,2025-11-03,working,13,21.21522222222222,0.0
45,2025-11-03,working,14,21.713555555555555,0.0
45,2025-11-03,working,15,19.637666666666668,0.0
45,2025-11-03,working,16,17.001444444444445,0.0
45,2025-11-03,working,17,21.561333333333334,0.0
45,2025-11-03,working,18,21.00922222222222,0.0
45,2025-11-03,working,19,59.90866666666666,0.0
45,2025-11-03,working,20,85.0051111111111,0.0
45,2025-11-03,working,21,146.23322222222222,0.0
45,2025-11-03,working,22,175.2311111111111,0.0
45,2025-11-03,working,23,212.66666666666666,0.0
45,2025-11-03,working,24,222.98544444444443,0.5307777777777778
45,2025-11-03,working,25,222.32833333333332,4.820555555555556
45,2025-11-03,working,26,240.907,8.075333333333333
45,2025-11-03,working,27,255.47411111111109,9.692555555555556
45,2025-11-03,working,28,261.56544444444444,20.73011111111111
45,2025-11-03,working,29,286.30766666666665,29.875666666666667
45,2025-11-03,working,30,310.59377777777775,43.45633333333333
45,2025-11-03,working,31,312.22222222222223,47.56677777777778
45,2025-11-03,working,32,341.80244444444446,49.120000000000005
45,2025-11-03,working,33,334.23688888888887,44.65466666666667
45,2025-11-03,working,34,354.4095555555556,49.321999999999996
45,2025-11-03,working,35,369.2443333333333,101.60988888888889
45,2025-11-03,working,36,386.6295555555556,143.3138888888889
45,2025-11-03,working,37,393.12566666666663,91.16466666666666
45,2025-11-03,working,38,407.4241111111111,72.797
45,2025-11-03,working,39,392.829,64.33866666666667
45,2025-11-03,working,40,381.8815555555555,82.987
45,2025-11-03,working,41,366.4527777777778,116.48877777777777
45,2025-11-03,working,42,404.3524444444445,86.18566666666666
45,2025-11-03,working,43,389.5053333333334,85.39822222222223
45,2025-11-03,working,44,352.857,78.78155555555556
45,2025-11-03,working,45,374.8587777777778,68.08888888888889
45,2025-11-03,working,46,371.4867777777778,72.57588888888888
45,2025-11-03,working,47,379.97633333333334,54.11277777777777
45,2025-11-03,working,48,409.5187777777778,39.12822222222222
45,2025-11-03,working,49,385.7442222222223,52.88466666666667
45,2025-11-03,working,50,362.71777777777777,55.09844444444444
45,2025-11-03,working,51,365.3971111111111,54.43544444444444
45,2025-11-03,working,52,351.5628888888889,61.209111111111106
45,2025-11-03,working,53,358.01155555555556,59.44744444444445
45,2025-11-03,working,54,378.34433333333334,60.855222222222224
45,2025-11-03,working,55,377.93711111111105,60.108777777777775
45,2025-11-03,working,56,372.3897777777778,50.44111111111111
45,2025-11-03,working,57,368.2352222222222,46.17711111111111
45,2025-11-03,working,58,378.6661111111111,38.050222222222224
45,2025-11-03,working,59,376.3321111111111,32.15888888888889
45,2025-11-03,working,60,376.7428888888889,36.67311111111111
45,2025-11-03,working,61,377.06666666666666,32.01244444444444
45,2025-11-03,working,62,378.4987777777778,33.053444444444445
45,2025-11-03,working,63,364.2795555555556,25.85888888888889
45,2025-11-03,working,64,361.0477528089888,14.220898876404496
45,2025-11-03,working,65,336.1312359550562,9.868876404494383
45,2025-11-03,working,66,290.0718823529412,3.942705882352941
45,2025-11-03,working,67,277.08744444444443,2.032111111111111
45,2025-11-03,working,68,281.4903370786517,0.41471910112359556
45,2025-11-03,working,69,291.0318823529412,0.006705882352941177
45,2025-11-03,working,70,295.16533333333336,0.0
45,2025-11-03,working,71,281.3962222222222,0.0
45,2025-11-03,working,72,269.82096385542167,0.0
45,2025-11-03,working,73,277.592,0.0
45,2025-11-03,working,74,268.8756666666667,0.0
45,2025-11-03,working,75,261.2173493975904,0.0
45,2025-11-03,working,76,257.9060674157303,0.0
45,2025-11-03,working,77,262.9271111111111,0.0
45,2025-11-03,working,78,261.23682352941177,0.0
45,2025-11-03,working,79,254.56269662921346,0.0
45,2025-11-03,working,80,257.96944444444443,0.0
45,2025-11-03,working,81,265.4894047619048,0.0
45,2025-11-03,working,82,252.59011363636364,0.0
45,2025-11-03,working,83,247.73744444444444,0.0
45,2025-11-03,working,84,257.47988235294116,0.0
45,2025-11-03,working,85,239.51761904761904,0.0
45,2025-11-03,working,86,236.16199999999998,0.0
45,2025-11-03,working,87,218.679,0.0
45,2025-11-03,working,88,178.86144578313252,0.0
45,2025-11-03,working,89,142.82455555555555,0.0
45,2025-11-03,working,90,135.75955555555555,0.0
45,2025-11-03,working,91,138.4879761904762,0.0
45,2025-11-03,working,92,131.5181111111111,0.0
45,2025-11-03,working,93,120.91055555555556,0.0
45,2025-11-03,working,94,119.02749999999999,0.0
45,2025-11-03,working,95,117.58411111111111,0.0
46,2025-11-04,working,0,111.245,0.0
46,2025-11-04,working,1,112.434,0.0
46,2025-11-04,working,2,103.74266666666666,0.0
46,2025-11-04,working,3,103.3948888888889,0.0
46,2025-11-04,working,4,97.04599999999999,0.0
46,2025-11-04,working,5,91.597,0.0
46,2025-11-04,working,6,94.3081111111111,0.0
46,2025-11-04,working,7,88.82033333333334,0.0
46,2025-11-04,working,8,90.94,0.0
46,2025-11-04,working,9,98.164,0.0
46,2025-11-04,working,10,90.003,0.0
46,2025-11-04,working,11,88.30677777777777,0.0
46,2025-11-04,working,12,85.5958888888889,0.0
46,2025-11-04,working,13,85.03377777777777,0.0
46,2025-11-04,working,14,78.72277777777778,0.0
46,2025-11-04,working,15,77.32600000000001,0.0
46,2025-11-04,working,16,75.95066666666668,0.0
46,2025-11-04,working,17,75.5,0.0
46,2025-11-04,working,18,73.6198888888889,0.0
46,2025-11-04,working,19,75.62899999999999,0.0
46,2025-11-04,working,20,106.16622222222223,0.0
46,2025-11-04,working,21,122.04733333333334,0.0
46,2025-11-04,working,22,150.1548888888889,0.0
46,2025-11-04,working,23,158.85655555555556,0.0
46,2025-11-04,working,24,163.43074074074073,0.565679012345679
46,2025-11-04,working,25,177.50294117647059,3.7456470588235296
46,2025-11-04,working,26,272.76867469879517,6.6245783132530125
46,2025-11-04,working,27,318.8482051282051,8.80551282051282
46,2025-11-04,working,28,322.300987654321,19.245185185185186
46,2025-11-04,working,29,361.07493975903617,37.34987951807229
46,2025-11-04,working,30,377.51707317073175,44.35292682926829
46,2025-11-04,working,31,428.4640963855421,36.34421686746988
46,2025-11-04,working,32,429.73469879518075,37.72084337349398
46,2025-11-04,working,33,430.09722891566264,48.03457831325301
46,2025-11-04,working,34,409.688875,64.03637499999999
46,2025-11-04,working,35,400.0640740740741,86.32530864197531
46,2025-11-04,working,36,409.74193181818185,78.02477272727273
46,2025-11-04,working,37,424.3743902439024,93.29146341463414
46,2025-11-04,working,38,440.2537974683545,114.15696202531645
46,2025-11-04,working,39,423.71357142857147,88.92892857142857
46,2025-11-04,working,40,404.69023809523816,69.28547619047619
46,2025-11-04,working,41,410.566125,69.21275
46,2025-11-04,working,42,428.23048780487807,90.54475609756098
46,2025-11-04,working,43,409.6734567901235,129.9304938271605
46,2025-11-04,working,44,376.1585365853659,116.79963414634146
46,2025-11-04,working,45,372.62976190476195,121.6672619047619
46,2025-11-04,working,46,368.77012658227846,150.18227848101264
46,2025-11-04,working,47,363.5655172413793,138.00367816091955
46,2025-11-04,working,48,375.1561728395062,135.77283950617286
46,2025-11-04,working,49,373.5140740740741,176.8841975308642
46,2025-11-04,working,50,384.1116666666667,122.99261904761904
46,2025-11-04,working,51,367.44397435897434,137.78756410256412
46,2025-11-04,working,52,357.76924050632914,132.4567088607595
46,2025-11-04,working,53,370.59493670886076,95.17417721518987
46,2025-11-04,working,54,369.3130864197531,85.85469135802468
46,2025-11-04,working,55,357.499012345679,89.02876543209877
46,2025-11-04,working,56,382.3406172839506,105.22580246913581
46,2025-11-04,working,57,419.46280487804876,85.95182926829268
46,2025-11-04,working,58,392.5148235294118,65.04658823529412
46,2025-11-04,working,59,378.77852272727273,76.42159090909091
46,2025-11-04,working,60,374.9738095238095,71.41
46,2025-11-04,working,61,403.8125641025641,76.78666666666666
46,2025-11-04,working,62,400.31493827160494,60.195679012345686
46,2025-11-04,working,63,388.7420481927711,47.83975903614458
46,2025-11-04,working,64,377.45574999999997,34.29925
46,2025-11-04,working,65,362.8279746835443,32.47177215189873
46,2025-11-04,working,66,343.20178571428573,15.848333333333333
46,2025-11-04,working,67,326.56634146341463,8.41719512195122
46,2025-11-04,working,68,334.88371794871796,3.4193589743589743
46,2025-11-04,working,69,309.6395,0.149
46,2025-11-04,working,70,288.0675294117647,0.0
46,2025-11-04,working,71,279.1240697674418,0.0
46,2025-11-04,working,72,259.8095061728395,0.0
46,2025-11-04,working,73,260.54397435897437,0.0
46,2025-11-04,working,74,272.03962962962964,0.0
46,2025-11-04,working,75,264.30125,0.0
46,2025-11-04,working,76,248.14392857142857,0.0
46,2025-11-04,working,77,244.82361445783133,0.0
46,2025-11-04,working,78,242.12345679012347,0.0
46,2025-11-04,working,79,232.57901234567902,0.0
46,2025-11-04,working,80,240.52499999999998,0.0
46,2025-11-04,working,81,240.54183908045977,0.0
46,2025-11-04,working,82,243.2162025316456,0.0
46,2025-11-04,working,83,220.38349397590363,0.0
46,2025-11-04,working,84,215.3347191011236,0.0
46,2025-11-04,working,85,209.05877777777778,0.0
46,2025-11-04,working,86,218.36898876404496,0.0
46,2025-11-04,working,87,148.36700000000002,0.0
46,2025-11-04,working,88,136.2778888888889,0.0
46,2025-11-04,working,89,114.5068888888889,0.0
46,2025-11-04,working,90,114.56112359550562,0.0
46,2025-11-04,working,91,118.48733333333334,0.0
46,2025-11-04,working,92,112.74588888888889,0.0
46,2025-11-04,working,93,110.0755172413793,0.0
46,2025-11-04,working,94,116.59733333333334,0.0
46,2025-11-04,working,95,121.06088888888888,0.0
47,2025-11-05,working,0,114.28062500000001,0.0
47,2025-11-05,working,1,116.0071111111111,0.0
47,2025-11-05,working,2,119.07677777777778,0.0
47,2025-11-05,working,3,111.45400000000001,0.0
47,2025-11-05,working,4,117.55222222222223,0.0
47,2025-11-05,working,5,126.16622222222222,0.0
47,2025-11-05,working,6,123.59422222222221,0.0
47,2025-11-05,working,7,116.2898888888889,0.0
47,2025-11-05,working,8,113.28444444444445,0.0
47,2025-11-05,working,9,116.43977777777778,0.0
47,2025-11-05,working,10,106.58077777777778,0.0
47,2025-11-05,working,11,116.87822222222223,0.0
47,2025-11-05,working,12,121.94344444444444,0.0
47,2025-11-05,working,13,108.07455555555555,0.0
47,2025-11-05,working,14,120.54077777777778,0.0
47,2025-11-05,working,15,120.81055555555557,0.0
47,2025-11-05,working,16,111.27055555555556,0.0
47,2025-11-05,working,17,118.70988888888888,0.0
47,2025-11-05,working,18,124.72977777777778,0.0
47,2025-11-05,working,19,123.35922222222221,0.0
47,2025-11-05,working,20,122.46566666666666,0.0
47,2025-11-05,working,21,148.15455555555556,0.0
47,2025-11-05,working,22,127.8831111111111,0.0
47,2025-11-05,working,23,217.22966666666665,0.030444444444444448
47,2025-11-05,working,24,204.37922222222224,2.1265555555555555
47,2025-11-05,working,25,250.91511111111112,7.345666666666667
47,2025-11-05,working,26,263.37666666666667,13.684555555555555
47,2025-11-05,working,27,294.6611111111111,17.045666666666666
47,2025-11-05,working,28,327.28666666666663,36.938
47,2025-11-05,working,29,327.96777777777777,48.67177777777778
47,2025-11-05,working,30,388.792,52.135888888888886
47,2025-11-05,working,31,423.23111111111115,69.24255555555555
47,2025-11-05,working,32,422.59155555555554,69.05422222222222
47,2025-11-05,working,33,413.3445555555556,95.48777777777778
47,2025-11-05,working,34,428.3536666666667,117.12877777777778
47,2025-11-05,working,35,425.1901111111111,151.09422222222221
47,2025-11-05,working,36,420.99733333333336,182.82411111111108
47,2025-11-05,working,37,433.44300000000004,151.297
47,2025-11-05,working,38,444.746,145.18577777777776
47,2025-11-05,working,39,444.1808888888889,117.89944444444446
47,2025-11-05,working,40,437.9822222222222,88.61533333333334
47,2025-11-05,working,41,432.7463333333333,88.71166666666667
47,2025-11-05,working,42,406.39066666666673,95.237
47,2025-11-05,working,43,400.0761111111111,141.48966666666666
47,2025-11-05,working,44,367.7082222222222,145.25400000000002
47,2025-11-05,working,45,379.7606666666667,183.19888888888892
47,2025-11-05,working,46,387.3978888888889,172.69555555555556
47,2025-11-05,working,47,362.0656666666667,159.31755555555554
47,2025-11-05,working,48,369.0474444444444,129.76844444444444
47,2025-11-05,working,49,391.06777777777774,180.2722222222222
47,2025-11-05,working,50,368.2846666666667,203.3718888888889
47,2025-11-05,working,51,370.2096666666667,204.5452222222222
47,2025-11-05,working,52,383.8173333333333,201.40200000000002
47,2025-11-05,working,53,402.49300000000005,184.64333333333335
47,2025-11-05,working,54,408.073,144.96022222222223
47,2025-11-05,working,55,417.6524444444445,169.31744444444445
47,2025-11-05,working,56,408.6735555555556,159.13677777777778
47,2025-11-05,working,57,430.56177777777776,154.89522222222223
47,2025-11-05,working,58,449.5733333333333,144.22333333333333
47,2025-11-05,working,59,451.34433333333334,109.03033333333333
47,2025-11-05,working,60,445.59922222222224,86.86011111111111
47,2025-11-05,working,61,434.41144444444444,89.73788888888889
47,2025-11-05,working,62,441.6242222222222,78.61933333333333
47,2025-11-05,working,63,435.59844444444445,76.02866666666667
47,2025-11-05,working,64,422.81146067415733,58.325505617977534
47,2025-11-05,working,65,412.5687777777778,30.26033333333333
47,2025-11-05,working,66,361.1484705882353,14.479764705882353
47,2025-11-05,working,67,330.95768292682925,7.091951219512195
47,2025-11-05,working,68,324.59711111111113,1.9342222222222223
47,2025-11-05,working,69,314.499,0.27044444444444443
47,2025-11-05,working,70,292.8208974358974,0.0
47,2025-11-05,working,71,285.21719101123597,0.0
47,2025-11-05,working,72,262.76367816091954,0.0
47,2025-11-05,working,73,264.41011235955057,0.0
47,2025-11-05,working,74,282.0741772151899,0.0
47,2025-11-05,working,75,273.85844444444444,0.0
47,2025-11-05,working,76,253.293595505618,0.0
47,2025-11-05,working,77,255.97077777777776,0.0
47,2025-11-05,working,78,248.81975308641978,0.0
47,2025-11-05,working,79,264.4985555555555,0.0
47,2025-11-05,working,80,257.1372222222222,0.0
47,2025-11-05,working,81,224.23123456790123,0.0
47,2025-11-05,working,82,197.75116279069766,0.0
47,2025-11-05,working,83,195.49366666666668,0.0
47,2025-11-05,working,84,189.74505747126437,0.0
47,2025-11-05,working,85,182.1712,0.0
47,2025-11-05,working,86,137.4562222222222,0.0
47,2025-11-05,working,87,99.43133333333333,0.0
47,2025-11-05,working,88,86.57977528089889,0.0
47,2025-11-05,working,89,94.44453333333334,0.0
47,2025-11-05,working,90,86.08,0.0
47,2025-11-05,working,91,88.30711111111111,0.0
47,2025-11-05,working,92,100.91247191011234,0.0
47,2025-11-05,working,93,106.87652777777777,0.0
47,2025-11-05,working,94,106.67344444444446,0.0
47,2025-11-05,working,95,106.25833333333334,0.0
48,2025-11-06,working,0,95.01425,0.0
48,2025-11-06,working,1,80.1228888888889,0.0
48,2025-11-06,working,2,82.04233333333333,0.0
48,2025-11-06,working,3,77.01722222222223,0.0
48,2025-11-06,working,4,66.83977777777778,0.0
48,2025-11-06,working,5,70.77977777777778,0.0
48,2025-11-06,working,6,64.50177777777778,0.0
48,2025-11-06,working,7,63.574,0.0
48,2025-11-06,working,8,63.77455555555556,0.0
48,2025-11-06,working,9,84.27922222222222,0.0
48,2025-11-06,working,10,76.60266666666666,0.0
48,2025-11-06,working,11,77.10433333333334,0.0
48,2025-11-06,working,12,71.27655555555556,0.0
48,2025-11-06,working,13,68.45522222222222,0.0
48,2025-11-06,working,14,66.14833333333334,0.0
48,2025-11-06,working,15,62.85744444444445,0.0
48,2025-11-06,working,16,60.68033333333333,0.0
48,2025-11-06,working,17,65.22755555555555,0.0
48,2025-11-06,working,18,64.39055555555555,0.0
48,2025-11-06,working,19,72.90455555555556,0.0
48,2025-11-06,working,20,95.14266666666667,0.0
48,2025-11-06,working,21,190.67944444444447,0.0
48,2025-11-06,working,22,219.6147777777778,0.0
48,2025-11-06,working,23,217.455,0.0
48,2025-11-06,working,24,250.79166666666666,0.7715555555555556
48,2025-11-06,working,25,250.57577777777777,3.1204444444444444
48,2025-11-06,working,26,302.53055555555557,6.978333333333333
48,2025-11-06,working,27,326.3321111111111,15.008666666666667
48,2025-11-06,working,28,340.69377777777777,19.296222222222223
48,2025-11-06,working,29,371.694,26.11466666666667
48,2025-11-06,working,30,421.29133333333334,31.896555555555555
48,2025-11-06,working,31,453.4804444444444,37.14044444444444
48,2025-11-06,working,32,458.09233333333333,48.14655555555555
48,2025-11-06,working,33,446.0423333333333,52.159666666666666
48,2025-11-06,working,34,450.1863333333333,58.71655555555555
48,2025-11-06,working,35,459.81322222222224,73.37077777777777
48,2025-11-06,working,36,466.75866666666667,83.40266666666666
48,2025-11-06,working,37,468.2678888888889,86.62244444444445
48,2025-11-06,working,38,470.1747777777778,83.8408888888889
48,2025-11-06,working,39,460.29333333333335,111.59977777777777
48,2025-11-06,working,40,462.49333333333334,100.78077777777779
48,2025-11-06,working,41,457.80755555555555,120.01644444444445
48,2025-11-06,working,42,434.9972222222222,103.04599999999999
48,2025-11-06,working,43,418.78799999999995,92.46855555555555
48,2025-11-06,working,44,406.51099999999997,96.79811111111111
48,2025-11-06,working,45,409.5426666666666,111.47566666666665
48,2025-11-06,working,46,414.0954444444444,94.90211111111111
48,2025-11-06,working,47,385.70644444444446,93.14833333333334
48,2025-11-06,working,48,405.6153333333333,141.2451111111111
48,2025-11-06,working,49,390.29811111111115,205.02522222222223
48,2025-11-06,working,50,390.30355555555553,211.75755555555557
48,2025-11-06,working,51,392.0085555555555,171.15433333333334
48,2025-11-06,working,52,396.0901111111111,134.17088888888887
48,2025-11-06,working,53,417.45644444444446,176.09144444444445
48,2025-11-06,working,54,446.8688888888889,145.20566666666667
48,2025-11-06,working,55,441.5221111111111,87.07866666666666
48,2025-11-06,working,56,412.3702222222222,66.96888888888888
48,2025-11-06,working,57,417.639,50.380333333333326
48,2025-11-06,working,58,425.18844444444443,65.53288888888889
48,2025-11-06,working,59,417.5975555555555,74.02966666666667
48,2025-11-06,working,60,422.6227777777778,51.455666666666666
48,2025-11-06,working,61,436.56044444444444,56.83644444444444
48,2025-11-06,working,62,451.2474444444444,48.452444444444446
48,2025-11-06,working,63,446.30888888888893,43.67455555555556
48,2025-11-06,working,64,438.5764444444444,33.07888888888889
48,2025-11-06,working,65,399.4332222222222,27.84788888888889
48,2025-11-06,working,66,365.8948888888889,13.556222222222221
48,2025-11-06,working,67,354.7465555555555,6.130999999999999
48,2025-11-06,working,68,324.62531645569624,1.2412658227848101
48,2025-11-06,working,69,280.993,0.1031111111111111
48,2025-11-06,working,70,280.61766666666665,0.0
48,2025-11-06,working,71,277.0524358974359,0.0
48,2025-11-06,working,72,253.93862068965518,0.0
48,2025-11-06,working,73,233.57333333333332,0.0
48,2025-11-06,working,74,252.56400000000002,0.0
48,2025-11-06,working,75,258.8301315789474,0.0
48,2025-11-06,working,76,248.8591011235955,0.0
48,2025-11-06,working,77,241.02822222222224,0.0
48,2025-11-06,working,78,221.84505617977527,0.0
48,2025-11-06,working,79,213.92173333333332,0.0
48,2025-11-06,working,80,212.24337078651686,0.0
48,2025-11-06,working,81,212.3036666666667,0.0
48,2025-11-06,working,82,208.57186666666666,0.0
48,2025-11-06,working,83,200.39855555555553,0.0
48,2025-11-06,working,84,203.27898876404495,0.0
48,2025-11-06,working,85,217.05544444444448,0.0
48,2025-11-06,working,86,212.92884615384617,0.0
48,2025-11-06,working,87,200.06444444444443,0.0
48,2025-11-06,working,88,113.33337078651685,0.0
48,2025-11-06,working,89,125.46620253164556,0.0
48,2025-11-06,working,90,114.0685393258427,0.0
48,2025-11-06,working,91,102.50068181818182,0.0
48,2025-11-06,working,92,107.25840909090908,0.0
48,2025-11-06,working,93,104.571,0.0
48,2025-11-06,working,94,90.86433333333333,0.0
48,2025-11-06,working,95,85.52799999999999,0.0
49,2025-11-07,working,0,81.1515,0.0
49,2025-11-07,working,1,80.64533333333333,0.0
49,2025-11-07,working,2,89.47411111111111,0.0
49,2025-11-07,working,3,89.15455555555556,0.0
49,2025-11-07,working,4,93.02488888888888,0.0
49,2025-11-07,working,5,101.09244444444444,0.0
49,2025-11-07,working,6,103.31166666666665,0.0
49,2025-11-07,working,7,96.16322222222223,0.0
49,2025-11-07,working,8,83.18566666666666,0.0
49,2025-11-07,working,9,83.11855555555556,0.0
49,2025-11-07,working,10,79.7851111111111,0.0
49,2025-11-07,working,11,81.55466666666666,0.0
49,2025-11-07,working,12,82.42456790123457,0.0
49,2025-11-07,working,13,79.66111111111111,0.0
49,2025-11-07,working,14,79.7851111111111,0.0
49,2025-11-07,working,15,81.61364705882353,0.0
49,2025-11-07,working,16,81.93471910112359,0.0
49,2025-11-07,working,17,82.12899999999999,0.0
49,2025-11-07,working,18,79.33229885057472,0.0
49,2025-11-07,working,19,82.40321428571428,0.0
49,2025-11-07,working,20,102.19067415730336,0.0
49,2025-11-07,working,21,240.29988888888892,0.0
49,2025-11-07,working,22,262.12277777777774,0.0
49,2025-11-07,working,23,269.46355555555556,0.016777777777777777
49,2025-11-07,working,24,321.331,1.0276666666666665
49,2025-11-07,working,25,352.8023333333333,3.322666666666667
49,2025-11-07,working,26,361.21000000000004,4.355666666666666
49,2025-11-07,working,27,372.48533333333336,8.624333333333334
49,2025-11-07,working,28,410.02433333333335,15.292888888888887
49,2025-11-07,working,29,412.1403658536586,27.615
49,2025-11-07,working,30,427.9247777777778,30.870777777777775
49,2025-11-07,working,31,473.1247777777778,34.70055555555556
49,2025-11-07,working,32,465.1887341772152,48.86139240506329
49,2025-11-07,working,33,445.8037777777777,55.367444444444445
49,2025-11-07,working,34,439.0267777777778,46.782444444444444
49,2025-11-07,working,35,463.538488372093,33.55127906976744
49,2025-11-07,working,36,466.3033333333334,35.32821428571429
49,2025-11-07,working,37,465.94455555555555,33.84788888888889
49,2025-11-07,working,38,471.4392222222222,39.423
49,2025-11-07,working,39,496.0737804878049,69.97695121951219
49,2025-11-07,working,40,493.2128888888889,68.76333333333334
49,2025-11-07,working,41,475.0828888888889,67.97166666666666
49,2025-11-07,working,42,442.6572289156627,66.77746987951807
49,2025-11-07,working,43,457.3394444444445,86.53111111111112
49,2025-11-07,working,44,428.251797752809,84.8005617977528
49,2025-11-07,working,45,429.1306024096386,89.89421686746988
49,2025-11-07,working,46,434.09188888888883,91.895
49,2025-11-07,working,47,402.8038888888889,79.56455555555556
49,2025-11-07,working,48,402.16285714285715,82.60357142857143
49,2025-11-07,working,49,400.71477272727276,77.24159090909092
49,2025-11-07,working,50,391.6595555555556,56.77488888888889
49,2025-11-07,working,51,374.8602222222222,43.132333333333335
49,2025-11-07,working,52,390.24987500000003,58.35475
49,2025-11-07,working,53,392.07855555555557,73.86844444444445
49,2025-11-07,working,54,387.60966666666667,72.052
49,2025-11-07,working,55,401.73975308641974,75.20666666666666
49,2025-11-07,working,56,443.9168888888889,102.77933333333333
49,2025-11-07,working,57,440.58399999999995,88.03711111111112
49,2025-11-07,working,58,430.5801162790698,36.70313953488372
49,2025-11-07,working,59,442.4919047619048,110.2202380952381
49,2025-11-07,working,60,453.0176404494382,58.3829213483146
49,2025-11-07,working,61,458.1536666666667,53.465
49,2025-11-07,working,62,453.87853658536585,25.9290243902439
49,2025-11-07,working,63,440.9647777777778,14.298555555555554
49,2025-11-07,working,64,426.98550561797754,11.437191011235955
49,2025-11-07,working,65,389.80258426966293,5.5806741573033705
49,2025-11-07,working,66,379.37373493975906,5.194578313253012
49,2025-11-07,working,67,360.5541111111111,3.576777777777778
49,2025-11-07,working,68,357.9186666666667,0.22388888888888892
49,2025-11-07,working,69,359.06188888888886,0.00011111111111111112
49,2025-11-07,working,70,343.412,0.0
49,2025-11-07,working,71,340.40666666666664,0.0
49,2025-11-07,working,72,329.2667415730337,0.0
49,2025-11-07,working,73,325.9175555555555,0.0
49,2025-11-07,working,74,331.23966666666666,0.0
49,2025-11-07,working,75,329.0905555555555,0.0
49,2025-11-07,working,76,326.4456666666667,0.0
49,2025-11-07,working,77,322.159,0.0
49,2025-11-07,working,78,323.44,0.0
49,2025-11-07,working,79,321.70388888888886,0.0
49,2025-11-07,working,80,321.43055555555554,0.0
49,2025-11-07,working,81,324.793,0.0
49,2025-11-07,working,82,318.895,0.0
49,2025-11-07,working,83,319.18344444444443,0.0
49,2025-11-07,working,84,308.4292222222222,0.0
49,2025-11-07,working,85,305.8498888888889,0.0
49,2025-11-07,working,86,288.19377777777777,0.0
49,2025-11-07,working,87,171.3351111111111,0.0
49,2025-11-07,working,88,155.5648888888889,0.0
49,2025-11-07,working,89,127.62166666666667,0.0
49,2025-11-07,working,90,144.84266666666667,0.0
49,2025-11-07,working,91,142.73255555555556,0.0
49,2025-11-07,working,92,140.2201111111111,0.0
49,2025-11-07,working,93,137.51844444444444,0.0
49,2025-11-07,working,94,95.54333333333332,0.0
49,2025-11-07,working,95,81.68733333333333,0.0
50,2025-11-08,working,0,84.041625,0.0
50,2025-11-08,working,1,82.253,0.0
50,2025-11-08,working,2,71.15977777777778,0.0
50,2025-11-08,working,3,74.131,0.0
50,2025-11-08,working,4,71.92122222222223,0.0
50,2025-11-08,working,5,63.43022222222223,0.0
50,2025-11-08,working,6,61.01288888888889,0.0
50,2025-11-08,working,7,60.32366666666667,0.0
50,2025-11-08,working,8,67.208,0.0
50,2025-11-08,working,9,61.08844444444445,0.0
50,2025-11-08,working,10,58.36566666666666,0.0
50,2025-11-08,working,11,60.26644444444444,0.0
50,2025-11-08,working,12,62.21711111111111,0.0
50,2025-11-08,working,13,60.37222222222222,0.0
50,2025-11-08,working,14,58.73488888888889,0.0
50,2025-11-08,working,15,56.74455555555556,0.0
50,2025-11-08,working,16,56.853888888888896,0.0
50,2025-11-08,working,17,57.82155555555555,0.0
50,2025-11-08,working,18,57.17766666666667,0.0
50,2025-11-08,working,19,59.38477777777778,0.0
50,2025-11-08,working,20,57.13633333333334,0.0
50,2025-11-08,working,21,175.24844444444446,0.0
50,2025-11-08,working,22,252.8031111111111,0.0
50,2025-11-08,working,23,272.77066666666667,0.08422222222222223
50,2025-11-08,working,24,325.32644444444446,2.4123333333333337
50,2025-11-08,working,25,339.48355555555554,10.066
50,2025-11-08,working,26,359.7521111111111,34.074333333333335
50,2025-11-08,working,27,367.1788888888889,55.86055555555556
50,2025-11-08,working,28,376.96144444444445,52.160666666666664
50,2025-11-08,working,29,425.67900000000003,55.95455555555555
50,2025-11-08,working,30,468.31,78.71866666666666
50,2025-11-08,working,31,498.58955555555553,56.727555555555554
50,2025-11-08,working,32,507.1997777777778,84.18166666666667
50,2025-11-08,working,33,499.28066666666666,101.84155555555556
50,2025-11-08,working,34,540.4421111111111,63.41544444444445
50,2025-11-08,working,35,540.4293333333334,105.22277777777776
50,2025-11-08,working,36,548.7696666666666,179.01922222222223
50,2025-11-08,working,37,554.596,230.36399999999998
50,2025-11-08,working,38,553.6492222222222,264.22755555555557
50,2025-11-08,working,39,542.8138888888889,177.92333333333335
50,2025-11-08,working,40,554.6633333333333,261.121
50,2025-11-08,working,41,539.7805555555556,140.48144444444443
50,2025-11-08,working,42,524.9438888888889,242.311
50,2025-11-08,working,43,522.8415555555555,315.4824444444444
50,2025-11-08,working,44,488.1094444444444,335.8922222222222
50,2025-11-08,working,45,508.4053333333334,362.1357777777778
50,2025-11-08,working,46,505.5417777777778,232.65466666666666
50,2025-11-08,working,47,500.14877777777775,201.72277777777776
50,2025-11-08,working,48,490.0301111111111,223.20600000000002
50,2025-11-08,working,49,498.76711111111115,191.14222222222222
50,2025-11-08,working,50,487.6136666666667,300.9216666666667
50,2025-11-08,working,51,478.1397777777778,246.19144444444444
50,2025-11-08,working,52,469.17,101.40722222222222
50,2025-11-08,working,53,487.08799999999997,352.66577777777775
50,2025-11-08,working,54,506.3014444444444,386.1016666666667
50,2025-11-08,working,55,518.1237777777777,308.94599999999997
50,2025-11-08,working,56,522.2465555555556,196.60722222222225
50,2025-11-08,working,57,504.72166666666664,110.54844444444446
50,2025-11-08,working,58,501.2525555555555,94.3918888888889
50,2025-11-08,working,59,470.1264444444444,175.5151111111111
50,2025-11-08,working,60,454.70033333333333,107.759
50,2025-11-08,working,61,444.88422222222226,114.05211111111112
50,2025-11-08,working,62,454.4332222222222,96.742
50,2025-11-08,working,63,448.5514444444444,77.448
50,2025-11-08,working,64,437.5538888888889,52.85744444444445
50,2025-11-08,working,65,411.98644444444443,40.23211111111111
50,2025-11-08,working,66,386.98988888888886,16.153555555555556
50,2025-11-08,working,67,338.20744444444443,7.511
50,2025-11-08,working,68,318.0141111111111,4.1608888888888895
50,2025-11-08,working,69,326.2966666666667,1.1926666666666668
50,2025-11-08,working,70,324.1167777777778,0.0
50,2025-11-08,working,71,267.24666666666667,0.0
50,2025-11-08,working,72,277.5784444444445,0.0
50,2025-11-08,working,73,265.7331111111111,0.0
50,2025-11-08,working,74,266.568,0.0
50,2025-11-08,working,75,274.4138888888889,0.0
50,2025-11-08,working,76,267.20733333333334,0.0
50,2025-11-08,working,77,262.35066666666665,0.0
50,2025-11-08,working,78,254.92,0.0
50,2025-11-08,working,79,248.39,0.0
50,2025-11-08,working,80,242.01188888888888,0.0
50,2025-11-08,working,81,232.69766666666666,0.0
50,2025-11-08,working,82,227.60658823529414,0.0
50,2025-11-08,working,83,216.7526666666667,0.0
50,2025-11-08,working,84,185.06777777777776,0.0
50,2025-11-08,working,85,93.58303370786516,0.0
50,2025-11-08,working,86,66.92540229885057,0.0
50,2025-11-08,working,87,67.98766666666667,0.0
50,2025-11-08,working,88,74.3741573033708,0.0
50,2025-11-08,working,89,83.13116279069767,0.0
50,2025-11-08,working,90,89.33483146067415,0.0
50,2025-11-08,working,91,97.06411111111112,0.0
50,2025-11-08,working,92,98.7181111111111,0.0
50,2025-11-08,working,93,104.06758620689654,0.0
50,2025-11-08,working,94,104.73611111111111,0.0
50,2025-11-08,working,95,103.059,0.0
51,2025-11-09,weekend,0,91.054,0.0
51,2025-11-09,weekend,1,95.83744444444446,0.0
51,2025-11-09,weekend,2,106.3837777777778,0.0
51,2025-11-09,weekend,3,106.63566666666665,0.0
51,2025-11-09,weekend,4,100.66411111111111,0.0
51,2025-11-09,weekend,5,98.09055555555555,0.0
51,2025-11-09,weekend,6,99.3581111111111,0.0
51,2025-11-09,weekend,7,78.31388888888888,0.0
51,2025-11-09,weekend,8,78.61500000000001,0.0
51,2025-11-09,weekend,9,77.07566666666668,0.0
51,2025-11-09,weekend,10,75.49888888888889,0.0
51,2025-11-09,weekend,11,75.47633333333333,0.0
51,2025-11-09,weekend,12,76.87966666666667,0.0
51,2025-11-09,weekend,13,68.14955555555555,0.0
51,2025-11-09,weekend,14,65.56833333333333,0.0
51,2025-11-09,weekend,15,65.73144444444445,0.0
51,2025-11-09,weekend,16,65.10155555555556,0.0
51,2025-11-09,weekend,17,65.81833333333333,0.0
51,2025-11-09,weekend,18,65.60677777777778,0.0
51,2025-11-09,weekend,19,65.06133333333332,0.0
51,2025-11-09,weekend,20,66.31522222222222,0.0
51,2025-11-09,weekend,21,65.61311111111111,0.0
51,2025-11-09,weekend,22,126.72633333333334,0.0
51,2025-11-09,weekend,23,325.25688888888885,0.030333333333333334
51,2025-11-09,weekend,24,356.56399999999996,4.044111111111111
51,2025-11-09,weekend,25,406.11955555555556,7.204555555555555
51,2025-11-09,weekend,26,456.7022222222222,12.542
51,2025-11-09,weekend,27,454.1532222222222,14.345444444444443
51,2025-11-09,weekend,28,464.8927777777778,40.43277777777777
51,2025-11-09,weekend,29,455.32166666666666,44.80811111111111
51,2025-11-09,weekend,30,473.37233333333336,51.79877777777778
51,2025-11-09,weekend,31,482.83166666666665,51.38422222222222
51,2025-11-09,weekend,32,501.02322222222216,75.50711111111112
51,2025-11-09,weekend,33,480.45433333333335,70.82844444444444
51,2025-11-09,weekend,34,467.7604444444445,91.93611111111112
51,2025-11-09,weekend,35,459.0424444444444,142.26822222222222
51,2025-11-09,weekend,36,466.92122222222224,122.31866666666667
51,2025-11-09,weekend,37,474.85977777777777,150.61177777777777
51,2025-11-09,weekend,38,489.3361111111111,223.41733333333335
51,2025-11-09,weekend,39,494.1763333333334,256.7301111111111
51,2025-11-09,weekend,40,499.67855555555553,266.06777777777774
51,2025-11-09,weekend,41,489.54044444444446,235.66455555555558
51,2025-11-09,weekend,42,453.10177777777784,258.9627777777778
51,2025-11-09,weekend,43,437.84722222222223,222.2271111111111
51,2025-11-09,weekend,44,438.0278888888889,179.08077777777777
51,2025-11-09,weekend,45,428.86244444444446,264.89877777777775
51,2025-11-09,weekend,46,449.2943333333333,360.7528888888889
51,2025-11-09,weekend,47,433.5591111111111,247.22255555555554
51,2025-11-09,weekend,48,455.1832222222222,282.87666666666667
51,2025-11-09,weekend,49,444.266,227.98433333333332
51,2025-11-09,weekend,50,457.82733333333334,278.95733333333334
51,2025-11-09,weekend,51,467.53144444444445,190.60188888888888
51,2025-11-09,weekend,52,461.5274444444445,170.72444444444446
51,2025-11-09,weekend,53,473.69100000000003,169.24877777777778
51,2025-11-09,weekend,54,470.30066666666664,140.34155555555554
51,2025-11-09,weekend,55,458.84722222222223,344.5543333333333
51,2025-11-09,weekend,56,455.60555555555555,272.47266666666667
51,2025-11-09,weekend,57,463.98844444444444,261.81944444444446
51,2025-11-09,weekend,58,457.5741111111111,204.82155555555553
51,2025-11-09,weekend,59,458.3465555555556,96.72677777777777
51,2025-11-09,weekend,60,449.52555555555557,79.87822222222222
51,2025-11-09,weekend,61,446.3963333333333,77.83355555555555
51,2025-11-09,weekend,62,458.4675555555556,53.70433333333334
51,2025-11-09,weekend,63,462.0177777777778,20.027444444444445
51,2025-11-09,weekend,64,468.63477777777774,25.742222222222225
51,2025-11-09,weekend,65,432.04022222222227,18.763
51,2025-11-09,weekend,66,419.8767777777778,9.579222222222223
51,2025-11-09,weekend,67,359.8042222222222,4.373888888888889
51,2025-11-09,weekend,68,392.8686516853932,1.7546067415730338
51,2025-11-09,weekend,69,360.94166666666666,0.048666666666666664
51,2025-11-09,weekend,70,366.44397435897434,0.0
51,2025-11-09,weekend,71,361.348,0.0
51,2025-11-09,weekend,72,346.16426966292136,0.0
51,2025-11-09,weekend,73,338.4533333333333,0.0
51,2025-11-09,weekend,74,353.48,0.0
51,2025-11-09,weekend,75,359.60505617977526,0.0
51,2025-11-09,weekend,76,357.4514606741573,0.0
51,2025-11-09,weekend,77,354.50184210526317,0.0
51,2025-11-09,weekend,78,349.5603370786517,0.0
51,2025-11-09,weekend,79,349.32877777777776,0.0
51,2025-11-09,weekend,80,343.1669662921348,0.0
51,2025-11-09,weekend,81,358.03077777777776,0.0
51,2025-11-09,weekend,82,350.84844444444445,0.0
51,2025-11-09,weekend,83,353.1483333333333,0.0
51,2025-11-09,weekend,84,364.2934444444445,0.0
51,2025-11-09,weekend,85,362.84144444444445,0.0
51,2025-11-09,weekend,86,355.295,0.0
51,2025-11-09,weekend,87,329.57655555555556,0.0
51,2025-11-09,weekend,88,247.72355555555555,0.0
51,2025-11-09,weekend,89,207.57777777777778,0.0
51,2025-11-09,weekend,90,184.30011111111114,0.0
51,2025-11-09,weekend,91,173.23166666666668,0.0
51,2025-11-09,weekend,92,169.46855555555555,0.0
51,2025-11-09,weekend,93,96.79166666666667,0.0
51,2025-11-09,weekend,94,97.82033333333334,0.0
51,2025-11-09,weekend,95,101.3441111111111,0.0
52,2025-11-10,working,0,100.60000000000001,0.0
52,2025-11-10,working,1,110.42722222222223,0.0
52,2025-11-10,working,2,116.87255555555556,0.0
52,2025-11-10,working,3,115.625,0.0
52,2025-11-10,working,4,99.24244444444444,0.0
52,2025-11-10,working,5,98.62633333333335,0.0
52,2025-11-10,working,6,100.35300000000001,0.0
52,2025-11-10,working,7,105.08411111111111,0.0
52,2025-11-10,working,8,85.52488888888888,0.0
52,2025-11-10,working,9,86.14855555555556,0.0
52,2025-11-10,working,10,85.55055555555556,0.0
52,2025-11-10,working,11,87.97388888888888,0.0
52,2025-11-10,working,12,85.50233333333334,0.0
52,2025-11-10,working,13,81.45044444444444,0.0
52,2025-11-10,working,14,81.9598888888889,0.0
52,2025-11-10,working,15,79.07766666666666,0.0
52,2025-11-10,working,16,82.06311111111111,0.0
52,2025-11-10,working,17,80.59066666666666,0.0
52,2025-11-10,working,18,79.56422222222221,0.0
52,2025-11-10,working,19,76.38233333333334,0.0
52,2025-11-10,working,20,81.49455555555556,0.0
52,2025-11-10,working,21,177.75644444444444,0.0
52,2025-11-10,working,22,250.86066666666665,0.0
52,2025-11-10,working,23,242.47833333333332,0.0031111111111111114
52,2025-11-10,working,24,277.0885714285714,2.502023809523809
52,2025-11-10,working,25,308.8878571428572,11.019428571428572
52,2025-11-10,working,26,326.0452325581395,21.514302325581397
52,2025-11-10,working,27,373.92921348314604,28.92674157303371
52,2025-11-10,working,28,383.0720547945205,49.1972602739726
52,2025-11-10,working,29,423.49399999999997,61.3564705882353
52,2025-11-10,working,30,468.813488372093,62.89313953488372
52,2025-11-10,working,31,502.74376470588237,89.952
52,2025-11-10,working,32,494.13666666666666,126.91120000000001
52,2025-11-10,working,33,506.84767441860464,105.95511627906976
52,2025-11-10,working,34,507.7805813953488,106.6496511627907
52,2025-11-10,working,35,524.7153521126761,99.77042253521127
52,2025-11-10,working,36,516.9962921348315,97.76876404494382
52,2025-11-10,working,37,515.7541111111111,134.44655555555556
52,2025-11-10,working,38,524.7998888888889,185.00255555555555
52,2025-11-10,working,39,570.4042222222222,190.429
52,2025-11-10,working,40,558.4864444444445,194.8647777777778
52,2025-11-10,working,41,475.798,239.21633333333335
52,2025-11-10,working,42,452.1727777777778,362.317
52,2025-11-10,working,43,472.6138888888889,398.891
52,2025-11-10,working,44,523.5887777777778,289.028
52,2025-11-10,working,45,499.4241111111111,281.2924444444444
52,2025-11-10,working,46,509.70388888888886,167.37766666666667
52,2025-11-10,working,47,512.1838888888889,102.01044444444445
52,2025-11-10,working,48,484.53730769230765,90.40358974358975
52,2025-11-10,working,49,483.9772413793103,124.12471264367817
52,2025-11-10,working,50,486.4251764705882,176.778
52,2025-11-10,working,51,484.25573333333335,220.08293333333336
52,2025-11-10,working,52,513.1697647058824,210.41729411764706
52,2025-11-10,working,53,498.92639534883716,170.4325581395349
52,2025-11-10,working,54,493.4287142857143,118.917
52,2025-11-10,working,55,505.2312643678161,117.03183908045978
52,2025-11-10,working,56,501.9308045977012,169.3319540229885
52,2025-11-10,working,57,521.474,277.5994666666667
52,2025-11-10,working,58,530.5227586206897,264.7948275862069
52,2025-11-10,working,59,535.1218181818182,192.03670454545454
52,2025-11-10,working,60,533.7423287671234,138.0905479452055
52,2025-11-10,working,61,550.4867045454546,87.21409090909091
52,2025-11-10,working,62,543.828275862069,66.21816091954022
52,2025-11-10,working,63,546.8380821917808,53.94328767123288
52,2025-11-10,working,64,529.5189411764705,65.74494117647059
52,2025-11-10,working,65,520.2856470588235,48.25517647058823
52,2025-11-10,working,66,461.8527777777778,24.322083333333335
52,2025-11-10,working,67,455.69607142857143,10.209047619047618
52,2025-11-10,working,68,440.54141176470586,3.6221176470588237
52,2025-11-10,working,69,452.4958227848101,0.6722784810126582
52,2025-11-10,working,70,426.0981481481481,0.0
52,2025-11-10,working,71,385.91818181818184,0.0
52,2025-11-10,working,72,365.8261038961039,0.0
52,2025-11-10,working,73,351.87624999999997,0.0
52,2025-11-10,working,74,352.3034482758621,0.0
52,2025-11-10,working,75,340.69729411764706,0.0
52,2025-11-10,working,76,325.24810126582275,0.0
52,2025-11-10,working,77,311.82942528735634,0.0
52,2025-11-10,working,78,318.93333333333334,0.0
52,2025-11-10,working,79,307.10319444444445,0.0
52,2025-11-10,working,80,280.90732558139536,0.0
52,2025-11-10,working,81,304.6656976744186,0.0
52,2025-11-10,working,82,287.72917808219177,0.0
52,2025-11-10,working,83,294.719540229885,0.0
52,2025-11-10,working,84,286.69116279069766,0.0
52,2025-11-10,working,85,300.9620253164557,0.0
52,2025-11-10,working,86,315.1072839506173,0.0
52,2025-11-10,working,87,301.20348837209303,0.0
52,2025-11-10,working,88,306.539125,0.0
52,2025-11-10,working,89,272.36397435897436,0.0
52,2025-11-10,working,90,275.6776136363637,0.0
52,2025-11-10,working,91,257.2361627906977,0.0
52,2025-11-10,working,92,178.46893333333333,0.0
52,2025-11-10,working,93,156.97839080459772,0.0
52,2025-11-10,working,94,161.43528735632185,0.0
52,2025-11-10,working,95,155.19918918918918,0.0
53,2025-11-11,working,0,156.283375,0.0
53,2025-11-11,working,1,149.63166666666666,0.0
53,2025-11-11,working,2,147.59655555555557,0.0
53,2025-11-11,working,3,150.3407777777778,0.0
53,2025-11-11,working,4,156.6868888888889,0.0
53,2025-11-11,working,5,150.77322222222222,0.0
53,2025-11-11,working,6,146.65455555555556,0.0
53,2025-11-11,working,7,149.54744444444444,0.0
53,2025-11-11,working,8,152.08577777777776,0.0
53,2025-11-11,working,9,149.57233333333335,0.0
53,2025-11-11,working,10,144.5868888888889,0.0
53,2025-11-11,working,11,143.67844444444444,0.0
53,2025-11-11,working,12,148.11700000000002,0.0
53,2025-11-11,working,13,131.20111111111112,0.0
53,2025-11-11,working,14,132.02355555555556,0.0
53,2025-11-11,working,15,131.3432222222222,0.0
53,2025-11-11,working,16,129.63266666666667,0.0
53,2025-11-11,working,17,131.60922222222223,0.0
53,2025-11-11,working,18,131.76677777777778,0.0
53,2025-11-11,working,19,132.05533333333332,0.0
53,2025-11-11,working,20,130.2697777777778,0.0
53,2025-11-11,working,21,260.5508888888889,0.0
53,2025-11-11,working,22,266.35622222222224,0.0
53,2025-11-11,working,23,274.27655555555555,0.0
53,2025-11-11,working,24,291.25166666666667,0.16988888888888887
53,2025-11-11,working,25,348.50944444444445,1.9703333333333335
53,2025-11-11,working,26,352.66833333333335,5.154444444444445
53,2025-11-11,working,27,336.8855555555556,10.603444444444445
53,2025-11-11,working,28,348.08566666666667,20.008666666666667
53,2025-11-11,working,29,387.7917777777778,28.108444444444448
53,2025-11-11,working,30,408.6972222222222,44.48244444444445
53,2025-11-11,working,31,444.47911111111114,45.401777777777774
53,2025-11-11,working,32,455.28655555555554,44.95755555555555
53,2025-11-11,working,33,456.42188888888893,37.77522222222222
53,2025-11-11,working,34,448.31922222222227,46.86177777777778
53,2025-11-11,working,35,452.0537777777777,58.47311111111111
53,2025-11-11,working,36,430.39011111111114,78.26877777777777
53,2025-11-11,working,37,472.5568888888889,83.84844444444444
53,2025-11-11,working,38,462.3076666666667,134.62455555555556
53,2025-11-11,working,39,476.90133333333335,102.50055555555555
53,2025-11-11,working,40,487.1757777777778,84.80655555555556
53,2025-11-11,working,41,464.43055555555554,94.54177777777778
53,2025-11-11,working,42,447.4917777777778,100.45822222222222
53,2025-11-11,working,43,439.2488888888889,142.36055555555555
53,2025-11-11,working,44,408.52911111111115,110.01477777777778
53,2025-11-11,working,45,455.36266666666666,110.37455555555555
53,2025-11-11,working,46,446.46200000000005,111.24711111111111
53,2025-11-11,working,47,414.1166666666667,119.47566666666665
53,2025-11-11,working,48,438.50544444444444,97.9601111111111
53,2025-11-11,working,49,440.167,124.91944444444445
53,2025-11-11,working,50,447.5685555555555,156.41833333333332
53,2025-11-11,working,51,425.3713333333333,166.75366666666667
53,2025-11-11,working,52,416.96577777777776,172.75566666666666
53,2025-11-11,working,53,482.27677777777774,200.79244444444444
53,2025-11-11,working,54,481.7158888888889,184.09411111111112
53,2025-11-11,working,55,480.331,190.78133333333332
53,2025-11-11,working,56,479.10866666666664,166.076
53,2025-11-11,working,57,514.9786666666666,146.808
53,2025-11-11,working,58,531.6326666666666,167.49477777777778
53,2025-11-11,working,59,523.7796666666667,144.71
53,2025-11-11,working,60,527.4412222222222,115.57411111111111
53,2025-11-11,working,61,489.28622222222225,134.65622222222223
53,2025-11-11,working,62,526.9164444444444,96.96044444444445
53,2025-11-11,working,63,499.9804444444444,75.66211111111112
53,2025-11-11,working,64,478.26888888888885,43.58222222222222
53,2025-11-11,working,65,453.8102222222222,29.65077777777778
53,2025-11-11,working,66,417.0558888888889,35.013444444444445
53,2025-11-11,working,67,390.013,15.686666666666666
53,2025-11-11,working,68,392.1326666666667,3.1195555555555554
53,2025-11-11,working,69,397.15211111111114,0.08966666666666667
53,2025-11-11,working,70,385.04866666666663,0.0
53,2025-11-11,working,71,399.2294444444445,0.0
53,2025-11-11,working,72,369.97088888888885,0.0
53,2025-11-11,working,73,358.68188888888886,0.0
53,2025-11-11,working,74,332.9161111111111,0.0
53,2025-11-11,working,75,322.0345555555556,0.0
53,2025-11-11,working,76,297.34566666666666,0.0
53,2025-11-11,working,77,235.38700000000003,0.0
53,2025-11-11,working,78,188.98077777777777,0.0
53,2025-11-11,working,79,199.4201111111111,0.0
53,2025-11-11,working,80,195.60399999999998,0.0
53,2025-11-11,working,81,183.8834939759036,0.0
53,2025-11-11,working,82,196.75261363636363,0.0
53,2025-11-11,working,83,171.73954022988505,0.0
53,2025-11-11,working,84,191.63808219178082,0.0
53,2025-11-11,working,85,186.10149425287355,0.0
53,2025-11-11,working,86,170.03390804597703,0.0
53,2025-11-11,working,87,161.97086419753086,0.0
53,2025-11-11,working,88,94.6276,0.0
53,2025-11-11,working,89,81.6948275862069,0.0
53,2025-11-11,working,90,86.62720930232558,0.0
53,2025-11-11,working,91,85.74402777777777,0.0
53,2025-11-11,working,92,87.34220930232559,0.0
53,2025-11-11,working,93,85.51523255813954,0.0
53,2025-11-11,working,94,77.95012345679012,0.0
53,2025-11-11,working,95,87.01116883116883,0.0
54,2025-11-12,working,0,85.405,0.0
54,2025-11-12,working,1,82.10633333333332,0.0
54,2025-11-12,working,2,85.11833333333333,0.0
54,2025-11-12,working,3,86.55344444444445,0.0
54,2025-11-12,working,4,83.22,0.0
54,2025-11-12,working,5,81.97222222222223,0.0
54,2025-11-12,working,6,85.054,0.0
54,2025-11-12,working,7,84.49711111111111,0.0
54,2025-11-12,working,8,92.30699999999999,0.0
54,2025-11-12,working,9,90.07677777777778,0.0
54,2025-11-12,working,10,84.71444444444445,0.0
54,2025-11-12,working,11,84.20311111111111,0.0
54,2025-11-12,working,12,83.87977777777778,0.0
54,2025-11-12,working,13,83.39311111111111,0.0
54,2025-11-12,working,14,83.81400000000001,0.0
54,2025-11-12,working,15,79.92844444444445,0.0
54,2025-11-12,working,16,82.79855555555555,0.0
54,2025-11-12,working,17,85.67877777777778,0.0
54,2025-11-12,working,18,70.49600000000001,0.0
54,2025-11-12,working,19,68.88911111111112,0.0
54,2025-11-12,working,20,66.79044444444445,0.0
54,2025-11-12,working,21,165.0721111111111,0.0
54,2025-11-12,working,22,272.5515555555555,0.0
54,2025-11-12,working,23,259.0628888888889,0.0
54,2025-11-12,working,24,284.389,0.327
54,2025-11-12,working,25,312.5617777777778,2.849222222222222
54,2025-11-12,working,26,346.80444444444447,9.328
54,2025-11-12,working,27,362.75722222222225,18.596
54,2025-11-12,working,28,385.77988888888893,31.718777777777778
54,2025-11-12,working,29,437.45388888888886,45.48544444444445
54,2025-11-12,working,30,437.39422222222225,64.31911111111111
54,2025-11-12,working,31,447.68311111111115,75.50855555555556
54,2025-11-12,working,32,446.60977777777777,89.521
54,2025-11-12,working,33,469.2332222222222,94.109
54,2025-11-12,working,34,446.0957777777778,153.42655555555555
54,2025-11-12,working,35,434.64622222222226,185.77144444444446
54,2025-11-12,working,36,449.43933333333337,202.57377777777776
54,2025-11-12,working,37,468.7411111111111,255.4671111111111
54,2025-11-12,working,38,513.9417777777778,224.43222222222224
54,2025-11-12,working,39,536.8768888888889,255.4152222222222
54,2025-11-12,working,40,527.7546666666666,258.12544444444444
54,2025-11-12,working,41,509.7542222222222,375.9616666666667
54,2025-11-12,working,42,508.02855555555556,259.30344444444444
54,2025-11-12,working,43,485.45666666666665,216.6051111111111
54,2025-11-12,working,44,481.83916666666664,288.73499999999996
54,2025-11-12,working,45,440.77386111111105,0.04028169014084507
54,2025-11-12,working,46,399.7085555555555,0.04033333333333333
54,2025-11-12,working,47,381.2391111111111,0.043666666666666666
54,2025-11-12,working,48,389.0178888888889,0.03911111111111111
54,2025-11-12,working,49,384.0011111111111,0.03788888888888889
54,2025-11-12,working,50,371.27277777777783,0.042666666666666665
54,2025-11-12,working,51,376.6625555555555,0.03955555555555556
54,2025-11-12,working,52,400.6364444444444,0.03955555555555556
54,2025-11-12,working,53,404.0303333333334,0.04655555555555556
54,2025-11-12,working,54,410.1201666666667,198.20025
54,2025-11-12,working,55,416.21000000000004,349.03566666666666
54,2025-11-12,working,56,435.0325555555556,385.911
54,2025-11-12,working,57,435.1994444444444,370.6518888888889
54,2025-11-12,working,58,433.217,317.20188888888885
54,2025-11-12,working,59,462.48488888888886,296.193
54,2025-11-12,working,60,478.82788888888894,256.05722222222226
54,2025-11-12,working,61,463.8343333333333,214.54077777777775
54,2025-11-12,working,62,472.33477777777773,137.53555555555556
54,2025-11-12,working,63,475.1244444444444,131.86022222222223
54,2025-11-12,working,64,449.215,111.56800000000001
54,2025-11-12,working,65,442.42999999999995,73.00200000000001
54,2025-11-12,working,66,394.81177777777776,41.524
54,2025-11-12,working,67,367.14311111111107,16.17011111111111
54,2025-11-12,working,68,349.7188888888889,5.531888888888889
54,2025-11-12,working,69,334.1844444444444,0.4892222222222222
54,2025-11-12,working,70,309.7901111111111,0.0
54,2025-11-12,working,71,309.81544444444444,0.0
54,2025-11-12,working,72,296.92255555555556,0.0
54,2025-11-12,working,73,290.1934444444444,0.0
54,2025-11-12,working,74,286.77377777777775,0.0
54,2025-11-12,working,75,294.23344444444444,0.0
54,2025-11-12,working,76,294.1938888888889,0.0
54,2025-11-12,working,77,285.71933333333334,0.0
54,2025-11-12,working,78,285.2945555555555,0.0
54,2025-11-12,working,79,282.373,0.0
54,2025-11-12,working,80,277.81822222222223,0.0
54,2025-11-12,working,81,268.92355555555554,0.0
54,2025-11-12,working,82,270.93266666666665,0.0
54,2025-11-12,working,83,269.3665555555556,0.0
54,2025-11-12,working,84,248.0811111111111,0.0
54,2025-11-12,working,85,258.54966666666667,0.0
54,2025-11-12,working,86,215.71766666666667,0.0
54,2025-11-12,working,87,146.1271111111111,0.0
54,2025-11-12,working,88,129.50122222222222,0.0
54,2025-11-12,working,89,116.11722222222221,0.0
54,2025-11-12,working,90,120.77055555555556,0.0
54,2025-11-12,working,91,113.67366666666666,0.0
54,2025-11-12,working,92,85.41844444444445,0.0
54,2025-11-12,working,93,92.91833333333332,0.0
54,2025-11-12,working,94,97.55655555555556,0.0
54,2025-11-12,working,95,101.55322222222223,0.0
55,2025-11-13,working,0,96.23333333333333,0.0
55,2025-11-13,working,1,93.85855555555555,0.0
55,2025-11-13,working,2,100.31377777777777,0.0
55,2025-11-13,working,3,105.44533333333334,0.0
55,2025-11-13,working,4,102.45755555555556,0.0
55,2025-11-13,working,5,107.26055555555557,0.0
55,2025-11-13,working,6,108.56155555555557,0.0
55,2025-11-13,working,7,107.24977777777778,0.0
55,2025-11-13,working,8,97.37533333333334,0.0
55,2025-11-13,working,9,99.9938888888889,0.0
55,2025-11-13,working,10,104.66855555555556,0.0
55,2025-11-13,working,11,103.87144444444445,0.0
55,2025-11-13,working,12,93.39344444444444,0.0
55,2025-11-13,working,13,87.76988888888889,0.0
55,2025-11-13,working,14,79.09855555555555,0.0
55,2025-11-13,working,15,75.38177777777777,0.0
55,2025-11-13,working,16,73.787,0.0
55,2025-11-13,working,17,74.16311111111112,0.0
55,2025-11-13,working,18,69.42966666666666,0.0
55,2025-11-13,working,19,89.43888888888888,0.0
55,2025-11-13,working,20,91.22011111111111,0.0
55,2025-11-13,working,21,234.04366666666667,0.0
55,2025-11-13,working,22,251.55166666666668,0.0
55,2025-11-13,working,23,247.09799999999998,0.17844444444444443
55,2025-11-13,working,24,298.04344444444445,3.5402222222222224
55,2025-11-13,working,25,315.09344444444446,12.421777777777779
55,2025-11-13,working,26,323.87033333333335,22.856333333333335
55,2025-11-13,working,27,349.6821111111111,48.61344444444445
55,2025-11-13,working,28,346.54555555555555,68.51055555555556
55,2025-11-13,working,29,366.57255555555554,113.68355555555556
55,2025-11-13,working,30,427.4216666666666,115.71844444444444
55,2025-11-13,working,31,456.8238888888889,165.3732222222222
55,2025-11-13,working,32,456.81688888888885,236.3001111111111
55,2025-11-13,working,33,460.4928888888889,300.0827777777778
55,2025-11-13,working,34,452.5892222222222,326.4172222222222
55,2025-11-13,working,35,479.5,362.2
55,2025-11-13,working,36,451.0551111111111,376.126
55,2025-11-13,working,37,483.52655555555555,389.9141111111111
55,2025-11-13,working,38,463.50666666666666,422.4667777777778
55,2025-11-13,working,39,476.2536666666667,441.8284444444444
55,2025-11-13,working,40,496.12655555555557,460.5488888888889
55,2025-11-13,working,41,501.55455555555557,465.25755555555554
55,2025-11-13,working,42,482.8191111111111,455.31066666666663
55,2025-11-13,working,43,488.3826666666667,457.77799999999996
55,2025-11-13,working,44,452.9397777777778,415.7943333333333
55,2025-11-13,working,45,442.76655555555556,409.1761111111111
55,2025-11-13,working,46,442.109,412.9258888888889
55,2025-11-13,working,47,423.55299999999994,397.1303333333334
55,2025-11-13,working,48,426.25677777777776,396.848
55,2025-11-13,working,49,418.7111111111111,394.45155555555556
55,2025-11-13,working,50,418.6191111111111,391.6764444444444
55,2025-11-13,working,51,402.82877777777776,374.0852222222222
55,2025-11-13,working,52,425.76266666666663,404.43966666666665
55,2025-11-13,working,53,445.61011111111117,420.1016666666667
55,2025-11-13,working,54,471.777,435.17088888888884
55,2025-11-13,working,55,462.67977777777776,409.86122222222224
55,2025-11-13,working,56,474.4053333333334,387.55466666666666
55,2025-11-13,working,57,486.60777777777776,354.1897777777778
55,2025-11-13,working,58,478.14744444444443,322.63188888888885
55,2025-11-13,working,59,508.3945555555556,282.02077777777777
55,2025-11-13,working,60,479.3998888888889,242.65766666666664
55,2025-11-13,working,61,497.7454444444445,207.8418888888889
55,2025-11-13,working,62,480.46377777777775,168.5332222222222
55,2025-11-13,working,63,473.4653333333333,131.98377777777776
55,2025-11-13,working,64,452.65233333333333,97.7698888888889
55,2025-11-13,working,65,451.4822222222222,64.88955555555556
55,2025-11-13,working,66,428.5537777777777,39.23755555555556
55,2025-11-13,working,67,399.2766666666667,19.532888888888888
55,2025-11-13,working,68,392.7872727272727,6.411428571428572
55,2025-11-13,working,69,387.0068888888889,0.8125555555555555
55,2025-11-13,working,70,363.71355555555556,0.0007777777777777778
55,2025-11-13,working,71,304.41829545454544,0.0
55,2025-11-13,working,72,269.21128205128207,0.0
55,2025-11-13,working,73,275.40359550561794,0.0
55,2025-11-13,working,74,289.42988888888885,0.0
55,2025-11-13,working,75,291.1771794871795,0.0
55,2025-11-13,working,76,273.80640449438204,0.0
55,2025-11-13,working,77,275.8487777777778,0.0
55,2025-11-13,working,78,271.05825581395345,0.0
55,2025-11-13,working,79,273.82560975609755,0.0
55,2025-11-13,working,80,260.5705617977528,0.0
55,2025-11-13,working,81,269.24622222222223,0.0
55,2025-11-13,working,82,266.18644736842106,0.0
55,2025-11-13,working,83,257.71555555555557,0.0
55,2025-11-13,working,84,260.9939772727273,0.0
55,2025-11-13,working,85,250.15913580246914,0.0
55,2025-11-13,working,86,262.55835294117645,0.0
55,2025-11-13,working,87,176.8601111111111,0.0
55,2025-11-13,working,88,122.23113636363637,0.0
55,2025-11-13,working,89,105.27645569620253,0.0
55,2025-11-13,working,90,90.70155555555556,0.0
55,2025-11-13,working,91,89.34644444444444,0.0
55,2025-11-13,working,92,88.67320512820513,0.0
55,2025-11-13,working,93,85.9941573033708,0.0
55,2025-11-13,working,94,82.60477777777778,0.0
55,2025-11-13,working,95,97.63511111111112,0.0
56,2025-11-14,working,0,101.200125,0.0
56,2025-11-14,working,1,104.61233333333334,0.0
56,2025-11-14,working,2,106.24499999999999,0.0
56,2025-11-14,working,3,103.50588888888889,0.0
56,2025-11-14,working,4,103.53655555555557,0.0
56,2025-11-14,working,5,94.10866666666668,0.0
56,2025-11-14,working,6,93.51122222222223,0.0
56,2025-11-14,working,7,97.01733333333333,0.0
56,2025-11-14,working,8,93.13322222222222,0.0
56,2025-11-14,working,9,96.72466666666666,0.0
56,2025-11-14,working,10,90.31811111111111,0.0
56,2025-11-14,working,11,85.46511111111111,0.0
56,2025-11-14,working,12,85.84622222222222,0.0
56,2025-11-14,working,13,82.55233333333334,0.0
56,2025-11-14,working,14,81.84344444444444,0.0
56,2025-11-14,working,15,80.80866666666667,0.0
56,2025-11-14,working,16,77.59366666666666,0.0
56,2025-11-14,working,17,66.11866666666667,0.0
56,2025-11-14,working,18,62.666999999999994,0.0
56,2025-11-14,working,19,61.82266666666666,0.0
56,2025-11-14,working,20,66.22766666666666,0.0
56,2025-11-14,working,21,170.0141111111111,0.0
56,2025-11-14,working,22,182.23066666666665,0.0
56,2025-11-14,working,23,183.86744444444443,0.11733333333333335
56,2025-11-14,working,24,240.22411111111109,3.9402222222222223
56,2025-11-14,working,25,243.52544444444445,16.353666666666665
56,2025-11-14,working,26,284.9513333333333,36.77011111111111
56,2025-11-14,working,27,287.3806666666666,62.693777777777775
56,2025-11-14,working,28,287.8577777777778,94.4951111111111
56,2025-11-14,working,29,322.75866666666667,126.927
56,2025-11-14,working,30,354.68800000000005,162.9403333333333
56,2025-11-14,working,31,372.75166666666667,200.70166666666668
56,2025-11-14,working,32,375.5521111111111,243.14566666666667
56,2025-11-14,working,33,367.59544444444447,276.9902222222222
56,2025-11-14,working,34,374.5176666666666,313.3461111111111
56,2025-11-14,working,35,378.7294444444445,343.5712222222222
56,2025-11-14,working,36,379.175,351.3793333333333
56,2025-11-14,working,37,395.69555555555553,367.5084444444445
56,2025-11-14,working,38,417.514,393.0122222222222
56,2025-11-14,working,39,419.54255555555557,400.8341111111111
56,2025-11-14,working,40,409.1686666666667,384.46011111111113
56,2025-11-14,working,41,403.60755555555556,380.07311111111113
56,2025-11-14,working,42,395.6936666666667,375.68255555555555
56,2025-11-14,working,43,378.8615555555556,340.25966666666665
56,2025-11-14,working,44,341.6411111111111,252.67666666666668
56,2025-11-14,working,45,352.8652222222222,324.02077777777777
56,2025-11-14,working,46,429.55522222222226,399.82766666666663
56,2025-11-14,working,47,455.0337777777778,427.6733333333333
56,2025-11-14,working,48,444.21844444444446,423.1684444444445
56,2025-11-14,working,49,442.26533333333333,423.4485555555556
56,2025-11-14,working,50,430.32788888888894,408.5683333333333
56,2025-11-14,working,51,434.2877777777778,414.7863333333333
56,2025-11-14,working,52,417.9966666666666,398.07788888888894
56,2025-11-14,working,53,429.1864444444444,410.7762222222222
56,2025-11-14,working,54,432.28344444444446,412.80899999999997
56,2025-11-14,working,55,442.3127777777778,401.76177777777775
56,2025-11-14,working,56,471.0082222222222,381.97477777777783
56,2025-11-14,working,57,467.2152222222222,356.0347777777778
56,2025-11-14,working,58,459.93222222222226,326.17055555555555
56,2025-11-14,working,59,457.42366666666663,288.1277777777778
56,2025-11-14,working,60,448.07766666666663,247.34966666666668
56,2025-11-14,working,61,431.5426666666666,203.6882222222222
56,2025-11-14,working,62,435.0193333333333,161.90977777777778
56,2025-11-14,working,63,420.86755555555555,126.11933333333333
56,2025-11-14,working,64,411.9184444444445,93.30577777777778
56,2025-11-14,working,65,388.50744444444445,62.19222222222223
56,2025-11-14,working,66,364.2258888888889,37.858555555555554
56,2025-11-14,working,67,345.431,19.10788888888889
56,2025-11-14,working,68,308.9674444444444,6.503
56,2025-11-14,working,69,277.9937777777778,0.7042222222222223
56,2025-11-14,working,70,254.63700000000003,0.0
56,2025-11-14,working,71,257.63522222222224,0.0
56,2025-11-14,working,72,240.44033333333334,0.0
56,2025-11-14,working,73,228.6783333333333,0.0
56,2025-11-14,working,74,218.3551111111111,0.0
56,2025-11-14,working,75,215.12311111111114,0.0
56,2025-11-14,working,76,206.36288888888888,0.0
56,2025-11-14,working,77,203.23177777777778,0.0
56,2025-11-14,working,78,204.06933333333336,0.0
56,2025-11-14,working,79,206.162,0.0
56,2025-11-14,working,80,177.59755555555557,0.0
56,2025-11-14,working,81,168.92144444444446,0.0
56,2025-11-14,working,82,169.583,0.0
56,2025-11-14,working,83,156.05366666666666,0.0
56,2025-11-14,working,84,121.72866666666667,0.0
56,2025-11-14,working,85,118.785,0.0
56,2025-11-14,working,86,56.711222222222226,0.0
56,2025-11-14,working,87,24.28911111111111,0.0
56,2025-11-14,working,88,23.948777777777778,0.0
56,2025-11-14,working,89,24.612444444444442,0.0
56,2025-11-14,working,90,25.397444444444446,0.0
56,2025-11-14,working,91,23.929666666666666,0.0
56,2025-11-14,working,92,23.054666666666666,0.0
56,2025-11-14,working,93,23.803048780487803,0.0
56,2025-11-14,working,94,24.461111111111112,0.0
56,2025-11-14,working,95,22.45488888888889,0.0
57,2025-11-15,working,0,24.07825,0.0
57,2025-11-15,working,1,23.666555555555554,0.0
57,2025-11-15,working,2,23.713,0.0
57,2025-11-15,working,3,23.821666666666665,0.0
57,2025-11-15,working,4,23.28988888888889,0.0
57,2025-11-15,working,5,23.33066666666667,0.0
57,2025-11-15,working,6,24.060000000000002,0.0
57,2025-11-15,working,7,22.92422222222222,0.0
57,2025-11-15,working,8,24.386555555555557,0.0
57,2025-11-15,working,9,24.418,0.0
57,2025-11-15,working,10,22.591333333333335,0.0
57,2025-11-15,working,11,23.788,0.0
57,2025-11-15,working,12,22.583000000000002,0.0
57,2025-11-15,working,13,23.147,0.0
57,2025-11-15,working,14,22.052666666666667,0.0
57,2025-11-15,working,15,23.520333333333333,0.0
57,2025-11-15,working,16,23.487333333333336,0.0
57,2025-11-15,working,17,23.081444444444443,0.0
57,2025-11-15,working,18,23.571888888888886,0.0
57,2025-11-15,working,19,22.701888888888888,0.0
57,2025-11-15,working,20,24.595777777777776,0.0
57,2025-11-15,working,21,81.37511111111111,0.0
57,2025-11-15,working,22,120.168,0.0
57,2025-11-15,working,23,120.72333333333334,0.20011111111111113
57,2025-11-15,working,24,131.3538888888889,3.529555555555556
57,2025-11-15,working,25,127.85699999999999,14.045444444444444
57,2025-11-15,working,26,133.80666666666667,32.20422222222222
57,2025-11-15,working,27,155.65633333333332,57.735
57,2025-11-15,working,28,173.6631111111111,88.24311111111112
57,2025-11-15,working,29,181.274,121.56577777777778
57,2025-11-15,working,30,184.6809523809524,144.46107142857142
57,2025-11-15,working,31,198.6817777777778,162.80411111111113
57,2025-11-15,working,32,198.73955555555557,165.50633333333332
57,2025-11-15,working,33,188.79822222222222,162.5868888888889
57,2025-11-15,working,34,179.64353658536587,159.83402439024388
57,2025-11-15,working,35,182.72622222222222,156.8732222222222
57,2025-11-15,working,36,187.10573033707865,157.7132584269663
57,2025-11-15,working,37,198.96333333333334,170.63
57,2025-11-15,working,38,209.32011111111112,183.63844444444445
57,2025-11-15,working,39,203.95711111111112,176.68422222222222
57,2025-11-15,working,40,203.651975308642,174.10901234567902
57,2025-11-15,working,41,197.5601111111111,171.78366666666668
57,2025-11-15,working,42,204.36866666666668,181.40955555555556
57,2025-11-15,working,43,217.66481927710845,191.62409638554217
57,2025-11-15,working,44,199.82266666666666,182.31300000000002
57,2025-11-15,working,45,202.73100000000002,185.72211111111113
57,2025-11-15,working,46,199.5889534883721,183.89593023255813
57,2025-11-15,working,47,195.103,171.20544444444445
57,2025-11-15,working,48,193.1514606741573,166.37921348314606
57,2025-11-15,working,49,189.632,163.11877777777778
57,2025-11-15,working,50,191.246091954023,163.5713793103448
57,2025-11-15,working,51,197.13,170.09822222222223
57,2025-11-15,working,52,191.73359550561798,161.0608988764045
57,2025-11-15,working,53,199.74654320987653,174.82716049382717
57,2025-11-15,working,54,194.525,172.35244444444444
57,2025-11-15,working,55,204.59655555555554,187.39044444444443
57,2025-11-15,working,56,201.058,181.16270588235295
57,2025-11-15,working,57,201.9851111111111,183.98600000000002
57,2025-11-15,working,58,193.77111111111114,175.48677777777777
57,2025-11-15,working,59,191.1845238095238,171.0425
57,2025-11-15,working,60,164.18166666666667,144.58233333333334
57,2025-11-15,working,61,149.80371428571428,126.63557142857142
57,2025-11-15,working,62,138.53727272727275,112.7560606060606
57,2025-11-15,working,63,144.25983606557378,97.95016393442623
57,2025-11-15,working,64,123.33999999999999,91.07499999999999
57,2025-11-15,working,65,123.34,95.5075
57,2025-11-15,working,66,74.845,57.0148125
57,2025-11-15,working,67,26.35,18.522125
57,2025-11-15,working,68,23.221777777777778,6.474444444444445
57,2025-11-15,working,69,25.801444444444446,0.6613333333333333
57,2025-11-15,working,70,24.73322222222222,0.0
57,2025-11-15,working,71,26.483999999999998,0.0
57,2025-11-15,working,72,25.44177777777778,0.0
57,2025-11-15,working,73,26.567222222222224,0.0
57,2025-11-15,working,74,24.421333333333333,0.0
57,2025-11-15,working,75,27.126222222222225,0.0
57,2025-11-15,working,76,25.14911111111111,0.0
57,2025-11-15,working,77,26.05222222222222,0.0
57,2025-11-15,working,78,25.117444444444445,0.0
57,2025-11-15,working,79,25.221111111111114,0.0
57,2025-11-15,working,80,26.052111111111113,0.0
57,2025-11-15,working,81,25.407555555555554,0.0
57,2025-11-15,working,82,25.108555555555554,0.0
57,2025-11-15,working,83,25.341444444444445,0.0
57,2025-11-15,working,84,26.023666666666667,0.0
57,2025-11-15,working,85,24.952444444444442,0.0
57,2025-11-15,working,86,28.21977777777778,0.0
57,2025-11-15,working,87,25.440333333333335,0.0
57,2025-11-15,working,88,25.20488888888889,0.0
57,2025-11-15,working,89,24.335,0.0
57,2025-11-15,working,90,25.28811111111111,0.0
57,2025-11-15,working,91,23.141444444444446,0.0
57,2025-11-15,working,92,23.33066666666667,0.0
57,2025-11-15,working,93,23.00922222222222,0.0
57,2025-11-15,working,94,24.200222222222223,0.0
57,2025-11-15,working,95,23.877777777777776,0.0
58,2025-11-16,weekend,0,24.160617283950618,0.0
58,2025-11-16,weekend,1,24.028888888888886,0.0
58,2025-11-16,weekend,2,23.208777777777776,0.0
58,2025-11-16,weekend,3,23.452444444444442,0.0
58,2025-11-16,weekend,4,22.82144444444444,0.0
58,2025-11-16,weekend,5,23.509333333333334,0.0
58,2025-11-16,weekend,6,23.98088888888889,0.0
58,2025-11-16,weekend,7,24.014555555555553,0.0
58,2025-11-16,weekend,8,23.999666666666663,0.0
58,2025-11-16,weekend,9,23.907999999999998,0.0
58,2025-11-16,weekend,10,23.983999999999998,0.0
58,2025-11-16,weekend,11,23.246333333333332,0.0
58,2025-11-16,weekend,12,23.717901234567904,0.0
58,2025-11-16,weekend,13,23.76188888888889,0.0
58,2025-11-16,weekend,14,23.452444444444442,0.0
58,2025-11-16,weekend,15,24.272222222222222,0.0
58,2025-11-16,weekend,16,23.25126582278481,0.0
58,2025-11-16,weekend,17,24.87211111111111,0.0
58,2025-11-16,weekend,18,23.35688888888889,0.0
58,2025-11-16,weekend,19,24.401666666666667,0.0
58,2025-11-16,weekend,20,23.61753086419753,0.0
58,2025-11-16,weekend,21,24.467333333333332,0.0
58,2025-11-16,weekend,22,24.112666666666666,0.0
58,2025-11-16,weekend,23,23.17222222222222,0.0
58,2025-11-16,weekend,24,22.783658536585367,0.5219512195121951
58,2025-11-16,weekend,25,20.531,4.551555555555556
58,2025-11-16,weekend,26,21.040555555555557,13.060555555555556
58,2025-11-16,weekend,27,20.406555555555556,18.968444444444444
58,2025-11-16,weekend,28,20.37780487804878,19.000365853658536
58,2025-11-16,weekend,29,20.550666666666665,18.032111111111114
58,2025-11-16,weekend,30,20.359444444444442,17.922333333333334
58,2025-11-16,weekend,31,21.67568181818182,17.795909090909092
58,2025-11-16,weekend,32,20.59740740740741,18.94567901234568
58,2025-11-16,weekend,33,20.29411111111111,18.41888888888889
58,2025-11-16,weekend,34,20.378666666666668,18.064777777777778
58,2025-11-16,weekend,35,20.60506172839506,19.502592592592592
58,2025-11-16,weekend,36,21.22711111111111,18.567444444444444
58,2025-11-16,weekend,37,19.89688888888889,18.750444444444444
58,2025-11-16,weekend,38,20.592222222222222,18.363
58,2025-11-16,weekend,39,19.88475,18.583125000000003
58,2025-11-16,weekend,40,20.827222222222222,19.489333333333335
58,2025-11-16,weekend,41,20.08111111111111,17.897666666666666
58,2025-11-16,weekend,42,20.467444444444443,19.058555555555554
58,2025-11-16,weekend,43,21.3840243902439,18.96780487804878
58,2025-11-16,weekend,44,20.268426966292136,19.143595505617977
58,2025-11-16,weekend,45,21.549,18.13877777777778
58,2025-11-16,weekend,46,20.205357142857142,19.219761904761906
58,2025-11-16,weekend,47,21.57294117647059,19.210941176470588
58,2025-11-16,weekend,48,20.72550561797753,19.31505617977528
58,2025-11-16,weekend,49,21.80311111111111,19.37911111111111
58,2025-11-16,weekend,50,19.793253012048194,18.178313253012046
58,2025-11-16,weekend,51,20.890888888888888,19.16788888888889
58,2025-11-16,weekend,52,20.92877777777778,18.648555555555554
58,2025-11-16,weekend,53,20.4276404494382,18.94876404494382
58,2025-11-16,weekend,54,20.924074074074074,18.56283950617284
58,2025-11-16,weekend,55,24.266444444444446,20.422666666666665
58,2025-11-16,weekend,56,27.184111111111115,23.026333333333334
58,2025-11-16,weekend,57,34.03546511627907,26.97720930232558
58,2025-11-16,weekend,58,206.69534883720928,154.3132558139535
58,2025-11-16,weekend,59,186.49566666666666,113.62488888888889
58,2025-11-16,weekend,60,176.09766666666667,107.27477777777777
58,2025-11-16,weekend,61,139.25809523809525,93.31142857142856
58,2025-11-16,weekend,62,52.479222222222226,41.44222222222223
58,2025-11-16,weekend,63,21.73911111111111,19.359222222222222
58,2025-11-16,weekend,64,22.202333333333335,18.948666666666668
58,2025-11-16,weekend,65,22.022142857142857,18.685238095238095
58,2025-11-16,weekend,66,22.352333333333334,18.782333333333334
58,2025-11-16,weekend,67,21.754222222222225,11.359222222222222
58,2025-11-16,weekend,68,21.243809523809524,2.717857142857143
58,2025-11-16,weekend,69,25.626352941176467,0.08258823529411766
58,2025-11-16,weekend,70,27.605333333333334,0.0
58,2025-11-16,weekend,71,26.736666666666668,0.0
58,2025-11-16,weekend,72,25.668292682926833,0.0
58,2025-11-16,weekend,73,26.159444444444443,0.0
58,2025-11-16,weekend,74,25.514555555555553,0.0
58,2025-11-16,weekend,75,26.40733333333333,0.0
58,2025-11-16,weekend,76,25.10640449438202,0.0
58,2025-11-16,weekend,77,25.261777777777777,0.0
58,2025-11-16,weekend,78,25.11611111111111,0.0
58,2025-11-16,weekend,79,24.60022222222222,0.0
58,2025-11-16,weekend,80,24.63088888888889,0.0
58,2025-11-16,weekend,81,24.78777777777778,0.0
58,2025-11-16,weekend,82,24.30022222222222,0.0
58,2025-11-16,weekend,83,24.421666666666663,0.0
58,2025-11-16,weekend,84,24.223444444444446,0.0
58,2025-11-16,weekend,85,25.107777777777777,0.0
58,2025-11-16,weekend,86,25.018333333333334,0.0
58,2025-11-16,weekend,87,25.002555555555556,0.0
58,2025-11-16,weekend,88,25.94611111111111,0.0
58,2025-11-16,weekend,89,25.89022222222222,0.0
58,2025-11-16,weekend,90,26.22288888888889,0.0
58,2025-11-16,weekend,91,25.79433333333333,0.0
58,2025-11-16,weekend,92,25.69111111111111,0.0
58,2025-11-16,weekend,93,25.288222222222224,0.0
58,2025-11-16,weekend,94,24.398222222222223,0.0
58,2025-11-16,weekend,95,24.39111111111111,0.0
59,2025-11-17,working,0,24.214875,0.0
59,2025-11-17,working,1,24.225333333333335,0.0
59,2025-11-17,working,2,24.64388888888889,0.0
59,2025-11-17,working,3,23.004555555555555,0.0
59,2025-11-17,working,4,25.057555555555552,0.0
59,2025-11-17,working,5,24.151999999999997,0.0
59,2025-11-17,working,6,24.75866666666667,0.0
59,2025-11-17,working,7,25.64288888888889,0.0
59,2025-11-17,working,8,24.00722222222222,0.0
59,2025-11-17,working,9,24.62211111111111,0.0
59,2025-11-17,working,10,24.599444444444444,0.0
59,2025-11-17,working,11,24.798777777777776,0.0
59,2025-11-17,working,12,24.470000000000002,0.0
59,2025-11-17,working,13,25.135111111111108,0.0
59,2025-11-17,working,14,24.79888888888889,0.0
59,2025-11-17,working,15,24.97411111111111,0.0
59,2025-11-17,working,16,24.553,0.0
59,2025-11-17,working,17,24.57911111111111,0.0
59,2025-11-17,working,18,24.97877777777778,0.0
59,2025-11-17,working,19,24.442555555555554,0.0
59,2025-11-17,working,20,35.998777777777775,0.0
59,2025-11-17,working,21,183.6621111111111,0.0
59,2025-11-17,working,22,194.4688888888889,0.0
59,2025-11-17,working,23,211.90333333333334,0.0
59,2025-11-17,working,24,226.3771111111111,0.5226666666666666
59,2025-11-17,working,25,232.95844444444444,5.914111111111111
59,2025-11-17,working,26,264.1891111111111,15.353888888888887
59,2025-11-17,working,27,309.4307777777778,26.597333333333335
59,2025-11-17,working,28,308.363,34.10611111111111
59,2025-11-17,working,29,340.84222222222223,46.369
59,2025-11-17,working,30,392.52433333333335,68.33055555555555
59,2025-11-17,working,31,401.63177777777776,75.88055555555556
59,2025-11-17,working,32,392.5831818181818,74.81272727272727
59,2025-11-17,working,33,385.28133333333335,84.47955555555555
59,2025-11-17,working,34,401.5041111111111,165.457
59,2025-11-17,working,35,438.01488888888883,188.2561111111111
59,2025-11-17,working,36,453.4207777777778,167.38122222222222
59,2025-11-17,working,37,475.8282222222222,145.9841111111111
59,2025-11-17,working,38,468.0563333333333,160.44366666666667
59,2025-11-17,working,39,476.262,179.2941111111111
59,2025-11-17,working,40,460.50166666666667,165.849
59,2025-11-17,working,41,469.91344444444445,179.9682222222222
59,2025-11-17,working,42,472.5901111111111,218.62411111111112
59,2025-11-17,working,43,451.1887777777778,224.14066666666668
59,2025-11-17,working,44,451.4127777777778,225.15055555555554
59,2025-11-17,working,45,452.27433333333335,214.01333333333335
59,2025-11-17,working,46,449.42255555555556,205.31333333333333
59,2025-11-17,working,47,440.3955555555555,179.20155555555556
59,2025-11-17,working,48,447.8155555555556,211.03944444444443
59,2025-11-17,working,49,472.8868888888889,183.20466666666664
59,2025-11-17,working,50,452.1826666666667,154.13266666666667
59,2025-11-17,working,51,432.20853932584265,213.41044943820222
59,2025-11-17,working,52,449.3715555555556,190.82011111111112
59,2025-11-17,working,53,478.98688888888887,192.847
59,2025-11-17,working,54,506.6687777777778,168.96877777777777
59,2025-11-17,working,55,485.10133333333334,139.56411111111112
59,2025-11-17,working,56,518.3215555555556,145.7211111111111
59,2025-11-17,working,57,511.57599999999996,132.06233333333333
59,2025-11-17,working,58,505.0355555555555,130.66544444444443
59,2025-11-17,working,59,522.7237777777777,106.89733333333334
59,2025-11-17,working,60,513.8178888888889,93.49088888888889
59,2025-11-17,working,61,518.1032222222223,73.55499999999999
59,2025-11-17,working,62,511.4342222222222,68.47444444444444
59,2025-11-17,working,63,501.86977777777776,50.586222222222226
59,2025-11-17,working,64,467.79333333333335,30.39411111111111
59,2025-11-17,working,65,464.942,17.100777777777775
59,2025-11-17,working,66,408.6828888888889,11.051444444444444
59,2025-11-17,working,67,392.81211111111105,4.640888888888889
59,2025-11-17,working,68,397.3483333333333,0.7785555555555554
59,2025-11-17,working,69,392.61688888888887,0.00011111111111111112
59,2025-11-17,working,70,386.8505555555556,0.0
59,2025-11-17,working,71,396.6798888888889,0.0
59,2025-11-17,working,72,370.51377777777776,0.0
59,2025-11-17,working,73,335.59577777777776,0.0
59,2025-11-17,working,74,331.5198888888889,0.0
59,2025-11-17,working,75,351.49044444444445,0.0
59,2025-11-17,working,76,349.5855555555556,0.0
59,2025-11-17,working,77,332.5915555555556,0.0
59,2025-11-17,working,78,325.31811111111114,0.0
59,2025-11-17,working,79,302.1115555555556,0.0
59,2025-11-17,working,80,266.21088888888886,0.0
59,2025-11-17,working,81,273.99455555555556,0.0
59,2025-11-17,working,82,262.62755555555555,0.0
59,2025-11-17,working,83,241.86366666666666,0.0
59,2025-11-17,working,84,259.00766666666664,0.0
59,2025-11-17,working,85,249.14777777777778,0.0
59,2025-11-17,working,86,261.7958888888889,0.0
59,2025-11-17,working,87,256.5078888888889,0.0
59,2025-11-17,working,88,249.1102222222222,0.0
59,2025-11-17,working,89,212.30955555555556,0.0
59,2025-11-17,working,90,109.07711111111112,0.0
59,2025-11-17,working,91,86.96444444444445,0.0
59,2025-11-17,working,92,86.60134831460674,0.0
59,2025-11-17,working,93,85.73933333333333,0.0
59,2025-11-17,working,94,85.89922222222222,0.0
59,2025-11-17,working,95,85.5218888888889,0.0
60,2025-11-18,working,0,83.63185185185185,0.0
60,2025-11-18,working,1,83.93088888888889,0.0
60,2025-11-18,working,2,82.87333333333333,0.0
60,2025-11-18,working,3,81.7791111111111,0.0
60,2025-11-18,working,4,84.26944444444445,0.0
60,2025-11-18,working,5,84.26777777777778,0.0
60,2025-11-18,working,6,85.507,0.0
60,2025-11-18,working,7,88.48266666666666,0.0
60,2025-11-18,working,8,87.94333333333333,0.0
60,2025-11-18,working,9,85.12977777777778,0.0
60,2025-11-18,working,10,83.81433333333334,0.0
60,2025-11-18,working,11,83.52277777777778,0.0
60,2025-11-18,working,12,84.58544444444443,0.0
60,2025-11-18,working,13,83.71377777777778,0.0
60,2025-11-18,working,14,81.83955555555556,0.0
60,2025-11-18,working,15,80.99322222222223,0.0
60,2025-11-18,working,16,80.648,0.0
60,2025-11-18,working,17,83.15122222222222,0.0
60,2025-11-18,working,18,83.094,0.0
60,2025-11-18,working,19,81.892,0.0
60,2025-11-18,working,20,80.10022222222223,0.0
60,2025-11-18,working,21,151.04644444444446,0.0
60,2025-11-18,working,22,222.8598888888889,0.0
60,2025-11-18,working,23,222.1158888888889,0.0
60,2025-11-18,working,24,271.745,0.01188888888888889
60,2025-11-18,working,25,333.2366666666667,1.7598888888888888
60,2025-11-18,working,26,324.395,5.091777777777778
60,2025-11-18,working,27,320.4442222222222,10.66788888888889
60,2025-11-18,working,28,347.19644444444447,21.481777777777776
60,2025-11-18,working,29,362.3064444444445,29.406
60,2025-11-18,working,30,403.8328888888889,41.28955555555555
60,2025-11-18,working,31,443.15588888888885,55.559555555555555
60,2025-11-18,working,32,428.09511111111107,49.64511111111111
60,2025-11-18,working,33,425.504,40.853
60,2025-11-18,working,34,444.4486666666666,54.563
60,2025-11-18,working,35,432.3628888888889,47.56166666666667
60,2025-11-18,working,36,445.22933333333333,60.21977777777777
60,2025-11-18,working,37,444.14300000000003,82.27355555555556
60,2025-11-18,working,38,458.65411111111115,56.97877777777778
60,2025-11-18,working,39,466.5127777777778,69.20211111111111
60,2025-11-18,working,40,452.71655555555554,53.55633333333333
60,2025-11-18,working,41,431.4275555555556,64.20277777777778
60,2025-11-18,working,42,423.54766666666666,42.20377777777778
60,2025-11-18,working,43,426.4883333333333,32.77733333333333
60,2025-11-18,working,44,402.8622222222222,56.49033333333333
60,2025-11-18,working,45,394.9202222222222,57.36944444444445
60,2025-11-18,working,46,379.82933333333335,62.21144444444444
60,2025-11-18,working,47,379.64011111111114,109.374
60,2025-11-18,working,48,370.9798888888889,138.71255555555555
60,2025-11-18,working,49,367.32744444444444,114.47777777777777
60,2025-11-18,working,50,362.889,142.46922222222221
60,2025-11-18,working,51,366.9287777777777,126.79166666666667
60,2025-11-18,working,52,378.91544444444446,86.77711111111111
60,2025-11-18,working,53,384.984,71.29644444444445
60,2025-11-18,working,54,386.8945555555556,101.54822222222222
60,2025-11-18,working,55,395.1285555555556,101.65533333333333
60,2025-11-18,working,56,398.72911111111114,79.50488888888889
60,2025-11-18,working,57,407.5357777777778,68.22233333333334
60,2025-11-18,working,58,405.34366666666665,73.48277777777777
60,2025-11-18,working,59,397.11466666666666,60.16988888888889
60,2025-11-18,working,60,419.4045555555556,69.82488888888889
60,2025-11-18,working,61,406.36211111111106,43.29255555555555
60,2025-11-18,working,62,401.34311111111106,32.887
60,2025-11-18,working,63,409.9286666666667,48.757444444444445
60,2025-11-18,working,64,399.8582222222222,33.31311111111111
60,2025-11-18,working,65,388.0968888888889,16.270444444444443
60,2025-11-18,working,66,366.93388888888893,10.940777777777777
60,2025-11-18,working,67,349.92122222222224,3.9385555555555554
60,2025-11-18,working,68,338.52844444444446,0.472
60,2025-11-18,working,69,346.46244444444443,0.0
60,2025-11-18,working,70,344.0732222222222,0.0
60,2025-11-18,working,71,270.04611111111114,0.0
60,2025-11-18,working,72,230.9397777777778,0.0
60,2025-11-18,working,73,231.84844444444445,0.0
60,2025-11-18,working,74,223.03055555555557,0.0
60,2025-11-18,working,75,213.732,0.0
60,2025-11-18,working,76,193.82433333333333,0.0
60,2025-11-18,working,77,154.5051111111111,0.0
60,2025-11-18,working,78,128.00933333333333,0.0
60,2025-11-18,working,79,125.02655555555555,0.0
60,2025-11-18,working,80,109.4268888888889,0.0
60,2025-11-18,working,81,119.92788888888889,0.0
60,2025-11-18,working,82,104.11477777777777,0.0
60,2025-11-18,working,83,105.66366666666666,0.0
60,2025-11-18,working,84,101.11355555555555,0.0
60,2025-11-18,working,85,95.37055555555555,0.0
60,2025-11-18,working,86,102.99688888888888,0.0
60,2025-11-18,working,87,111.36733333333333,0.0
60,2025-11-18,working,88,119.8558888888889,0.0
60,2025-11-18,working,89,114.24622222222222,0.0
60,2025-11-18,working,90,108.84277777777778,0.0
60,2025-11-18,working,91,107.76166666666666,0.0
60,2025-11-18,working,92,100.20222222222223,0.0
60,2025-11-18,working,93,103.3948888888889,0.0
60,2025-11-18,working,94,102.05733333333333,0.0
60,2025-11-18,working,95,95.79533333333333,0.0
61,2025-11-19,working,0,92.21283950617284,0.0
61,2025-11-19,working,1,87.78477777777778,0.0
61,2025-11-19,working,2,86.56211111111111,0.0
61,2025-11-19,working,3,103.44866666666665,0.0
61,2025-11-19,working,4,88.85277777777777,0.0
61,2025-11-19,working,5,95.95555555555555,0.0
61,2025-11-19,working,6,100.94888888888889,0.0
61,2025-11-19,working,7,102.75833333333334,0.0
61,2025-11-19,working,8,100.70022222222222,0.0
61,2025-11-19,working,9,102.49877777777778,0.0
61,2025-11-19,working,10,87.78355555555557,0.0
61,2025-11-19,working,11,88.76077777777778,0.0
61,2025-11-19,working,12,96.6571111111111,0.0
61,2025-11-19,working,13,103.21211111111111,0.0
61,2025-11-19,working,14,100.74844444444444,0.0
61,2025-11-19,working,15,95.15022222222223,0.0
61,2025-11-19,working,16,71.68477777777778,0.0
61,2025-11-19,working,17,81.38044444444444,0.0
61,2025-11-19,working,18,76.58966666666666,0.0
61,2025-11-19,working,19,74.44877777777778,0.0
61,2025-11-19,working,20,73.30322222222222,0.0
61,2025-11-19,working,21,89.76388888888889,0.0
61,2025-11-19,working,22,115.18977777777778,0.0
61,2025-11-19,working,23,114.8581111111111,0.0
61,2025-11-19,working,24,139.35155555555554,0.015777777777777776
61,2025-11-19,working,25,153.15377777777778,1.5034444444444444
61,2025-11-19,working,26,160.14066666666668,6.739222222222222
61,2025-11-19,working,27,187.07444444444445,14.266444444444444
61,2025-11-19,working,28,191.4611111111111,21.62666666666667
61,2025-11-19,working,29,197.41355555555558,24.360333333333333
61,2025-11-19,working,30,210.33,28.395444444444447
61,2025-11-19,working,31,301.52211111111114,35.526
61,2025-11-19,working,32,311.9555555555556,59.55
61,2025-11-19,working,33,312.7225555555555,69.45022222222222
61,2025-11-19,working,34,304.185,88.667
61,2025-11-19,working,35,303.26933333333335,70.22444444444444
61,2025-11-19,working,36,312.4575555555556,61.019444444444446
61,2025-11-19,working,37,331.298,66.65188888888889
61,2025-11-19,working,38,314.7704444444444,68.03244444444445
61,2025-11-19,working,39,318.35355555555554,94.36611111111112
61,2025-11-19,working,40,314.46066666666667,102.36277777777778
61,2025-11-19,working,41,284.2782222222222,105.06522222222223
61,2025-11-19,working,42,312.7357777777778,129.03955555555555
61,2025-11-19,working,43,282.03922222222224,102.16766666666666
61,2025-11-19,working,44,279.72577777777775,105.21233333333333
61,2025-11-19,working,45,307.09333333333336,161.61866666666668
61,2025-11-19,working,46,311.07955555555554,168.88166666666666
61,2025-11-19,working,47,321.49199999999996,275.763
61,2025-11-19,working,48,320.21244444444443,209.06555555555556
61,2025-11-19,working,49,304.4151111111111,175.18166666666667
61,2025-11-19,working,50,315.18800000000005,234.2023333333333
61,2025-11-19,working,51,315.4233333333333,253.25733333333332
61,2025-11-19,working,52,336.01033333333334,249.72233333333332
61,2025-11-19,working,53,349.03633333333335,198.95955555555557
61,2025-11-19,working,54,343.55477777777776,212.99977777777778
61,2025-11-19,working,55,366.30722222222226,227.87211111111114
61,2025-11-19,working,56,373.31600000000003,230.9077777777778
61,2025-11-19,working,57,377.63166666666666,198.5328888888889
61,2025-11-19,working,58,386.07000000000005,171.72788888888888
61,2025-11-19,working,59,404.36622222222223,140.46444444444444
61,2025-11-19,working,60,436.94677777777775,100.42066666666668
61,2025-11-19,working,61,447.96155555555555,77.44855555555556
61,2025-11-19,working,62,411.6071111111111,60.82944444444444
61,2025-11-19,working,63,384.49955555555556,43.925555555555555
61,2025-11-19,working,64,406.6641111111111,31.48177777777778
61,2025-11-19,working,65,385.002,17.288444444444444
61,2025-11-19,working,66,332.7708888888889,9.721222222222222
61,2025-11-19,working,67,311.7847777777778,5.974222222222222
61,2025-11-19,working,68,300.31244444444445,2.1337777777777776
61,2025-11-19,working,69,269.8415555555556,0.014444444444444446
61,2025-11-19,working,70,290.69155555555557,0.0
61,2025-11-19,working,71,269.8161111111111,0.0
61,2025-11-19,working,72,225.68566666666666,0.0
61,2025-11-19,working,73,229.1868888888889,0.0
61,2025-11-19,working,74,254.46577777777776,0.0
61,2025-11-19,working,75,243.25588888888888,0.0
61,2025-11-19,working,76,229.19333333333336,0.0
61,2025-11-19,working,77,202.01811111111112,0.0
61,2025-11-19,working,78,189.4283333333333,0.0
61,2025-11-19,working,79,186.34677777777776,0.0
61,2025-11-19,working,80,177.5068888888889,0.0
61,2025-11-19,working,81,170.85977777777777,0.0
61,2025-11-19,working,82,168.6098888888889,0.0
61,2025-11-19,working,83,148.96066666666667,0.0
61,2025-11-19,working,84,146.20944444444444,0.0
61,2025-11-19,working,85,105.89466666666667,0.0
61,2025-11-19,working,86,96.19366666666667,0.0
61,2025-11-19,working,87,103.89566666666667,0.0
61,2025-11-19,working,88,94.39133333333332,0.0
61,2025-11-19,working,89,88.35966666666667,0.0
61,2025-11-19,working,90,88.3861111111111,0.0
61,2025-11-19,working,91,86.688,0.0
61,2025-11-19,working,92,90.07211111111111,0.0
61,2025-11-19,working,93,87.09166666666667,0.0
61,2025-11-19,working,94,95.42477777777778,0.0
61,2025-11-19,working,95,92.004,0.0
62,2025-11-20,working,0,93.80432098765432,0.0
62,2025-11-20,working,1,91.70044444444446,0.0
62,2025-11-20,working,2,88.93611111111112,0.0
62,2025-11-20,working,3,87.881,0.0
62,2025-11-20,working,4,86.73944444444444,0.0
62,2025-11-20,working,5,87.42566666666667,0.0
62,2025-11-20,working,6,87.41322222222222,0.0
62,2025-11-20,working,7,90.49055555555555,0.0
62,2025-11-20,working,8,87.271,0.0
62,2025-11-20,working,9,87.033,0.0
62,2025-11-20,working,10,71.76633333333334,0.0
62,2025-11-20,working,11,64.09577777777778,0.0
62,2025-11-20,working,12,62.364000000000004,0.0
62,2025-11-20,working,13,64.12211111111111,0.0
62,2025-11-20,working,14,62.391666666666666,0.0
62,2025-11-20,working,15,65.31822222222223,0.0
62,2025-11-20,working,16,71.12244444444445,0.0
62,2025-11-20,working,17,82.19755555555555,0.0
62,2025-11-20,working,18,87.0851111111111,0.0
62,2025-11-20,working,19,88.23977777777777,0.0
62,2025-11-20,working,20,78.85455555555555,0.0
62,2025-11-20,working,21,73.356,0.0
62,2025-11-20,working,22,132.14044444444443,0.0
62,2025-11-20,working,23,167.714,0.0
62,2025-11-20,working,24,172.72755555555554,1.0114444444444444
62,2025-11-20,working,25,182.67644444444446,5.534111111111111
62,2025-11-20,working,26,220.11499999999998,10.448888888888888
62,2025-11-20,working,27,227.21855555555553,23.134555555555558
62,2025-11-20,working,28,228.86322222222222,63.08177777777777
62,2025-11-20,working,29,269.83799999999997,53.83511111111111
62,2025-11-20,working,30,308.5903333333333,158.32955555555554
62,2025-11-20,working,31,339.78655555555554,239.39677777777777
62,2025-11-20,working,32,318.3976666666667,193.01655555555558
62,2025-11-20,working,33,304.1844444444444,249.52077777777777
62,2025-11-20,working,34,312.8537777777778,284.23
62,2025-11-20,working,35,314.3086666666667,288.4844444444444
62,2025-11-20,working,36,321.76511111111114,231.0222222222222
62,2025-11-20,working,37,371.32533333333333,340.515
62,2025-11-20,working,38,339.257,315.55677777777777
62,2025-11-20,working,39,394.0767777777778,357.263
62,2025-11-20,working,40,413.67188888888893,386.2634444444444
62,2025-11-20,working,41,402.8396666666667,374.88022222222224
62,2025-11-20,working,42,411.72677777777784,382.16922222222223
62,2025-11-20,working,43,379.0084444444445,353.85477777777777
62,2025-11-20,working,44,360.469,329.347
62,2025-11-20,working,45,362.1985555555556,331.36944444444447
62,2025-11-20,working,46,364.1432222222222,329.969
62,2025-11-20,working,47,357.6624444444444,327.40933333333334
62,2025-11-20,working,48,384.3224444444444,354.15444444444444
62,2025-11-20,working,49,388.9844444444444,362.6108888888889
62,2025-11-20,working,50,397.9435555555555,343.1357777777778
62,2025-11-20,working,51,394.58111111111117,365.6494444444444
62,2025-11-20,working,52,395.32352272727275,367.5668181818182
62,2025-11-20,working,53,401.4917777777778,372.14155555555556
62,2025-11-20,working,54,433.2804444444444,405.3641111111111
62,2025-11-20,working,55,431.01069767441857,399.6822093023256
62,2025-11-20,working,56,419.2634444444444,384.57711111111115
62,2025-11-20,working,57,429.9738888888889,370.43199999999996
62,2025-11-20,working,58,420.70590909090913,339.30875
62,2025-11-20,working,59,417.89505617977534,301.9858426966292
62,2025-11-20,working,60,417.34,259.5247777777778
62,2025-11-20,working,61,419.54100000000005,218.835
62,2025-11-20,working,62,432.8216470588235,181.808
62,2025-11-20,working,63,412.1764444444444,144.93411111111112
62,2025-11-20,working,64,395.2932222222222,121.40011111111112
62,2025-11-20,working,65,399.1240909090909,54.46397727272727
62,2025-11-20,working,66,381.55299999999994,29.257555555555555
62,2025-11-20,working,67,357.5182222222222,20.966666666666665
62,2025-11-20,working,68,369.0919318181818,6.397954545454545
62,2025-11-20,working,69,361.9328888888889,0.7844444444444444
62,2025-11-20,working,70,352.7225555555555,0.0
62,2025-11-20,working,71,330.71566666666666,0.0
62,2025-11-20,working,72,314.91954545454547,0.0
62,2025-11-20,working,73,296.9188888888889,0.0
62,2025-11-20,working,74,302.52344444444446,0.0
62,2025-11-20,working,75,320.0607865168539,0.0
62,2025-11-20,working,76,304.65066666666667,0.0
62,2025-11-20,working,77,280.425,0.0
62,2025-11-20,working,78,272.94511111111115,0.0
62,2025-11-20,working,79,268.41727272727275,0.0
62,2025-11-20,working,80,267.6972222222222,0.0
62,2025-11-20,working,81,274.0254444444445,0.0
62,2025-11-20,working,82,206.0443181818182,0.0
62,2025-11-20,working,83,156.2548888888889,0.0
62,2025-11-20,working,84,148.522,0.0
62,2025-11-20,working,85,139.00402298850574,0.0
62,2025-11-20,working,86,140.45755555555556,0.0
62,2025-11-20,working,87,138.239,0.0
62,2025-11-20,working,88,133.12722222222223,0.0
62,2025-11-20,working,89,142.47080459770115,0.0
62,2025-11-20,working,90,128.1701111111111,0.0
62,2025-11-20,working,91,126.32377777777778,0.0
62,2025-11-20,working,92,112.18784090909092,0.0
62,2025-11-20,working,93,112.3114606741573,0.0
62,2025-11-20,working,94,108.39911111111111,0.0
62,2025-11-20,working,95,107.49977777777778,0.0
63,2025-11-21,working,0,109.399,0.0
63,2025-11-21,working,1,108.79277777777779,0.0
63,2025-11-21,working,2,97.29788888888888,0.0
63,2025-11-21,working,3,80.328,0.0
63,2025-11-21,working,4,71.96944444444445,0.0
63,2025-11-21,working,5,72.38855555555556,0.0
63,2025-11-21,working,6,75.194,0.0
63,2025-11-21,working,7,87.84322222222222,0.0
63,2025-11-21,working,8,79.44633333333333,0.0
63,2025-11-21,working,9,77.09433333333332,0.0
63,2025-11-21,working,10,75.99944444444444,0.0
63,2025-11-21,working,11,78.23644444444444,0.0
63,2025-11-21,working,12,87.17555555555556,0.0
63,2025-11-21,working,13,87.40688888888889,0.0
63,2025-11-21,working,14,86.60511111111111,0.0
63,2025-11-21,working,15,87.43877777777777,0.0
63,2025-11-21,working,16,89.59577777777778,0.0
63,2025-11-21,working,17,81.55688888888889,0.0
63,2025-11-21,working,18,76.42388888888888,0.0
63,2025-11-21,working,19,71.43111111111111,0.0
63,2025-11-21,working,20,81.59733333333334,0.0
63,2025-11-21,working,21,108.89399999999999,0.0
63,2025-11-21,working,22,135.15944444444446,0.0
63,2025-11-21,working,23,156.6448888888889,0.0
63,2025-11-21,working,24,201.36488888888888,0.4598888888888889
63,2025-11-21,working,25,216.03733333333335,4.648777777777777
63,2025-11-21,working,26,238.72733333333332,12.529222222222224
63,2025-11-21,working,27,261.0502222222222,25.61977777777778
63,2025-11-21,working,28,260.91422222222224,43.98088888888889
63,2025-11-21,working,29,299.21555555555557,65.24744444444444
63,2025-11-21,working,30,350.1497777777778,84.85022222222223
63,2025-11-21,working,31,440.8381111111111,110.38944444444444
63,2025-11-21,working,32,434.5212222222222,138.74155555555555
63,2025-11-21,working,33,469.89088888888887,160.15466666666666
63,2025-11-21,working,34,455.78077777777776,187.65577777777779
63,2025-11-21,working,35,472.64211111111115,324.77077777777777
63,2025-11-21,working,36,473.9778888888889,239.2162222222222
63,2025-11-21,working,37,476.573,258.93955555555556
63,2025-11-21,working,38,513.4034444444444,358.26644444444446
63,2025-11-21,working,39,523.0687777777778,406.0358888888889
63,2025-11-21,working,40,502.06566666666663,418.96000000000004
63,2025-11-21,working,41,472.55344444444444,439.15833333333336
63,2025-11-21,working,42,467.53544444444447,403.0414444444445
63,2025-11-21,working,43,469.9781111111111,395.6962222222223
63,2025-11-21,working,44,408.53644444444444,372.8252222222222
63,2025-11-21,working,45,412.77733333333333,379.8198888888889
63,2025-11-21,working,46,406.28288888888886,373.6658888888889
63,2025-11-21,working,47,402.314,370.1843333333333
63,2025-11-21,working,48,426.3528888888889,390.5582222222222
63,2025-11-21,working,49,458.00033333333334,415.92288888888885
63,2025-11-21,working,50,444.19244444444445,417.27344444444446
63,2025-11-21,working,51,432.5193333333333,375.8821111111111
63,2025-11-21,working,52,449.56476190476195,424.2642857142857
63,2025-11-21,working,53,452.5508888888889,421.9201111111111
63,2025-11-21,working,54,472.39588888888886,435.32655555555556
63,2025-11-21,working,55,482.5130487804878,420.644756097561
63,2025-11-21,working,56,466.42932584269664,396.10932584269665
63,2025-11-21,working,57,474.7677777777778,363.88233333333335
63,2025-11-21,working,58,475.0644578313253,328.5861445783133
63,2025-11-21,working,59,490.15433333333334,290.9478888888889
63,2025-11-21,working,60,493.2770786516854,247.4993258426966
63,2025-11-21,working,61,482.1970588235294,207.71623529411767
63,2025-11-21,working,62,512.761294117647,165.14164705882354
63,2025-11-21,working,63,495.64500000000004,129.1558888888889
63,2025-11-21,working,64,465.68477777777775,92.94822222222223
63,2025-11-21,working,65,447.1051851851851,60.06135802469136
63,2025-11-21,working,66,416.82688888888885,36.279555555555554
63,2025-11-21,working,67,370.9102222222222,17.508333333333333
63,2025-11-21,working,68,334.95548780487803,5.8724390243902445
63,2025-11-21,working,69,328.7479775280899,0.5796629213483147
63,2025-11-21,working,70,272.13455555555555,0.0007777777777777778
63,2025-11-21,working,71,255.47955555555555,0.0
63,2025-11-21,working,72,249.11634146341464,0.0
63,2025-11-21,working,73,238.85222222222222,0.0
63,2025-11-21,working,74,224.83,0.0
63,2025-11-21,working,75,248.3817857142857,0.0
63,2025-11-21,working,76,234.29229885057472,0.0
63,2025-11-21,working,77,245.96966666666668,0.0
63,2025-11-21,working,78,259.2268888888889,0.0
63,2025-11-21,working,79,240.521625,0.0
63,2025-11-21,working,80,245.13550561797754,0.0
63,2025-11-21,working,81,244.13433333333333,0.0
63,2025-11-21,working,82,241.883875,0.0
63,2025-11-21,working,83,240.43222222222224,0.0
63,2025-11-21,working,84,225.21477777777775,0.0
63,2025-11-21,working,85,187.1221590909091,0.0
63,2025-11-21,working,86,160.31166666666667,0.0
63,2025-11-21,working,87,173.52344444444446,0.0
63,2025-11-21,working,88,165.5526966292135,0.0
63,2025-11-21,working,89,144.010375,0.0
63,2025-11-21,working,90,144.50111111111113,0.0
63,2025-11-21,working,91,132.01255555555556,0.0
63,2025-11-21,working,92,141.54060240963855,0.0
63,2025-11-21,working,93,118.84755555555556,0.0
63,2025-11-21,working,94,119.97044444444444,0.0
63,2025-11-21,working,95,129.6323595505618,0.0
64,2025-11-22,working,0,139.96949999999998,0.0
64,2025-11-22,working,1,142.11544444444445,0.0
64,2025-11-22,working,2,128.1068888888889,0.0
64,2025-11-22,working,3,119.31922222222222,0.0
64,2025-11-22,working,4,114.96655555555556,0.0
64,2025-11-22,working,5,126.80344444444444,0.0
64,2025-11-22,working,6,113.00233333333333,0.0
64,2025-11-22,working,7,123.42066666666668,0.0
64,2025-11-22,working,8,138.7761797752809,0.0
64,2025-11-22,working,9,134.20618421052632,0.0
64,2025-11-22,working,10,135.19055555555556,0.0
64,2025-11-22,working,11,131.96066666666667,0.0
64,2025-11-22,working,12,130.854,0.0
64,2025-11-22,working,13,130.6154430379747,0.0
64,2025-11-22,working,14,125.97455555555554,0.0
64,2025-11-22,working,15,129.86377777777778,0.0
64,2025-11-22,working,16,136.78518518518518,0.0
64,2025-11-22,working,17,125.1184090909091,0.0
64,2025-11-22,working,18,128.82011235955056,0.0
64,2025-11-22,working,19,126.68688888888889,0.0
64,2025-11-22,working,20,131.33012658227847,0.0
64,2025-11-22,working,21,141.37944444444443,0.0
64,2025-11-22,working,22,138.8111111111111,0.0
64,2025-11-22,working,23,176.50155555555554,0.0
64,2025-11-22,working,24,221.95309523809524,0.5879761904761904
64,2025-11-22,working,25,252.18422222222225,4.506444444444444
64,2025-11-22,working,26,298.3904444444444,12.786111111111111
64,2025-11-22,working,27,332.24793103448275,22.098275862068967
64,2025-11-22,working,28,348.1145679012346,36.776419753086415
64,2025-11-22,working,29,350.17266666666666,53.72566666666667
64,2025-11-22,working,30,391.3764444444444,79.67022222222222
64,2025-11-22,working,31,394.67271604938276,105.09197530864198
64,2025-11-22,working,32,453.2114606741573,144.57370786516853
64,2025-11-22,working,33,469.2505555555556,177.1971111111111
64,2025-11-22,working,34,481.9733333333333,190.3367777777778
64,2025-11-22,working,35,447.8058227848102,200.93822784810126
64,2025-11-22,working,36,436.3443820224719,196.838202247191
64,2025-11-22,working,37,449.27157303370785,199.88853932584271
64,2025-11-22,working,38,472.88655555555556,229.14233333333334
64,2025-11-22,working,39,489.3996202531645,242.84417721518986
64,2025-11-22,working,40,522.436179775281,273.44359550561796
64,2025-11-22,working,41,503.9784444444444,327.89233333333334
64,2025-11-22,working,42,501.39746987951804,341.4978313253012
64,2025-11-22,working,43,492.1398863636363,377.6021590909091
64,2025-11-22,working,44,454.3062921348315,376.79977528089887
64,2025-11-22,working,45,442.7096666666667,400.09277777777777
64,2025-11-22,working,46,434.21730769230766,380.070641025641
64,2025-11-22,working,47,451.3545555555556,399.4196666666666
64,2025-11-22,working,48,478.49573033707867,422.6020224719101
64,2025-11-22,working,49,478.43863636363636,400.34386363636366
64,2025-11-22,working,50,483.04813333333334,346.6586666666667
64,2025-11-22,working,51,477.3295555555555,342.0526666666667
64,2025-11-22,working,52,490.9713333333333,323.75922222222226
64,2025-11-22,working,53,465.9206172839506,296.3472839506173
64,2025-11-22,working,54,460.9694318181818,289.1086363636364
64,2025-11-22,working,55,433.0187777777778,343.8107777777778
64,2025-11-22,working,56,489.8313483146067,364.39292134831464
64,2025-11-22,working,57,509.93475,330.276125
64,2025-11-22,working,58,492.933,295.32655555555556
64,2025-11-22,working,59,478.65777777777777,256.70233333333334
64,2025-11-22,working,60,485.5810843373494,229.34349397590358
64,2025-11-22,working,61,482.9623809523809,186.1054761904762
64,2025-11-22,working,62,475.55,150.14066666666668
64,2025-11-22,working,63,476.06488888888885,118.06811111111111
64,2025-11-22,working,64,448.97493506493504,86.1257142857143
64,2025-11-22,working,65,410.75733333333335,59.330222222222226
64,2025-11-22,working,66,377.4988888888889,35.730555555555554
64,2025-11-22,working,67,355.2033333333333,17.377931034482756
64,2025-11-22,working,68,358.51488095238096,5.0286904761904765
64,2025-11-22,working,69,313.88733333333334,0.5364444444444445
64,2025-11-22,working,70,265.29477777777777,0.0
64,2025-11-22,working,71,255.3390243902439,0.0
64,2025-11-22,working,72,219.75932584269665,0.0
64,2025-11-22,working,73,189.6498888888889,0.0
64,2025-11-22,working,74,211.81494252873566,0.0
64,2025-11-22,working,75,207.6366265060241,0.0
64,2025-11-22,working,76,194.5883146067416,0.0
64,2025-11-22,working,77,213.14222222222222,0.0
64,2025-11-22,working,78,202.5209756097561,0.0
64,2025-11-22,working,79,168.03766666666667,0.0
64,2025-11-22,working,80,98.73213483146067,0.0
64,2025-11-22,working,81,87.03157303370787,0.0
64,2025-11-22,working,82,86.71325,0.0
64,2025-11-22,working,83,91.2341111111111,0.0
64,2025-11-22,working,84,100.26966292134831,0.0
64,2025-11-22,working,85,106.08725,0.0
64,2025-11-22,working,86,124.72644444444444,0.0
64,2025-11-22,working,87,122.63522222222223,0.0
64,2025-11-22,working,88,117.661,0.0
64,2025-11-22,working,89,95.39744444444445,0.0
64,2025-11-22,working,90,103.35577777777779,0.0
64,2025-11-22,working,91,110.66522222222223,0.0
64,2025-11-22,working,92,99.20077777777777,0.0
64,2025-11-22,working,93,88.08011111111111,0.0
64,2025-11-22,working,94,85.92433333333332,0.0
64,2025-11-22,working,95,84.39077777777779,0.0
65,2025-11-23,weekend,0,81.196625,0.0
65,2025-11-23,weekend,1,79.98777777777778,0.0
65,2025-11-23,weekend,2,101.04977777777778,0.0
65,2025-11-23,weekend,3,103.51955555555556,0.0
65,2025-11-23,weekend,4,99.462,0.0
65,2025-11-23,weekend,5,97.24866666666665,0.0
65,2025-11-23,weekend,6,105.09466666666667,0.0
65,2025-11-23,weekend,7,104.953,0.0
65,2025-11-23,weekend,8,102.34766666666668,0.0
65,2025-11-23,weekend,9,92.33811111111112,0.0
65,2025-11-23,weekend,10,83.2328888888889,0.0
65,2025-11-23,weekend,11,95.29744444444445,0.0
65,2025-11-23,weekend,12,98.38777777777777,0.0
65,2025-11-23,weekend,13,87.21622222222223,0.0
65,2025-11-23,weekend,14,86.93522222222222,0.0
65,2025-11-23,weekend,15,95.4681111111111,0.0
65,2025-11-23,weekend,16,81.84822222222222,0.0
65,2025-11-23,weekend,17,70.565,0.0
65,2025-11-23,weekend,18,78.7778888888889,0.0
65,2025-11-23,weekend,19,69.52644444444445,0.0
65,2025-11-23,weekend,20,72.48333333333333,0.0
65,2025-11-23,weekend,21,102.63622222222223,0.0
65,2025-11-23,weekend,22,114.57544444444446,0.0
65,2025-11-23,weekend,23,146.43666666666667,0.0
65,2025-11-23,weekend,24,179.70333333333332,0.742
65,2025-11-23,weekend,25,208.83033333333333,4.8277777777777775
65,2025-11-23,weekend,26,237.23066666666665,13.658777777777777
65,2025-11-23,weekend,27,275.94,25.920444444444446
65,2025-11-23,weekend,28,281.427,43.38911111111111
65,2025-11-23,weekend,29,307.7063333333333,66.054
65,2025-11-23,weekend,30,326.6926666666667,83.89766666666667
65,2025-11-23,weekend,31,332.6547777777778,104.69066666666666
65,2025-11-23,weekend,32,310.10122222222225,118.88644444444445
65,2025-11-23,weekend,33,352.5908888888889,135.63677777777778
65,2025-11-23,weekend,34,355.96088888888886,212.08833333333334
65,2025-11-23,weekend,35,359.4862222222222,327.16844444444445
65,2025-11-23,weekend,36,368.08599999999996,331.1587777777778
65,2025-11-23,weekend,37,370.2048888888889,329.84944444444443
65,2025-11-23,weekend,38,378.84055555555557,349.2978888888889
65,2025-11-23,weekend,39,399.41566666666665,368.07144444444447
65,2025-11-23,weekend,40,386.09233333333333,357.0707777777778
65,2025-11-23,weekend,41,369.2693333333333,338.7028888888889
65,2025-11-23,weekend,42,383.09155555555554,355.93544444444444
65,2025-11-23,weekend,43,401.51311111111113,375.77833333333336
65,2025-11-23,weekend,44,395.44244444444445,366.8402222222222
65,2025-11-23,weekend,45,388.02988888888893,356.4347777777778
65,2025-11-23,weekend,46,382.7486666666666,352.8114444444444
65,2025-11-23,weekend,47,362.54955555555557,329.2126666666667
65,2025-11-23,weekend,48,372.78877777777774,339.48366666666664
65,2025-11-23,weekend,49,380.04844444444444,348.36633333333333
65,2025-11-23,weekend,50,374.3321111111111,344.76855555555557
65,2025-11-23,weekend,51,379.16555555555556,349.7366666666667
65,2025-11-23,weekend,52,378.017,343.716
65,2025-11-23,weekend,53,393.01644444444446,337.7837777777778
65,2025-11-23,weekend,54,394.468,314.8092222222222
65,2025-11-23,weekend,55,408.60044444444446,378.5231111111111
65,2025-11-23,weekend,56,402.5868888888889,349.9738888888889
65,2025-11-23,weekend,57,403.2878888888889,324.88944444444445
65,2025-11-23,weekend,58,407.84922222222224,290.69
65,2025-11-23,weekend,59,405.9661111111111,253.31266666666667
65,2025-11-23,weekend,60,412.99300000000005,222.15055555555554
65,2025-11-23,weekend,61,424.73466666666667,184.90488888888888
65,2025-11-23,weekend,62,418.35355555555554,145.5388888888889
65,2025-11-23,weekend,63,406.13166666666666,111.77544444444446
65,2025-11-23,weekend,64,388.29100000000005,81.18955555555556
65,2025-11-23,weekend,65,362.25955555555555,54.434666666666665
65,2025-11-23,weekend,66,350.5254444444445,32.49988888888889
65,2025-11-23,weekend,67,343.01533333333333,16.028222222222222
65,2025-11-23,weekend,68,307.10766666666666,5.179888888888889
65,2025-11-23,weekend,69,317.9728888888889,0.5238888888888888
65,2025-11-23,weekend,70,318.736,0.0
65,2025-11-23,weekend,71,293.39377777777776,0.0
65,2025-11-23,weekend,72,278.19155555555557,0.0
65,2025-11-23,weekend,73,265.5903333333333,0.0
65,2025-11-23,weekend,74,163.82011111111112,0.0
65,2025-11-23,weekend,75,169.3191111111111,0.0
65,2025-11-23,weekend,76,168.91677777777778,0.0
65,2025-11-23,weekend,77,161.81366666666665,0.0
65,2025-11-23,weekend,78,130.2761111111111,0.0
65,2025-11-23,weekend,79,142.632,0.0
65,2025-11-23,weekend,80,132.00077777777778,0.0
65,2025-11-23,weekend,81,142.46033333333332,0.0
65,2025-11-23,weekend,82,143.07933333333332,0.0
65,2025-11-23,weekend,83,142.94511111111112,0.0
65,2025-11-23,weekend,84,126.76077777777778,0.0
65,2025-11-23,weekend,85,112.05644444444444,0.0
65,2025-11-23,weekend,86,126.53044444444444,0.0
65,2025-11-23,weekend,87,125.57355555555556,0.0
65,2025-11-23,weekend,88,141.1139534883721,0.0
65,2025-11-23,weekend,89,151.66929411764704,0.0
65,2025-11-23,weekend,90,147.83069767441862,0.0
65,2025-11-23,weekend,91,158.86176470588236,0.0
65,2025-11-23,weekend,92,115.5169411764706,0.0
65,2025-11-23,weekend,93,110.52176470588236,0.0
65,2025-11-23,weekend,94,103.73518987341772,0.0
65,2025-11-23,weekend,95,110.49862499999999,0.0
66,2025-12-31,working,0,0.0,0.0
66,2025-12-31,working,1,0.0,0.0
66,2025-12-31,working,2,0.0,0.0
66,2025-12-31,working,3,0.0,0.0
66,2025-12-31,working,4,0.0,0.0
66,2025-12-31,working,5,0.0,0.0
66,2025-12-31,working,6,0.0,0.0
66,2025-12-31,working,7,0.0,0.0
66,2025-12-31,working,8,0.0,0.0
66,2025-12-31,working,9,0.0,0.0
66,2025-12-31,working,10,0.0,0.0
66,2025-12-31,working,11,0.0,0.0
66,2025-12-31,working,12,0.0,0.0
66,2025-12-31,working,13,0.0,0.0
66,2025-12-31,working,14,0.0,0.0
66,2025-12-31,working,15,0.0,0.0
66,2025-12-31,working,16,0.0,0.0
66,2025-12-31,working,17,0.0,0.0
66,2025-12-31,working,18,0.0,0.0
66,2025-12-31,working,19,0.0,0.0
66,2025-12-31,working,20,0.0,0.0
66,2025-12-31,working,21,0.0,0.0
66,2025-12-31,working,22,0.0,0.0
66,2025-12-31,working,23,0.0,0.0
66,2025-12-31,working,24,0.0,0.0
66,2025-12-31,working,25,0.0,0.10255555555555557
66,2025-12-31,working,26,0.0,1.238888888888889
66,2025-12-31,working,27,0.0,9.691888888888888
66,2025-12-31,working,28,0.0,12.570666666666666
66,2025-12-31,working,29,0.0,12.864
66,2025-12-31,working,30,0.0,18.560111111111112
66,2025-12-31,working,31,0.0,23.782444444444444
66,2025-12-31,working,32,0.0,24.41277777777778
66,2025-12-31,working,33,0.0,25.32088888888889
66,2025-12-31,working,34,0.0,25.672666666666665
66,2025-12-31,working,35,0.0,27.049444444444447
66,2025-12-31,working,36,0.0,26.433000000000003
66,2025-12-31,working,37,0.0,25.704666666666668
66,2025-12-31,working,38,0.0,25.31655555555556
66,2025-12-31,working,39,0.0,27.640666666666664
66,2025-12-31,working,40,0.0,20.672333333333334
66,2025-12-31,working,41,0.0,26.395666666666667
66,2025-12-31,working,42,0.0,25.707
66,2025-12-31,working,43,0.0,25.711111111111112
66,2025-12-31,working,44,0.0,25.53211111111111
66,2025-12-31,working,45,0.0,24.75411111111111
66,2025-12-31,working,46,0.0,24.335444444444445
66,2025-12-31,working,47,0.0,23.009777777777778
66,2025-12-31,working,48,0.0,18.415222222222223
66,2025-12-31,working,49,0.0,17.577
66,2025-12-31,working,50,0.0,23.107333333333333
66,2025-12-31,working,51,0.0,23.92222222222222
66,2025-12-31,working,52,0.0,24.770666666666667
66,2025-12-31,working,53,0.0,26.210444444444445
66,2025-12-31,working,54,0.0,29.634444444444444
66,2025-12-31,working,55,0.0,30.187555555555555
66,2025-12-31,working,56,0.0,29.43455555555556
66,2025-12-31,working,57,0.0,24.51655555555556
66,2025-12-31,working,58,0.0,29.87388888888889
66,2025-12-31,working,59,0.0,25.475666666666665
66,2025-12-31,working,60,0.0,25.779222222222224
66,2025-12-31,working,61,0.0,26.93122222222222
66,2025-12-31,working,62,0.0,27.90377777777778
66,2025-12-31,working,63,0.0,28.32911111111111
66,2025-12-31,working,64,0.0,29.34911111111111
66,2025-12-31,working,65,0.0,29.096777777777778
66,2025-12-31,working,66,0.0,22.541136363636365
66,2025-12-31,working,67,0.0,18.541777777777778
66,2025-12-31,working,68,0.0,11.53111111111111
66,2025-12-31,working,69,0.0,2.08
66,2025-12-31,working,70,0.0,0.07224719101123595
66,2025-12-31,working,71,0.0,0.0
66,2025-12-31,working,72,0.0,0.0
66,2025-12-31,working,73,0.0,0.0
66,2025-12-31,working,74,0.0,0.0
66,2025-12-31,working,75,0.0,0.0
66,2025-12-31,working,76,0.0,0.0
66,2025-12-31,working,77,0.0,0.0
66,2025-12-31,working,78,0.0,0.0
66,2025-12-31,working,79,0.0,0.0
66,2025-12-31,working,80,0.0,0.0
66,2025-12-31,working,81,0.0,0.0
66,2025-12-31,working,82,0.0,0.0
66,2025-12-31,working,83,0.0,0.0
66,2025-12-31,working,84,0.0,0.0
66,2025-12-31,working,85,0.0,0.0
66,2025-12-31,working,86,0.0,0.0
66,2025-12-31,working,87,0.0,0.0
66,2025-12-31,working,88,0.0,0.0
66,2025-12-31,working,89,0.0,0.0
66,2025-12-31,working,90,0.0,0.0
66,2025-12-31,working,91,0.0,0.0
66,2025-12-31,working,92,0.0,0.0
66,2025-12-31,working,93,0.0,0.0
66,2025-12-31,working,94,0.0,0.0
66,2025-12-31,working,95,0.0,0.0
67,2026-02-08,weekend,0,0.0,0.0
67,2026-02-08,weekend,1,0.0,0.0
67,2026-02-08,weekend,2,0.0,0.0
67,2026-02-08,weekend,3,0.0,0.0
67,2026-02-08,weekend,4,0.0,0.0
67,2026-02-08,weekend,5,0.0,0.0
67,2026-02-08,weekend,6,0.0,0.0
67,2026-02-08,weekend,7,0.0,0.0
67,2026-02-08,weekend,8,0.0,0.0
67,2026-02-08,weekend,9,0.0,0.0
67,2026-02-08,weekend,10,0.0,0.0
67,2026-02-08,weekend,11,0.0,0.0
67,2026-02-08,weekend,12,0.0,0.0
67,2026-02-08,weekend,13,0.0,0.0
67,2026-02-08,weekend,14,0.0,0.0
67,2026-02-08,weekend,15,0.0,0.0
67,2026-02-08,weekend,16,0.0,0.0
67,2026-02-08,weekend,17,0.0,0.0
67,2026-02-08,weekend,18,0.0,0.0
67,2026-02-08,weekend,19,0.0,0.0
67,2026-02-08,weekend,20,0.0,0.0
67,2026-02-08,weekend,21,0.0,0.0
67,2026-02-08,weekend,22,0.0,0.0
67,2026-02-08,weekend,23,0.0,0.0
67,2026-02-08,weekend,24,0.0,0.0
67,2026-02-08,weekend,25,0.0,0.0
67,2026-02-08,weekend,26,0.0,0.04931034482758621
67,2026-02-08,weekend,27,0.0,1.2355555555555555
67,2026-02-08,weekend,28,0.0,2.1288888888888886
67,2026-02-08,weekend,29,0.0,4.839666666666667
67,2026-02-08,weekend,30,0.0,5.344651162790697
67,2026-02-08,weekend,31,0.0,3.688888888888889
67,2026-02-08,weekend,32,0.0,7.320222222222223
67,2026-02-08,weekend,33,0.0,8.871222222222222
67,2026-02-08,weekend,34,0.0,3.1275
67,2026-02-08,weekend,35,0.0,7.84
67,2026-02-08,weekend,36,0.0,12.41388888888889
67,2026-02-08,weekend,37,0.0,11.105777777777778
67,2026-02-08,weekend,38,0.0,14.818965517241379
67,2026-02-08,weekend,39,0.0,14.412555555555556
67,2026-02-08,weekend,40,0.0,16.261111111111113
67,2026-02-08,weekend,41,0.0,15.610666666666667
67,2026-02-08,weekend,42,0.0,23.341190476190476
67,2026-02-08,weekend,43,0.0,29.61711111111111
67,2026-02-08,weekend,44,0.0,24.452444444444442
67,2026-02-08,weekend,45,0.0,23.541666666666668
67,2026-02-08,weekend,46,0.0,21.71193181818182
67,2026-02-08,weekend,47,0.0,17.45133333333333
67,2026-02-08,weekend,48,0.0,19.394111111111112
67,2026-02-08,weekend,49,0.0,19.48622222222222
67,2026-02-08,weekend,50,0.0,21.670232558139535
67,2026-02-08,weekend,51,0.0,28.685555555555553
67,2026-02-08,weekend,52,0.0,24.80355555555556
67,2026-02-08,weekend,53,0.0,31.793444444444443
67,2026-02-08,weekend,54,0.0,29.066222222222223
67,2026-02-08,weekend,55,0.0,29.716162790697677
67,2026-02-08,weekend,56,0.0,21.721111111111114
67,2026-02-08,weekend,57,0.0,19.94922222222222
67,2026-02-08,weekend,58,0.0,20.771
67,2026-02-08,weekend,59,0.0,25.14340909090909
67,2026-02-08,weekend,60,0.0,23.34477777777778
67,2026-02-08,weekend,61,0.0,15.269777777777778
67,2026-02-08,weekend,62,0.0,14.656333333333333
67,2026-02-08,weekend,63,0.0,14.177272727272726
67,2026-02-08,weekend,64,0.0,11.756444444444444
67,2026-02-08,weekend,65,0.0,9.407222222222222
67,2026-02-08,weekend,66,0.0,8.06011111111111
67,2026-02-08,weekend,67,0.0,3.5473255813953486
67,2026-02-08,weekend,68,0.0,3.3741111111111115
67,2026-02-08,weekend,69,0.0,1.841888888888889
67,2026-02-08,weekend,70,0.0,0.36
67,2026-02-08,weekend,71,0.0,0.0
67,2026-02-08,weekend,72,0.0,0.0
67,2026-02-08,weekend,73,0.0,0.0
67,2026-02-08,weekend,74,0.0,0.0
67,2026-02-08,weekend,75,0.0,0.0
67,2026-02-08,weekend,76,0.0,0.0
67,2026-02-08,weekend,77,0.0,0.0
67,2026-02-08,weekend,78,0.0,0.0
67,2026-02-08,weekend,79,0.0,0.0
67,2026-02-08,weekend,80,0.0,0.0
67,2026-02-08,weekend,81,0.0,0.0
67,2026-02-08,weekend,82,0.0,0.0
67,2026-02-08,weekend,83,0.0,0.0
67,2026-02-08,weekend,84,0.0,0.0
67,2026-02-08,weekend,85,0.0,0.0
67,2026-02-08,weekend,86,0.0,0.0
67,2026-02-08,weekend,87,0.0,0.0
67,2026-02-08,weekend,88,0.0,0.0
67,2026-02-08,weekend,89,0.0,0.0
67,2026-02-08,weekend,90,0.0,0.0
67,2026-02-08,weekend,91,0.0,0.0
67,2026-02-08,weekend,92,0.0,0.0
67,2026-02-08,weekend,93,0.0,0.0
67,2026-02-08,weekend,94,0.0,0.0
67,2026-02-08,weekend,95,0.0,0.0
68,2026-02-15,weekend,0,0.0,0.0
68,2026-02-15,weekend,1,0.0,0.0
68,2026-02-15,weekend,2,0.0,0.0
68,2026-02-15,weekend,3,0.0,0.0
68,2026-02-15,weekend,4,0.0,0.0
68,2026-02-15,weekend,5,0.0,0.0
68,2026-02-15,weekend,6,0.0,0.0
68,2026-02-15,weekend,7,0.0,0.0
68,2026-02-15,weekend,8,0.0,0.0
68,2026-02-15,weekend,9,0.0,0.0
68,2026-02-15,weekend,10,0.0,0.0
68,2026-02-15,weekend,11,0.0,0.0
68,2026-02-15,weekend,12,0.0,0.0
68,2026-02-15,weekend,13,0.0,0.0
68,2026-02-15,weekend,14,0.0,0.0
68,2026-02-15,weekend,15,0.0,0.0
68,2026-02-15,weekend,16,0.0,0.0
68,2026-02-15,weekend,17,0.0,0.0
68,2026-02-15,weekend,18,0.0,0.0
68,2026-02-15,weekend,19,0.0,0.0
68,2026-02-15,weekend,20,0.0,0.0
68,2026-02-15,weekend,21,0.0,0.0
68,2026-02-15,weekend,22,0.0,0.0
68,2026-02-15,weekend,23,0.0,0.0
68,2026-02-15,weekend,24,0.0,0.0
68,2026-02-15,weekend,25,0.0,0.8476666666666668
68,2026-02-15,weekend,26,0.0,5.731333333333334
68,2026-02-15,weekend,27,0.0,10.162666666666667
68,2026-02-15,weekend,28,0.0,10.077111111111112
68,2026-02-15,weekend,29,0.0,9.960116279069767
68,2026-02-15,weekend,30,0.0,10.469000000000001
68,2026-02-15,weekend,31,0.0,9.729777777777779
68,2026-02-15,weekend,32,0.0,13.722333333333333
68,2026-02-15,weekend,33,0.0,12.734823529411765
68,2026-02-15,weekend,34,0.0,11.708111111111112
68,2026-02-15,weekend,35,0.0,10.477555555555556
68,2026-02-15,weekend,36,0.0,10.635555555555555
68,2026-02-15,weekend,37,0.0,11.263604651162792
68,2026-02-15,weekend,38,0.0,11.148333333333333
68,2026-02-15,weekend,39,0.0,11.441444444444445
68,2026-02-15,weekend,40,0.0,10.43377777777778
68,2026-02-15,weekend,41,0.0,13.805925925925926
68,2026-02-15,weekend,42,0.0,12.008666666666667
68,2026-02-15,weekend,43,0.0,13.141222222222222
68,2026-02-15,weekend,44,0.0,13.20988888888889
68,2026-02-15,weekend,45,0.0,11.853953488372094
68,2026-02-15,weekend,46,0.0,10.955444444444444
68,2026-02-15,weekend,47,0.0,9.80488888888889
68,2026-02-15,weekend,48,0.0,11.445730337078652
68,2026-02-15,weekend,49,0.0,9.733953488372093
68,2026-02-15,weekend,50,0.0,10.559444444444445
68,2026-02-15,weekend,51,0.0,9.72888888888889
68,2026-02-15,weekend,52,0.0,11.518777777777778
68,2026-02-15,weekend,53,0.0,12.818072289156628
68,2026-02-15,weekend,54,0.0,12.76088888888889
68,2026-02-15,weekend,55,0.0,13.633888888888889
68,2026-02-15,weekend,56,0.0,10.385666666666667
68,2026-02-15,weekend,57,0.0,11.273720930232559
68,2026-02-15,weekend,58,0.0,11.632777777777779
68,2026-02-15,weekend,59,0.0,10.596
68,2026-02-15,weekend,60,0.0,10.637666666666666
68,2026-02-15,weekend,61,0.0,10.544767441860465
68,2026-02-15,weekend,62,0.0,10.961555555555556
68,2026-02-15,weekend,63,0.0,10.724111111111112
68,2026-02-15,weekend,64,0.0,11.691888888888888
68,2026-02-15,weekend,65,0.0,10.590240963855422
68,2026-02-15,weekend,66,0.0,12.151222222222223
68,2026-02-15,weekend,67,0.0,10.491111111111111
68,2026-02-15,weekend,68,0.0,11.006222222222222
68,2026-02-15,weekend,69,0.0,10.48
68,2026-02-15,weekend,70,0.0,9.300574712643678
68,2026-02-15,weekend,71,0.0,2.736666666666667
68,2026-02-15,weekend,72,0.0,0.10388888888888889
68,2026-02-15,weekend,73,0.0,0.0
68,2026-02-15,weekend,74,0.0,0.0
68,2026-02-15,weekend,75,0.0,0.0
68,2026-02-15,weekend,76,0.0,0.0
68,2026-02-15,weekend,77,0.0,0.0
68,2026-02-15,weekend,78,0.0,0.0
68,2026-02-15,weekend,79,0.0,0.0
68,2026-02-15,weekend,80,0.0,0.0
68,2026-02-15,weekend,81,0.0,0.0
68,2026-02-15,weekend,82,0.0,0.0
68,2026-02-15,weekend,83,0.0,0.0
68,2026-02-15,weekend,84,0.0,0.0
68,2026-02-15,weekend,85,0.0,0.0
68,2026-02-15,weekend,86,0.0,0.0
68,2026-02-15,weekend,87,0.0,0.0
68,2026-02-15,weekend,88,0.0,0.0
68,2026-02-15,weekend,89,0.0,0.0
68,2026-02-15,weekend,90,0.0,0.0
68,2026-02-15,weekend,91,0.0,0.0
68,2026-02-15,weekend,92,0.0,0.0
68,2026-02-15,weekend,93,0.0,0.0
68,2026-02-15,weekend,94,0.0,0.0
68,2026-02-15,weekend,95,0.0,0.0
69,2026-02-16,working,0,0.0,0.0
69,2026-02-16,working,1,0.0,0.0
69,2026-02-16,working,2,0.0,0.0
69,2026-02-16,working,3,0.0,0.0
69,2026-02-16,working,4,0.0,0.0
69,2026-02-16,working,5,0.0,0.0
69,2026-02-16,working,6,0.0,0.0
69,2026-02-16,working,7,0.0,0.0
69,2026-02-16,working,8,0.0,0.0
69,2026-02-16,working,9,0.0,0.0
69,2026-02-16,working,10,0.0,0.0
69,2026-02-16,working,11,0.0,0.0
69,2026-02-16,working,12,0.0,0.0
69,2026-02-16,working,13,0.0,0.0
69,2026-02-16,working,14,0.0,0.0
69,2026-02-16,working,15,0.0,0.0
69,2026-02-16,working,16,0.0,0.0
69,2026-02-16,working,17,0.0,0.0
69,2026-02-16,working,18,0.0,0.0
69,2026-02-16,working,19,0.0,0.0
69,2026-02-16,working,20,0.0,0.0
69,2026-02-16,working,21,0.0,0.0
69,2026-02-16,working,22,0.0,0.0
69,2026-02-16,working,23,0.0,0.0
69,2026-02-16,working,24,0.0,0.0
69,2026-02-16,working,25,0.0,0.9964444444444444
69,2026-02-16,working,26,0.0,7.023666666666666
69,2026-02-16,working,27,0.0,12.264777777777777
69,2026-02-16,working,28,0.0,12.576777777777778
69,2026-02-16,working,29,0.0,11.049333333333333
69,2026-02-16,working,30,0.0,11.722
69,2026-02-16,working,31,0.0,11.099638554216867
69,2026-02-16,working,32,0.0,11.677777777777777
69,2026-02-16,working,33,0.0,11.212777777777777
69,2026-02-16,working,34,0.0,13.135000000000002
69,2026-02-16,working,35,0.0,11.989418604651162
69,2026-02-16,working,36,0.0,12.153222222222222
69,2026-02-16,working,37,0.0,10.818222222222222
69,2026-02-16,working,38,0.0,10.506444444444444
69,2026-02-16,working,39,0.0,11.39588888888889
69,2026-02-16,working,40,0.0,11.254352941176471
69,2026-02-16,working,41,0.0,11.928222222222221
69,2026-02-16,working,42,0.0,12.006
69,2026-02-16,working,43,0.0,12.006629213483144
69,2026-02-16,working,44,0.0,12.178048780487805
69,2026-02-16,working,45,0.0,12.808111111111112
69,2026-02-16,working,46,0.0,13.748333333333333
69,2026-02-16,working,47,0.0,12.323666666666668
69,2026-02-16,working,48,0.0,12.692530120481928
69,2026-02-16,working,49,0.0,10.505222222222223
69,2026-02-16,working,50,0.0,12.481444444444444
69,2026-02-16,working,51,0.0,10.819888888888888
69,2026-02-16,working,52,0.0,11.491294117647058
69,2026-02-16,working,53,0.0,10.974
69,2026-02-16,working,54,0.0,12.482666666666667
69,2026-02-16,working,55,0.0,12.157777777777778
69,2026-02-16,working,56,0.0,12.794285714285715
69,2026-02-16,working,57,0.0,11.026777777777777
69,2026-02-16,working,58,0.0,11.667666666666666
69,2026-02-16,working,59,0.0,10.715333333333334
69,2026-02-16,working,60,0.0,11.73929411764706
69,2026-02-16,working,61,0.0,11.261777777777777
69,2026-02-16,working,62,0.0,11.73711111111111
69,2026-02-16,working,63,0.0,11.775
69,2026-02-16,working,64,0.0,11.939425287356322
69,2026-02-16,working,65,0.0,11.695555555555554
69,2026-02-16,working,66,0.0,12.864222222222223
69,2026-02-16,working,67,0.0,11.254777777777777
69,2026-02-16,working,68,0.0,11.621627906976745
69,2026-02-16,working,69,0.0,10.506555555555556
69,2026-02-16,working,70,0.0,10.961222222222222
69,2026-02-16,working,71,0.0,3.182222222222222
69,2026-02-16,working,72,0.0,0.17894117647058824
69,2026-02-16,working,73,0.0,0.0
69,2026-02-16,working,74,0.0,0.0
69,2026-02-16,working,75,0.0,0.0
69,2026-02-16,working,76,0.0,0.0
69,2026-02-16,working,77,0.0,0.0
69,2026-02-16,working,78,0.0,0.0
69,2026-02-16,working,79,0.0,0.0
69,2026-02-16,working,80,0.0,0.0
69,2026-02-16,working,81,0.0,0.0
69,2026-02-16,working,82,0.0,0.0
69,2026-02-16,working,83,0.0,0.0
69,2026-02-16,working,84,0.0,0.0
69,2026-02-16,working,85,0.0,0.0
69,2026-02-16,working,86,0.0,0.0
69,2026-02-16,working,87,0.0,0.0
69,2026-02-16,working,88,0.0,0.0
69,2026-02-16,working,89,0.0,0.0
69,2026-02-16,working,90,0.0,0.0
69,2026-02-16,working,91,0.0,0.0
69,2026-02-16,working,92,0.0,0.0
69,2026-02-16,working,93,0.0,0.0
69,2026-02-16,working,94,0.0,0.0
69,2026-02-16,working,95,0.0,0.0
70,2026-02-17,working,0,0.0,0.0
70,2026-02-17,working,1,0.0,0.0
70,2026-02-17,working,2,0.0,0.0
70,2026-02-17,working,3,0.0,0.0
70,2026-02-17,working,4,0.0,0.0
70,2026-02-17,working,5,0.0,0.0
70,2026-02-17,working,6,0.0,0.0
70,2026-02-17,working,7,0.0,0.0
70,2026-02-17,working,8,0.0,0.0
70,2026-02-17,working,9,0.0,0.0
70,2026-02-17,working,10,0.0,0.0
70,2026-02-17,working,11,0.0,0.0
70,2026-02-17,working,12,0.0,0.0
70,2026-02-17,working,13,0.0,0.0
70,2026-02-17,working,14,0.0,0.0
70,2026-02-17,working,15,0.0,0.0
70,2026-02-17,working,16,0.0,0.0
70,2026-02-17,working,17,0.0,0.0
70,2026-02-17,working,18,0.0,0.0
70,2026-02-17,working,19,0.0,0.0
70,2026-02-17,working,20,0.0,0.0
70,2026-02-17,working,21,0.0,0.0
70,2026-02-17,working,22,0.0,0.0
70,2026-02-17,working,23,0.0,0.0
70,2026-02-17,working,24,0.0,0.0
70,2026-02-17,working,25,0.0,0.16906976744186045
70,2026-02-17,working,26,0.0,2.804864864864865
70,2026-02-17,working,27,0.0,6.157792207792207
70,2026-02-17,working,28,0.0,9.92144578313253
70,2026-02-17,working,29,0.0,12.249753086419753
70,2026-02-17,working,30,0.0,11.724810126582279
70,2026-02-17,working,31,0.0,11.941515151515151
70,2026-02-17,working,32,0.0,11.36378048780488
70,2026-02-17,working,33,0.0,10.489268292682928
70,2026-02-17,working,34,0.0,11.176219512195123
70,2026-02-17,working,35,0.0,11.243857142857143
70,2026-02-17,working,36,0.0,11.494216867469879
70,2026-02-17,working,37,0.0,12.146410256410256
70,2026-02-17,working,38,0.0,13.549036144578313
70,2026-02-17,working,39,0.0,10.179411764705883
70,2026-02-17,working,40,0.0,10.497464788732396
70,2026-02-17,working,41,0.0,10.602058823529413
70,2026-02-17,working,42,0.0,10.49974025974026
70,2026-02-17,working,43,0.0,12.213333333333333
70,2026-02-17,working,44,0.0,12.75
70,2026-02-17,working,45,0.0,12.721875
70,2026-02-17,working,46,0.0,12.288484848484847
70,2026-02-17,working,47,0.0,13.351384615384616
70,2026-02-17,working,48,0.0,12.671641791044776
70,2026-02-17,working,49,0.0,13.11030303030303
70,2026-02-17,working,50,0.0,11.4
70,2026-02-17,working,51,0.0,13.014307692307693
70,2026-02-17,working,52,0.0,12.415352112676057
70,2026-02-17,working,53,0.0,11.994177215189874
70,2026-02-17,working,54,0.0,11.373384615384616
70,2026-02-17,working,55,0.0,10.94523076923077
70,2026-02-17,working,56,0.0,11.354
70,2026-02-17,working,57,0.0,10.499545454545455
70,2026-02-17,working,58,0.0,11.60560606060606
70,2026-02-17,working,59,0.0,11.994776119402985
70,2026-02-17,working,60,0.0,12.628358208955225
70,2026-02-17,working,61,0.0,11.99927536231884
70,2026-02-17,working,62,0.0,12.11968253968254
70,2026-02-17,working,63,0.0,11.241492537313434
70,2026-02-17,working,64,0.0,11.732105263157894
70,2026-02-17,working,65,0.0,11.256351351351352
70,2026-02-17,working,66,0.0,11.761449275362319
70,2026-02-17,working,67,0.0,11.30409090909091
70,2026-02-17,working,68,0.0,12.314615384615385
70,2026-02-17,working,69,0.0,10.73703125
70,2026-02-17,working,70,0.0,8.995806451612903
70,2026-02-17,working,71,0.0,1.92796875
70,2026-02-17,working,72,0.0,0.04045454545454545
70,2026-02-17,working,73,0.0,0.0
70,2026-02-17,working,74,0.0,0.0
70,2026-02-17,working,75,0.0,0.0
70,2026-02-17,working,76,0.0,0.0
70,2026-02-17,working,77,0.0,0.0
70,2026-02-17,working,78,0.0,0.0
70,2026-02-17,working,79,0.0,0.0
70,2026-02-17,working,80,0.0,0.0
70,2026-02-17,working,81,0.0,0.0
70,2026-02-17,working,82,0.0,0.0
70,2026-02-17,working,83,0.0,0.0
70,2026-02-17,working,84,0.0,0.0
70,2026-02-17,working,85,0.0,0.0
70,2026-02-17,working,86,0.0,0.0
70,2026-02-17,working,87,0.0,0.0
70,2026-02-17,working,88,0.0,0.0
70,2026-02-17,working,89,0.0,0.0
70,2026-02-17,working,90,0.0,0.0
70,2026-02-17,working,91,0.0,0.0
70,2026-02-17,working,92,0.0,0.0
70,2026-02-17,working,93,0.0,0.0
70,2026-02-17,working,94,0.0,0.0
70,2026-02-17,working,95,0.0,0.0
71,2026-02-18,working,0,0.0,0.0
71,2026-02-18,working,1,0.0,0.0
71,2026-02-18,working,2,0.0,0.0
71,2026-02-18,working,3,0.0,0.0
71,2026-02-18,working,4,0.0,0.0
71,2026-02-18,working,5,0.0,0.0
71,2026-02-18,working,6,0.0,0.0
71,2026-02-18,working,7,0.0,0.0
71,2026-02-18,working,8,0.0,0.0
71,2026-02-18,working,9,0.0,0.0
71,2026-02-18,working,10,0.0,0.0
71,2026-02-18,working,11,0.0,0.0
71,2026-02-18,working,12,0.0,0.0
71,2026-02-18,working,13,0.0,0.0
71,2026-02-18,working,14,0.0,0.0
71,2026-02-18,working,15,0.0,0.0
71,2026-02-18,working,16,0.0,0.0
71,2026-02-18,working,17,0.0,0.0
71,2026-02-18,working,18,0.0,0.0
71,2026-02-18,working,19,0.0,0.0
71,2026-02-18,working,20,0.0,0.0
71,2026-02-18,working,21,0.0,0.0
71,2026-02-18,working,22,0.0,0.0
71,2026-02-18,working,23,0.0,0.0
71,2026-02-18,working,24,0.0,0.0
71,2026-02-18,working,25,0.0,0.0007777777777777778
71,2026-02-18,working,26,0.0,0.6721111111111111
71,2026-02-18,working,27,0.0,2.206888888888889
71,2026-02-18,working,28,0.0,3.563111111111111
71,2026-02-18,working,29,0.0,6.533888888888888
71,2026-02-18,working,30,0.0,14.49488888888889
71,2026-02-18,working,31,0.0,15.999111111111112
71,2026-02-18,working,32,0.0,15.773
71,2026-02-18,working,33,0.0,16.874666666666666
71,2026-02-18,working,34,0.0,16.527333333333335
71,2026-02-18,working,35,0.0,16.926
71,2026-02-18,working,36,0.0,17.015555555555558
71,2026-02-18,working,37,0.0,17.280333333333335
71,2026-02-18,working,38,0.0,15.565777777777779
71,2026-02-18,working,39,0.0,15.028222222222222
71,2026-02-18,working,40,0.0,16.887
71,2026-02-18,working,41,0.0,17.281333333333333
71,2026-02-18,working,42,0.0,17.276333333333334
71,2026-02-18,working,43,0.0,16.824444444444445
71,2026-02-18,working,44,0.0,17.279444444444444
71,2026-02-18,working,45,0.0,18.30166666666667
71,2026-02-18,working,46,0.0,18.02788888888889
71,2026-02-18,working,47,0.0,18.026777777777777
71,2026-02-18,working,48,0.0,16.175
71,2026-02-18,working,49,0.0,15.773777777777777
71,2026-02-18,working,50,0.0,16.182045454545456
71,2026-02-18,working,51,0.0,15.770888888888887
71,2026-02-18,working,52,0.0,14.885777777777777
71,2026-02-18,working,53,0.0,15.412666666666665
71,2026-02-18,working,54,0.0,15.029431818181818
71,2026-02-18,working,55,0.0,15.392999999999999
71,2026-02-18,working,56,0.0,16.461333333333332
71,2026-02-18,working,57,0.0,16.528111111111112
71,2026-02-18,working,58,0.0,16.464772727272727
71,2026-02-18,working,59,0.0,13.536111111111111
71,2026-02-18,working,60,0.0,9.932777777777776
71,2026-02-18,working,61,0.0,15.042777777777777
71,2026-02-18,working,62,0.0,15.028045977011494
71,2026-02-18,working,63,0.0,15.538111111111112
71,2026-02-18,working,64,0.0,14.425666666666666
71,2026-02-18,working,65,0.0,15.13888888888889
71,2026-02-18,working,66,0.0,16.271123595505617
71,2026-02-18,working,67,0.0,14.508888888888889
71,2026-02-18,working,68,0.0,9.077
71,2026-02-18,working,69,0.0,4.2331111111111115
71,2026-02-18,working,70,0.0,1.7802247191011236
71,2026-02-18,working,71,0.0,0.1607777777777778
71,2026-02-18,working,72,0.0,0.0
71,2026-02-18,working,73,0.0,0.0
71,2026-02-18,working,74,0.0,0.0
71,2026-02-18,working,75,0.0,0.0
71,2026-02-18,working,76,0.0,0.0
71,2026-02-18,working,77,0.0,0.0
71,2026-02-18,working,78,0.0,0.0
71,2026-02-18,working,79,0.0,0.0
71,2026-02-18,working,80,0.0,0.0
71,2026-02-18,working,81,0.0,0.0
71,2026-02-18,working,82,0.0,0.0
71,2026-02-18,working,83,0.0,0.0
71,2026-02-18,working,84,0.0,0.0
71,2026-02-18,working,85,0.0,0.0
71,2026-02-18,working,86,0.0,0.0
71,2026-02-18,working,87,0.0,0.0
71,2026-02-18,working,88,0.0,0.0
71,2026-02-18,working,89,0.0,0.0
71,2026-02-18,working,90,0.0,0.0
71,2026-02-18,working,91,0.0,0.0
71,2026-02-18,working,92,0.0,0.0
71,2026-02-18,working,93,0.0,0.0
71,2026-02-18,working,94,0.0,0.0
71,2026-02-18,working,95,0.0,0.0
72,2026-02-19,working,0,0.0,0.0
72,2026-02-19,working,1,0.0,0.0
72,2026-02-19,working,2,0.0,0.0
72,2026-02-19,working,3,0.0,0.0
72,2026-02-19,working,4,0.0,0.0
72,2026-02-19,working,5,0.0,0.0
72,2026-02-19,working,6,0.0,0.0
72,2026-02-19,working,7,0.0,0.0
72,2026-02-19,working,8,0.0,0.0
72,2026-02-19,working,9,0.0,0.0
72,2026-02-19,working,10,0.0,0.0
72,2026-02-19,working,11,0.0,0.0
72,2026-02-19,working,12,0.0,0.0
72,2026-02-19,working,13,0.0,0.0
72,2026-02-19,working,14,0.0,0.0
72,2026-02-19,working,15,0.0,0.0
72,2026-02-19,working,16,0.0,0.0
72,2026-02-19,working,17,0.0,0.0
72,2026-02-19,working,18,0.0,0.0
72,2026-02-19,working,19,0.0,0.0
72,2026-02-19,working,20,0.0,0.0
72,2026-02-19,working,21,0.0,0.0
72,2026-02-19,working,22,0.0,0.0
72,2026-02-19,working,23,0.0,0.0
72,2026-02-19,working,24,0.0,0.0
72,2026-02-19,working,25,0.0,0.07766666666666668
72,2026-02-19,working,26,0.0,1.512
72,2026-02-19,working,27,0.0,5.625111111111111
72,2026-02-19,working,28,0.0,12.174444444444445
72,2026-02-19,working,29,0.0,14.82179775280899
72,2026-02-19,working,30,0.0,14.606666666666666
72,2026-02-19,working,31,0.0,11.952777777777778
72,2026-02-19,working,32,0.0,12.489999999999998
72,2026-02-19,working,33,0.0,15.750705882352941
72,2026-02-19,working,34,0.0,15.753522727272726
72,2026-02-19,working,35,0.0,14.59688888888889
72,2026-02-19,working,36,0.0,13.928555555555555
72,2026-02-19,working,37,0.0,14.591666666666667
72,2026-02-19,working,38,0.0,13.90639534883721
72,2026-02-19,working,39,0.0,14.172333333333333
72,2026-02-19,working,40,0.0,16.06211111111111
72,2026-02-19,working,41,0.0,14.999888888888888
72,2026-02-19,working,42,0.0,16.483026315789473
72,2026-02-19,working,43,0.0,16.899444444444445
72,2026-02-19,working,44,0.0,15.751555555555557
72,2026-02-19,working,45,0.0,16.185222222222222
72,2026-02-19,working,46,0.0,14.54621951219512
72,2026-02-19,working,47,0.0,14.99888888888889
72,2026-02-19,working,48,0.0,12.18188888888889
72,2026-02-19,working,49,0.0,12.459
72,2026-02-19,working,50,0.0,15.749634146341464
72,2026-02-19,working,51,0.0,15.798444444444444
72,2026-02-19,working,52,0.0,15.007666666666667
72,2026-02-19,working,53,0.0,15.299777777777779
72,2026-02-19,working,54,0.0,14.778555555555554
72,2026-02-19,working,55,0.0,14.998823529411766
72,2026-02-19,working,56,0.0,16.151333333333334
72,2026-02-19,working,57,0.0,15.754555555555557
72,2026-02-19,working,58,0.0,16.19522222222222
72,2026-02-19,working,59,0.0,14.82309523809524
72,2026-02-19,working,60,0.0,16.055666666666667
72,2026-02-19,working,61,0.0,16.596111111111114
72,2026-02-19,working,62,0.0,16.183333333333334
72,2026-02-19,working,63,0.0,16.498777777777775
72,2026-02-19,working,64,0.0,15.559222222222221
72,2026-02-19,working,65,0.0,10.771333333333333
72,2026-02-19,working,66,0.0,9.687222222222223
72,2026-02-19,working,67,0.0,9.852
72,2026-02-19,working,68,0.0,8.123888888888889
72,2026-02-19,working,69,0.0,3.8417777777777777
72,2026-02-19,working,70,0.0,1.254
72,2026-02-19,working,71,0.0,0.18477777777777776
72,2026-02-19,working,72,0.0,0.0
72,2026-02-19,working,73,0.0,0.0
72,2026-02-19,working,74,0.0,0.0
72,2026-02-19,working,75,0.0,0.0
72,2026-02-19,working,76,0.0,0.0
72,2026-02-19,working,77,0.0,0.0
72,2026-02-19,working,78,0.0,0.0
72,2026-02-19,working,79,0.0,0.0
72,2026-02-19,working,80,0.0,0.0
72,2026-02-19,working,81,0.0,0.0
72,2026-02-19,working,82,0.0,0.0
72,2026-02-19,working,83,0.0,0.0
72,2026-02-19,working,84,0.0,0.0
72,2026-02-19,working,85,0.0,0.0
72,2026-02-19,working,86,0.0,0.0
72,2026-02-19,working,87,0.0,0.0
72,2026-02-19,working,88,0.0,0.0
72,2026-02-19,working,89,0.0,0.0
72,2026-02-19,working,90,0.0,0.0
72,2026-02-19,working,91,0.0,0.0
72,2026-02-19,working,92,0.0,0.0
72,2026-02-19,working,93,0.0,0.0
72,2026-02-19,working,94,0.0,0.0
72,2026-02-19,working,95,0.0,0.0
73,2026-02-20,working,0,0.0,0.0
73,2026-02-20,working,1,0.0,0.0
73,2026-02-20,working,2,0.0,0.0
73,2026-02-20,working,3,0.0,0.0
73,2026-02-20,working,4,0.0,0.0
73,2026-02-20,working,5,0.0,0.0
73,2026-02-20,working,6,0.0,0.0
73,2026-02-20,working,7,0.0,0.0
73,2026-02-20,working,8,0.0,0.0
73,2026-02-20,working,9,0.0,0.0
73,2026-02-20,working,10,0.0,0.0
73,2026-02-20,working,11,0.0,0.0
73,2026-02-20,working,12,0.0,0.0
73,2026-02-20,working,13,0.0,0.0
73,2026-02-20,working,14,0.0,0.0
73,2026-02-20,working,15,0.0,0.0
73,2026-02-20,working,16,0.0,0.0
73,2026-02-20,working,17,0.0,0.0
73,2026-02-20,working,18,0.0,0.0
73,2026-02-20,working,19,0.0,0.0
73,2026-02-20,working,20,0.0,0.0
73,2026-02-20,working,21,0.0,0.0
73,2026-02-20,working,22,0.0,0.0
73,2026-02-20,working,23,0.0,0.0
73,2026-02-20,working,24,0.0,0.0
73,2026-02-20,working,25,0.0,0.5422222222222222
73,2026-02-20,working,26,0.0,6.741888888888889
73,2026-02-20,working,27,0.0,14.498555555555557
73,2026-02-20,working,28,0.0,14.513666666666667
73,2026-02-20,working,29,0.0,15.153
73,2026-02-20,working,30,0.0,15.125666666666666
73,2026-02-20,working,31,0.0,16.41488888888889
73,2026-02-20,working,32,0.0,16.624222222222222
73,2026-02-20,working,33,0.0,17.23611111111111
73,2026-02-20,working,34,0.0,17.24011111111111
73,2026-02-20,working,35,0.0,15.896222222222223
73,2026-02-20,working,36,0.0,14.983222222222222
73,2026-02-20,working,37,0.0,8.273666666666667
73,2026-02-20,working,38,0.0,13.615444444444446
73,2026-02-20,working,39,0.0,14.237666666666668
73,2026-02-20,working,40,0.0,14.764333333333333
73,2026-02-20,working,41,0.0,14.353111111111112
73,2026-02-20,working,42,0.0,15.055111111111112
73,2026-02-20,working,43,0.0,16.221333333333334
73,2026-02-20,working,44,0.0,15.375333333333334
73,2026-02-20,working,45,0.0,15.997777777777777
73,2026-02-20,working,46,0.0,14.232777777777779
73,2026-02-20,working,47,0.0,14.232888888888889
73,2026-02-20,working,48,0.0,14.856666666666666
73,2026-02-20,working,49,0.0,14.44288888888889
73,2026-02-20,working,50,0.0,16.411627906976744
73,2026-02-20,working,51,0.0,14.985222222222223
73,2026-02-20,working,52,0.0,16.065222222222225
73,2026-02-20,working,53,0.0,16.34122222222222
73,2026-02-20,working,54,0.0,10.017356321839081
73,2026-02-20,working,55,0.0,15.559540229885059
73,2026-02-20,working,56,0.0,16.484888888888886
73,2026-02-20,working,57,0.0,16.047888888888888
73,2026-02-20,working,58,0.0,14.237555555555558
73,2026-02-20,working,59,0.0,14.965930232558138
73,2026-02-20,working,60,0.0,14.240222222222224
73,2026-02-20,working,61,0.0,14.905111111111111
73,2026-02-20,working,62,0.0,14.590449438202247
73,2026-02-20,working,63,0.0,14.983373493975906
73,2026-02-20,working,64,0.0,15.219888888888889
73,2026-02-20,working,65,0.0,16.259999999999998
73,2026-02-20,working,66,0.0,17.455333333333332
73,2026-02-20,working,67,0.0,16.645662650602407
73,2026-02-20,working,68,0.0,17.236666666666665
73,2026-02-20,working,69,0.0,15.581222222222221
73,2026-02-20,working,70,0.0,11.617444444444443
73,2026-02-20,working,71,0.0,3.205609756097561
73,2026-02-20,working,72,0.0,0.15033333333333332
73,2026-02-20,working,73,0.0,0.0
73,2026-02-20,working,74,0.0,0.0
73,2026-02-20,working,75,0.0,0.0
73,2026-02-20,working,76,0.0,0.0
73,2026-02-20,working,77,0.0,0.0
73,2026-02-20,working,78,0.0,0.0
73,2026-02-20,working,79,0.0,0.0
73,2026-02-20,working,80,0.0,0.0
73,2026-02-20,working,81,0.0,0.0
73,2026-02-20,working,82,0.0,0.0
73,2026-02-20,working,83,0.0,0.0
73,2026-02-20,working,84,0.0,0.0
73,2026-02-20,working,85,0.0,0.0
73,2026-02-20,working,86,0.0,0.0
73,2026-02-20,working,87,0.0,0.0
73,2026-02-20,working,88,0.0,0.0
73,2026-02-20,working,89,0.0,0.0
73,2026-02-20,working,90,0.0,0.0
73,2026-02-20,working,91,0.0,0.0
73,2026-02-20,working,92,0.0,0.0
73,2026-02-20,working,93,0.0,0.0
73,2026-02-20,working,94,0.0,0.0
73,2026-02-20,working,95,0.0,0.0
74,2026-02-21,working,0,0.0,0.0
74,2026-02-21,working,1,0.0,0.0
74,2026-02-21,working,2,0.0,0.0
74,2026-02-21,working,3,0.0,0.0
74,2026-02-21,working,4,0.0,0.0
74,2026-02-21,working,5,0.0,0.0
74,2026-02-21,working,6,0.0,0.0
74,2026-02-21,working,7,0.0,0.0
74,2026-02-21,working,8,0.0,0.0
74,2026-02-21,working,9,0.0,0.0
74,2026-02-21,working,10,0.0,0.0
74,2026-02-21,working,11,0.0,0.0
74,2026-02-21,working,12,0.0,0.0
74,2026-02-21,working,13,0.0,0.0
74,2026-02-21,working,14,0.0,0.0
74,2026-02-21,working,15,0.0,0.0
74,2026-02-21,working,16,0.0,0.0
74,2026-02-21,working,17,0.0,0.0
74,2026-02-21,working,18,0.0,0.0
74,2026-02-21,working,19,0.0,0.0
74,2026-02-21,working,20,0.0,0.0
74,2026-02-21,working,21,0.0,0.0
74,2026-02-21,working,22,0.0,0.0
74,2026-02-21,working,23,0.0,0.0
74,2026-02-21,working,24,0.0,0.0
74,2026-02-21,working,25,0.0,1.151111111111111
74,2026-02-21,working,26,0.0,6.823444444444444
74,2026-02-21,working,27,0.0,15.479444444444445
74,2026-02-21,working,28,0.0,15.766555555555556
74,2026-02-21,working,29,0.0,15.761999999999999
74,2026-02-21,working,30,0.0,15.850777777777777
74,2026-02-21,working,31,0.0,14.502333333333334
74,2026-02-21,working,32,0.0,17.688555555555556
74,2026-02-21,working,33,0.0,15.799111111111111
74,2026-02-21,working,34,0.0,14.523
74,2026-02-21,working,35,0.0,15.144222222222222
74,2026-02-21,working,36,0.0,15.88
74,2026-02-21,working,37,0.0,16.638222222222222
74,2026-02-21,working,38,0.0,16.09578313253012
74,2026-02-21,working,39,0.0,14.721685393258428
74,2026-02-21,working,40,0.0,14.439666666666666
74,2026-02-21,working,41,0.0,15.877666666666666
74,2026-02-21,working,42,0.0,12.437875
74,2026-02-21,working,43,0.0,10.202441860465116
74,2026-02-21,working,44,0.0,14.975333333333333
74,2026-02-21,working,45,0.0,16.26788888888889
74,2026-02-21,working,46,0.0,15.131428571428572
74,2026-02-21,working,47,0.0,13.813522727272726
74,2026-02-21,working,48,0.0,14.199222222222224
74,2026-02-21,working,49,0.0,14.52511111111111
74,2026-02-21,working,50,0.0,14.330246913580247
74,2026-02-21,working,51,0.0,14.567865168539326
74,2026-02-21,working,52,0.0,14.371797752808988
74,2026-02-21,working,53,0.0,14.708555555555556
74,2026-02-21,working,54,0.0,14.2025
74,2026-02-21,working,55,0.0,14.398275862068967
74,2026-02-21,working,56,0.0,14.486888888888888
74,2026-02-21,working,57,0.0,15.589777777777776
74,2026-02-21,working,58,0.0,14.6975
74,2026-02-21,working,59,0.0,11.901333333333332
74,2026-02-21,working,60,0.0,10.789333333333333
74,2026-02-21,working,61,0.0,14.500888888888888
74,2026-02-21,working,62,0.0,15.31268292682927
74,2026-02-21,working,63,0.0,16.009777777777778
74,2026-02-21,working,64,0.0,15.572111111111111
74,2026-02-21,working,65,0.0,15.500111111111112
74,2026-02-21,working,66,0.0,16.460749999999997
74,2026-02-21,working,67,0.0,14.511333333333333
74,2026-02-21,working,68,0.0,16.701348314606744
74,2026-02-21,working,69,0.0,13.994333333333334
74,2026-02-21,working,70,0.0,10.521125
74,2026-02-21,working,71,0.0,2.1386516853932585
74,2026-02-21,working,72,0.0,0.10044444444444446
74,2026-02-21,working,73,0.0,0.0
74,2026-02-21,working,74,0.0,0.0
74,2026-02-21,working,75,0.0,0.0
74,2026-02-21,working,76,0.0,0.0
74,2026-02-21,working,77,0.0,0.0
74,2026-02-21,working,78,0.0,0.0
74,2026-02-21,working,79,0.0,0.0
74,2026-02-21,working,80,0.0,0.0
74,2026-02-21,working,81,0.0,0.0
74,2026-02-21,working,82,0.0,0.0
74,2026-02-21,working,83,0.0,0.0
74,2026-02-21,working,84,0.0,0.0
74,2026-02-21,working,85,0.0,0.0
74,2026-02-21,working,86,0.0,0.0
74,2026-02-21,working,87,0.0,0.0
74,2026-02-21,working,88,0.0,0.0
74,2026-02-21,working,89,0.0,0.0
74,2026-02-21,working,90,0.0,0.0
74,2026-02-21,working,91,0.0,0.0
74,2026-02-21,working,92,0.0,0.0
74,2026-02-21,working,93,0.0,0.0
74,2026-02-21,working,94,0.0,0.0
74,2026-02-21,working,95,0.0,0.0
75,2026-03-22,weekend,0,0.0,0.0
75,2026-03-22,weekend,1,0.0,0.0
75,2026-03-22,weekend,2,0.0,0.0
75,2026-03-22,weekend,3,0.0,0.0
75,2026-03-22,weekend,4,0.0,0.0
75,2026-03-22,weekend,5,0.0,0.0
75,2026-03-22,weekend,6,0.0,0.0
75,2026-03-22,weekend,7,0.0,0.0
75,2026-03-22,weekend,8,0.0,0.0
75,2026-03-22,weekend,9,0.0,0.0
75,2026-03-22,weekend,10,0.0,0.0
75,2026-03-22,weekend,11,0.0,0.0
75,2026-03-22,weekend,12,0.0,0.0
75,2026-03-22,weekend,13,0.0,0.0
75,2026-03-22,weekend,14,0.0,0.0
75,2026-03-22,weekend,15,0.0,0.0
75,2026-03-22,weekend,16,0.0,0.0
75,2026-03-22,weekend,17,0.0,0.0
75,2026-03-22,weekend,18,0.0,0.0
75,2026-03-22,weekend,19,0.0,0.0
75,2026-03-22,weekend,20,0.0,0.0
75,2026-03-22,weekend,21,0.0,0.0
75,2026-03-22,weekend,22,0.0,0.0
75,2026-03-22,weekend,23,0.0,0.2492222222222222
75,2026-03-22,weekend,24,0.0,3.4715555555555557
75,2026-03-22,weekend,25,0.0,15.525888888888888
75,2026-03-22,weekend,26,0.0,17.77722222222222
75,2026-03-22,weekend,27,0.0,17.981555555555556
75,2026-03-22,weekend,28,0.0,17.09788888888889
75,2026-03-22,weekend,29,0.0,18.19222222222222
75,2026-03-22,weekend,30,0.0,17.94011111111111
75,2026-03-22,weekend,31,0.0,21.07788888888889
75,2026-03-22,weekend,32,0.0,24.342555555555556
75,2026-03-22,weekend,33,0.0,33.12392857142857
75,2026-03-22,weekend,34,0.0,31.982000000000003
75,2026-03-22,weekend,35,0.0,32.665333333333336
75,2026-03-22,weekend,36,0.0,30.55588888888889
75,2026-03-22,weekend,37,0.0,31.358249999999998
75,2026-03-22,weekend,38,0.0,34.449777777777776
75,2026-03-22,weekend,39,0.0,35.257222222222225
75,2026-03-22,weekend,40,0.0,35.483000000000004
75,2026-03-22,weekend,41,0.0,34.84511904761904
75,2026-03-22,weekend,42,0.0,33.67644444444444
75,2026-03-22,weekend,43,0.0,33.87166666666666
75,2026-03-22,weekend,44,0.0,34.72888888888889
75,2026-03-22,weekend,45,0.0,35.17674418604651
75,2026-03-22,weekend,46,0.0,24.91133333333333
75,2026-03-22,weekend,47,0.0,25.961111111111112
75,2026-03-22,weekend,48,0.0,24.673820224719098
75,2026-03-22,weekend,49,0.0,24.72611764705882
75,2026-03-22,weekend,50,0.0,24.55522222222222
75,2026-03-22,weekend,51,0.0,24.572666666666667
75,2026-03-22,weekend,52,0.0,24.438000000000002
75,2026-03-22,weekend,53,0.0,20.84107142857143
75,2026-03-22,weekend,54,0.0,24.177777777777777
75,2026-03-22,weekend,55,0.0,25.38922222222222
75,2026-03-22,weekend,56,0.0,25.53177777777778
75,2026-03-22,weekend,57,0.0,25.115316455696203
75,2026-03-22,weekend,58,0.0,25.116777777777774
75,2026-03-22,weekend,59,0.0,24.75722222222222
75,2026-03-22,weekend,60,0.0,24.503033707865168
75,2026-03-22,weekend,61,0.0,26.490759493670886
75,2026-03-22,weekend,62,0.0,26.003555555555558
75,2026-03-22,weekend,63,0.0,25.640444444444444
75,2026-03-22,weekend,64,0.0,25.23966666666667
75,2026-03-22,weekend,65,0.0,24.96404761904762
75,2026-03-22,weekend,66,0.0,25.195666666666668
75,2026-03-22,weekend,67,0.0,23.460444444444445
75,2026-03-22,weekend,68,0.0,24.592359550561795
75,2026-03-22,weekend,69,0.0,24.587560975609758
75,2026-03-22,weekend,70,0.0,15.327444444444446
75,2026-03-22,weekend,71,0.0,5.3853333333333335
75,2026-03-22,weekend,72,0.0,0.4420224719101124
75,2026-03-22,weekend,73,0.0,0.0
75,2026-03-22,weekend,74,0.0,0.0
75,2026-03-22,weekend,75,0.0,0.0
75,2026-03-22,weekend,76,0.0,0.0
75,2026-03-22,weekend,77,0.0,0.0
75,2026-03-22,weekend,78,0.0,0.0
75,2026-03-22,weekend,79,0.0,0.0
75,2026-03-22,weekend,80,0.0,0.0
75,2026-03-22,weekend,81,0.0,0.0
75,2026-03-22,weekend,82,0.0,0.0
75,2026-03-22,weekend,83,0.0,0.0
75,2026-03-22,weekend,84,0.0,0.0
75,2026-03-22,weekend,85,0.0,0.0
75,2026-03-22,weekend,86,0.0,0.0
75,2026-03-22,weekend,87,0.0,0.0
75,2026-03-22,weekend,88,0.0,0.0
75,2026-03-22,weekend,89,0.0,0.0
75,2026-03-22,weekend,90,0.0,0.0
75,2026-03-22,weekend,91,0.0,0.0
75,2026-03-22,weekend,92,0.0,0.0
75,2026-03-22,weekend,93,0.0,0.0
75,2026-03-22,weekend,94,0.0,0.0
75,2026-03-22,weekend,95,0.0,0.0
76,2026-04-12,weekend,0,0.0,0.0
76,2026-04-12,weekend,1,0.0,0.0
76,2026-04-12,weekend,2,0.0,0.0
76,2026-04-12,weekend,3,0.0,0.0
76,2026-04-12,weekend,4,0.0,0.0
76,2026-04-12,weekend,5,0.0,0.0
76,2026-04-12,weekend,6,0.0,0.0
76,2026-04-12,weekend,7,0.0,0.0
76,2026-04-12,weekend,8,0.0,0.0
76,2026-04-12,weekend,9,0.0,0.0
76,2026-04-12,weekend,10,0.0,0.0
76,2026-04-12,weekend,11,0.0,0.0
76,2026-04-12,weekend,12,0.0,0.0
76,2026-04-12,weekend,13,0.0,0.0
76,2026-04-12,weekend,14,0.0,0.0
76,2026-04-12,weekend,15,0.0,0.0
76,2026-04-12,weekend,16,0.0,0.0
76,2026-04-12,weekend,17,0.0,0.0
76,2026-04-12,weekend,18,0.0,0.0
76,2026-04-12,weekend,19,0.0,0.0
76,2026-04-12,weekend,20,0.0,0.0
76,2026-04-12,weekend,21,0.0,0.0
76,2026-04-12,weekend,22,0.0,0.5057777777777778
76,2026-04-12,weekend,23,0.0,5.419888888888889
76,2026-04-12,weekend,24,0.0,14.621555555555556
76,2026-04-12,weekend,25,0.0,17.023666666666667
76,2026-04-12,weekend,26,0.0,18.883333333333333
76,2026-04-12,weekend,27,0.0,19.059
76,2026-04-12,weekend,28,0.0,17.901555555555557
76,2026-04-12,weekend,29,0.0,18.457666666666668
76,2026-04-12,weekend,30,0.0,18.448777777777778
76,2026-04-12,weekend,31,0.0,18.985641025641026
76,2026-04-12,weekend,32,0.0,18.37488888888889
76,2026-04-12,weekend,33,0.0,19.176333333333336
76,2026-04-12,weekend,34,0.0,19.02166666666667
76,2026-04-12,weekend,35,0.0,15.290117647058825
76,2026-04-12,weekend,36,0.0,15.86277777777778
76,2026-04-12,weekend,37,0.0,17.849333333333334
76,2026-04-12,weekend,38,0.0,18.913222222222224
76,2026-04-12,weekend,39,0.0,19.092048192771085
76,2026-04-12,weekend,40,0.0,21.79943820224719
76,2026-04-12,weekend,41,0.0,19.985333333333333
76,2026-04-12,weekend,42,0.0,20.705617977528092
76,2026-04-12,weekend,43,0.0,21.494698795180724
76,2026-04-12,weekend,44,0.0,19.319333333333333
76,2026-04-12,weekend,45,0.0,20.76411111111111
76,2026-04-12,weekend,46,0.0,20.79211111111111
76,2026-04-12,weekend,47,0.0,19.42604651162791
76,2026-04-12,weekend,48,0.0,19.322674418604652
76,2026-04-12,weekend,49,0.0,21.045444444444442
76,2026-04-12,weekend,50,0.0,19.244444444444444
76,2026-04-12,weekend,51,0.0,20.42677777777778
76,2026-04-12,weekend,52,0.0,17.16421686746988
76,2026-04-12,weekend,53,0.0,16.25188888888889
76,2026-04-12,weekend,54,0.0,21.067333333333334
76,2026-04-12,weekend,55,0.0,19.775222222222222
76,2026-04-12,weekend,56,0.0,19.810243902439026
76,2026-04-12,weekend,57,0.0,20.938111111111112
76,2026-04-12,weekend,58,0.0,19.294222222222224
76,2026-04-12,weekend,59,0.0,18.38266666666667
76,2026-04-12,weekend,60,0.0,20.052
76,2026-04-12,weekend,61,0.0,19.963444444444445
76,2026-04-12,weekend,62,0.0,20.657777777777778
76,2026-04-12,weekend,63,0.0,19.031573033707865
76,2026-04-12,weekend,64,0.0,19.899156626506027
76,2026-04-12,weekend,65,0.0,18.03111111111111
76,2026-04-12,weekend,66,0.0,19.15266666666667
76,2026-04-12,weekend,67,0.0,20.075555555555557
76,2026-04-12,weekend,68,0.0,18.542555555555555
76,2026-04-12,weekend,69,0.0,14.534555555555556
76,2026-04-12,weekend,70,0.0,15.294888888888888
76,2026-04-12,weekend,71,0.0,8.71111111111111
76,2026-04-12,weekend,72,0.0,2.235128205128205
76,2026-04-12,weekend,73,0.0,0.08733333333333333
76,2026-04-12,weekend,74,0.0,0.0
76,2026-04-12,weekend,75,0.0,0.0
76,2026-04-12,weekend,76,0.0,0.0
76,2026-04-12,weekend,77,0.0,0.0
76,2026-04-12,weekend,78,0.0,0.0
76,2026-04-12,weekend,79,0.0,0.0
76,2026-04-12,weekend,80,0.0,0.0
76,2026-04-12,weekend,81,0.0,0.0
76,2026-04-12,weekend,82,0.0,0.0
76,2026-04-12,weekend,83,0.0,0.0
76,2026-04-12,weekend,84,0.0,0.0
76,2026-04-12,weekend,85,0.0,0.0
76,2026-04-12,weekend,86,0.0,0.0
76,2026-04-12,weekend,87,0.0,0.0
76,2026-04-12,weekend,88,0.0,0.0
76,2026-04-12,weekend,89,0.0,0.0
76,2026-04-12,weekend,90,0.0,0.0
76,2026-04-12,weekend,91,0.0,0.0
76,2026-04-12,weekend,92,0.0,0.0
76,2026-04-12,weekend,93,0.0,0.0
76,2026-04-12,weekend,94,0.0,0.0
76,2026-04-12,weekend,95,0.0,0.0
77,2026-04-26,weekend,0,0.0,0.0
77,2026-04-26,weekend,1,0.0,0.0
77,2026-04-26,weekend,2,0.0,0.0
77,2026-04-26,weekend,3,0.0,0.0
77,2026-04-26,weekend,4,0.0,0.0
77,2026-04-26,weekend,5,0.0,0.0
77,2026-04-26,weekend,6,0.0,0.0
77,2026-04-26,weekend,7,0.0,0.0
77,2026-04-26,weekend,8,0.0,0.0
77,2026-04-26,weekend,9,0.0,0.0
77,2026-04-26,weekend,10,0.0,0.0
77,2026-04-26,weekend,11,0.0,0.0
77,2026-04-26,weekend,12,0.0,0.0
77,2026-04-26,weekend,13,0.0,0.0
77,2026-04-26,weekend,14,0.0,0.0
77,2026-04-26,weekend,15,0.0,0.0
77,2026-04-26,weekend,16,0.0,0.0
77,2026-04-26,weekend,17,0.0,0.0
77,2026-04-26,weekend,18,0.0,0.0
77,2026-04-26,weekend,19,0.0,0.0
77,2026-04-26,weekend,20,0.0,0.0
77,2026-04-26,weekend,21,0.0,0.15933333333333333
77,2026-04-26,weekend,22,0.0,4.350777777777778
77,2026-04-26,weekend,23,0.0,16.189888888888888
77,2026-04-26,weekend,24,0.0,20.857333333333333
77,2026-04-26,weekend,25,0.0,20.79111111111111
77,2026-04-26,weekend,26,0.0,19.831555555555553
77,2026-04-26,weekend,27,0.0,18.958777777777776
77,2026-04-26,weekend,28,0.0,20.63522222222222
77,2026-04-26,weekend,29,0.0,24.04322222222222
77,2026-04-26,weekend,30,0.0,20.041999999999998
77,2026-04-26,weekend,31,0.0,23.479777777777777
77,2026-04-26,weekend,32,0.0,25.20711111111111
77,2026-04-26,weekend,33,0.0,24.508555555555557
77,2026-04-26,weekend,34,0.0,26.433333333333334
77,2026-04-26,weekend,35,0.0,26.359888888888886
77,2026-04-26,weekend,36,0.0,28.297111111111107
77,2026-04-26,weekend,37,0.0,28.174666666666663
77,2026-04-26,weekend,38,0.0,28.997222222222224
77,2026-04-26,weekend,39,0.0,29.736888888888892
77,2026-04-26,weekend,40,0.0,32.68677777777778
77,2026-04-26,weekend,41,0.0,30.88533333333333
77,2026-04-26,weekend,42,0.0,29.94044444444444
77,2026-04-26,weekend,43,0.0,29.63266666666667
77,2026-04-26,weekend,44,0.0,25.68422222222222
77,2026-04-26,weekend,45,0.0,27.679555555555552
77,2026-04-26,weekend,46,0.0,27.451666666666668
77,2026-04-26,weekend,47,0.0,23.263444444444445
77,2026-04-26,weekend,48,0.0,27.60090909090909
77,2026-04-26,weekend,49,0.0,28.581
77,2026-04-26,weekend,50,0.0,29.44644444444444
77,2026-04-26,weekend,51,0.0,26.907555555555554
77,2026-04-26,weekend,52,0.0,27.62505617977528
77,2026-04-26,weekend,53,0.0,26.823777777777778
77,2026-04-26,weekend,54,0.0,27.601444444444446
77,2026-04-26,weekend,55,0.0,29.629555555555555
77,2026-04-26,weekend,56,0.0,29.467499999999998
77,2026-04-26,weekend,57,0.0,27.656222222222222
77,2026-04-26,weekend,58,0.0,28.41111111111111
77,2026-04-26,weekend,59,0.0,27.320666666666668
77,2026-04-26,weekend,60,0.0,27.013595505617978
77,2026-04-26,weekend,61,0.0,29.698222222222224
77,2026-04-26,weekend,62,0.0,30.662222222222223
77,2026-04-26,weekend,63,0.0,27.78011111111111
77,2026-04-26,weekend,64,0.0,21.339101123595505
77,2026-04-26,weekend,65,0.0,22.945444444444448
77,2026-04-26,weekend,66,0.0,20.226888888888887
77,2026-04-26,weekend,67,0.0,18.351222222222223
77,2026-04-26,weekend,68,0.0,15.820224719101123
77,2026-04-26,weekend,69,0.0,12.024888888888889
77,2026-04-26,weekend,70,0.0,6.844666666666667
77,2026-04-26,weekend,71,0.0,3.274888888888889
77,2026-04-26,weekend,72,0.0,0.8536666666666667
77,2026-04-26,weekend,73,0.0,0.004222222222222223
77,2026-04-26,weekend,74,0.0,0.0
77,2026-04-26,weekend,75,0.0,0.0
77,2026-04-26,weekend,76,0.0,0.0
77,2026-04-26,weekend,77,0.0,0.0
77,2026-04-26,weekend,78,0.0,0.0
77,2026-04-26,weekend,79,0.0,0.0
77,2026-04-26,weekend,80,0.0,0.0
77,2026-04-26,weekend,81,0.0,0.0
77,2026-04-26,weekend,82,0.0,0.0
77,2026-04-26,weekend,83,0.0,0.0
77,2026-04-26,weekend,84,0.0,0.0
77,2026-04-26,weekend,85,0.0,0.0
77,2026-04-26,weekend,86,0.0,0.0
77,2026-04-26,weekend,87,0.0,0.0
77,2026-04-26,weekend,88,0.0,0.0
77,2026-04-26,weekend,89,0.0,0.0
77,2026-04-26,weekend,90,0.0,0.0
77,2026-04-26,weekend,91,0.0,0.0
77,2026-04-26,weekend,92,0.0,0.0
77,2026-04-26,weekend,93,0.0,0.0
77,2026-04-26,weekend,94,0.0,0.0
77,2026-04-26,weekend,95,0.0,0.0
78,2026-04-30,working,0,0.0,0.0
78,2026-04-30,working,1,0.0,0.0
78,2026-04-30,working,2,0.0,0.0
78,2026-04-30,working,3,0.0,0.0
78,2026-04-30,working,4,0.0,0.0
78,2026-04-30,working,5,0.0,0.0
78,2026-04-30,working,6,0.0,0.0
78,2026-04-30,working,7,0.0,0.0
78,2026-04-30,working,8,0.0,0.0
78,2026-04-30,working,9,0.0,0.0
78,2026-04-30,working,10,0.0,0.0
78,2026-04-30,working,11,0.0,0.0
78,2026-04-30,working,12,0.0,0.0
78,2026-04-30,working,13,0.0,0.0
78,2026-04-30,working,14,0.0,0.0
78,2026-04-30,working,15,0.0,0.0
78,2026-04-30,working,16,0.0,0.0
78,2026-04-30,working,17,0.0,0.0
78,2026-04-30,working,18,0.0,0.0
78,2026-04-30,working,19,0.0,0.0
78,2026-04-30,working,20,0.0,0.0
78,2026-04-30,working,21,0.0,0.05677777777777778
78,2026-04-30,working,22,0.0,1.6552222222222222
78,2026-04-30,working,23,0.0,7.366555555555555
78,2026-04-30,working,24,0.0,11.032444444444446
78,2026-04-30,working,25,0.0,12.185666666666666
78,2026-04-30,working,26,0.0,12.067666666666666
78,2026-04-30,working,27,0.0,11.363333333333333
78,2026-04-30,working,28,0.0,11.479555555555557
78,2026-04-30,working,29,0.0,11.020999999999999
78,2026-04-30,working,30,0.0,10.790444444444445
78,2026-04-30,working,31,0.0,6.496444444444445
78,2026-04-30,working,32,0.0,9.876444444444445
78,2026-04-30,working,33,0.0,11.839444444444444
78,2026-04-30,working,34,0.0,17.586
78,2026-04-30,working,35,0.0,17.146555555555555
78,2026-04-30,working,36,0.0,17.438444444444446
78,2026-04-30,working,37,0.0,17.408555555555555
78,2026-04-30,working,38,0.0,19.205555555555556
78,2026-04-30,working,39,0.0,16.331555555555553
78,2026-04-30,working,40,0.0,18.467444444444443
78,2026-04-30,working,41,0.0,17.863444444444443
78,2026-04-30,working,42,0.0,16.97811111111111
78,2026-04-30,working,43,0.0,16.907888888888888
78,2026-04-30,working,44,0.0,17.402333333333335
78,2026-04-30,working,45,0.0,17.480888888888888
78,2026-04-30,working,46,0.0,19.317888888888888
78,2026-04-30,working,47,0.0,19.119666666666667
78,2026-04-30,working,48,0.0,12.116666666666667
78,2026-04-30,working,49,0.0,16.579777777777778
78,2026-04-30,working,50,0.0,16.645777777777777
78,2026-04-30,working,51,0.0,16.871444444444442
78,2026-04-30,working,52,0.0,16.66133333333333
78,2026-04-30,working,53,0.0,18.156444444444443
78,2026-04-30,working,54,0.0,18.67088888888889
78,2026-04-30,working,55,0.0,17.924444444444443
78,2026-04-30,working,56,0.0,17.68133333333333
78,2026-04-30,working,57,0.0,16.795777777777776
78,2026-04-30,working,58,0.0,17.00590909090909
78,2026-04-30,working,59,0.0,17.676666666666666
78,2026-04-30,working,60,0.0,17.217444444444443
78,2026-04-30,working,61,0.0,17.59122222222222
78,2026-04-30,working,62,0.0,16.852643678160916
78,2026-04-30,working,63,0.0,16.774823529411762
78,2026-04-30,working,64,0.0,17.86888888888889
78,2026-04-30,working,65,0.0,10.239888888888888
78,2026-04-30,working,66,0.0,16.69313953488372
78,2026-04-30,working,67,0.0,16.541976744186044
78,2026-04-30,working,68,0.0,15.283999999999999
78,2026-04-30,working,69,0.0,14.875444444444444
78,2026-04-30,working,70,0.0,15.623932584269662
78,2026-04-30,working,71,0.0,14.477142857142857
78,2026-04-30,working,72,0.0,6.231888888888889
78,2026-04-30,working,73,0.0,0.4726666666666667
78,2026-04-30,working,74,0.0,0.0
78,2026-04-30,working,75,0.0,0.0
78,2026-04-30,working,76,0.0,0.0
78,2026-04-30,working,77,0.0,0.0
78,2026-04-30,working,78,0.0,0.0
78,2026-04-30,working,79,0.0,0.0
78,2026-04-30,working,80,0.0,0.0
78,2026-04-30,working,81,0.0,0.0
78,2026-04-30,working,82,0.0,0.0
78,2026-04-30,working,83,0.0,0.0
78,2026-04-30,working,84,0.0,0.0
78,2026-04-30,working,85,0.0,0.0
78,2026-04-30,working,86,0.0,0.0
78,2026-04-30,working,87,0.0,0.0
78,2026-04-30,working,88,0.0,0.0
78,2026-04-30,working,89,0.0,0.0
78,2026-04-30,working,90,0.0,0.0
78,2026-04-30,working,91,0.0,0.0
78,2026-04-30,working,92,0.0,0.0
78,2026-04-30,working,93,0.0,0.0
78,2026-04-30,working,94,0.0,0.0
78,2026-04-30,working,95,0.0,0.0
79,2026-05-01,working,0,0.0,0.0
79,2026-05-01,working,1,0.0,0.0
79,2026-05-01,working,2,0.0,0.0
79,2026-05-01,working,3,0.0,0.0
79,2026-05-01,working,4,0.0,0.0
79,2026-05-01,working,5,0.0,0.0
79,2026-05-01,working,6,0.0,0.0
79,2026-05-01,working,7,0.0,0.0
79,2026-05-01,working,8,0.0,0.0
79,2026-05-01,working,9,0.0,0.0
79,2026-05-01,working,10,0.0,0.0
79,2026-05-01,working,11,0.0,0.0
79,2026-05-01,working,12,0.0,0.0
79,2026-05-01,working,13,0.0,0.0
79,2026-05-01,working,14,0.0,0.0
79,2026-05-01,working,15,0.0,0.0
79,2026-05-01,working,16,0.0,0.0
79,2026-05-01,working,17,0.0,0.0
79,2026-05-01,working,18,0.0,0.0
79,2026-05-01,working,19,0.0,0.0
79,2026-05-01,working,20,0.0,0.0
79,2026-05-01,working,21,0.0,2.316849315068493
79,2026-05-01,working,22,0.0,10.818313253012048
79,2026-05-01,working,23,0.0,17.214880952380952
79,2026-05-01,working,24,0.0,15.477142857142857
79,2026-05-01,working,25,0.0,15.659859154929576
79,2026-05-01,working,26,0.0,16.65535714285714
79,2026-05-01,working,27,0.0,15.883614457831325
79,2026-05-01,working,28,0.0,16.319666666666667
79,2026-05-01,working,29,0.0,20.189101123595506
79,2026-05-01,working,30,0.0,19.068555555555555
79,2026-05-01,working,31,0.0,17.13122222222222
79,2026-05-01,working,32,0.0,16.497666666666667
79,2026-05-01,working,33,0.0,17.123555555555555
79,2026-05-01,working,34,0.0,16.12011111111111
79,2026-05-01,working,35,0.0,16.834555555555553
79,2026-05-01,working,36,0.0,14.873777777777779
79,2026-05-01,working,37,0.0,11.832333333333334
79,2026-05-01,working,38,0.0,18.085555555555555
79,2026-05-01,working,39,0.0,18.548666666666666
79,2026-05-01,working,40,0.0,18.537444444444443
79,2026-05-01,working,41,0.0,20.13122222222222
79,2026-05-01,working,42,0.0,18.563555555555556
79,2026-05-01,working,43,0.0,18.45777777777778
79,2026-05-01,working,44,0.0,18.834555555555553
79,2026-05-01,working,45,0.0,18.50288888888889
79,2026-05-01,working,46,0.0,17.931
79,2026-05-01,working,47,0.0,18.366555555555557
79,2026-05-01,working,48,0.0,18.71388888888889
79,2026-05-01,working,49,0.0,18.554222222222222
79,2026-05-01,working,50,0.0,17.308888888888887
79,2026-05-01,working,51,0.0,19.05622222222222
79,2026-05-01,working,52,0.0,18.47588888888889
79,2026-05-01,working,53,0.0,16.610444444444447
79,2026-05-01,working,54,0.0,13.270888888888887
79,2026-05-01,working,55,0.0,19.419222222222224
79,2026-05-01,working,56,0.0,16.891555555555556
79,2026-05-01,working,57,0.0,18.589222222222222
79,2026-05-01,working,58,0.0,17.464666666666666
79,2026-05-01,working,59,0.0,17.323777777777778
79,2026-05-01,working,60,0.0,17.366111111111113
79,2026-05-01,working,61,0.0,18.768333333333334
79,2026-05-01,working,62,0.0,17.224444444444444
79,2026-05-01,working,63,0.0,18.50144444444444
79,2026-05-01,working,64,0.0,17.310481927710843
79,2026-05-01,working,65,0.0,17.616666666666667
79,2026-05-01,working,66,0.0,16.93879518072289
79,2026-05-01,working,67,0.0,16.96976470588235
79,2026-05-01,working,68,0.0,16.156951219512198
79,2026-05-01,working,69,0.0,16.334054054054054
79,2026-05-01,working,70,0.0,14.095348837209302
79,2026-05-01,working,71,0.0,9.208915662650602
79,2026-05-01,working,72,0.0,3.4139534883720932
79,2026-05-01,working,73,0.0,0.19972222222222225
79,2026-05-01,working,74,0.0,0.0
79,2026-05-01,working,75,0.0,0.0
79,2026-05-01,working,76,0.0,0.0
79,2026-05-01,working,77,0.0,0.0
79,2026-05-01,working,78,0.0,0.0
79,2026-05-01,working,79,0.0,0.0
79,2026-05-01,working,80,0.0,0.0
79,2026-05-01,working,81,0.0,0.0
79,2026-05-01,working,82,0.0,0.0
79,2026-05-01,working,83,0.0,0.0
79,2026-05-01,working,84,0.0,0.0
79,2026-05-01,working,85,0.0,0.0
79,2026-05-01,working,86,0.0,0.0
79,2026-05-01,working,87,0.0,0.0
79,2026-05-01,working,88,0.0,0.0
79,2026-05-01,working,89,0.0,0.0
79,2026-05-01,working,90,0.0,0.0
79,2026-05-01,working,91,0.0,0.0
79,2026-05-01,working,92,0.0,0.0
79,2026-05-01,working,93,0.0,0.0
79,2026-05-01,working,94,0.0,0.0
79,2026-05-01,working,95,0.0,0.0
80,2026-05-02,working,0,0.0,0.0
80,2026-05-02,working,1,0.0,0.0
80,2026-05-02,working,2,0.0,0.0
80,2026-05-02,working,3,0.0,0.0
80,2026-05-02,working,4,0.0,0.0
80,2026-05-02,working,5,0.0,0.0
80,2026-05-02,working,6,0.0,0.0
80,2026-05-02,working,7,0.0,0.0
80,2026-05-02,working,8,0.0,0.0
80,2026-05-02,working,9,0.0,0.0
80,2026-05-02,working,10,0.0,0.0
80,2026-05-02,working,11,0.0,0.0
80,2026-05-02,working,12,0.0,0.0
80,2026-05-02,working,13,0.0,0.0
80,2026-05-02,working,14,0.0,0.0
80,2026-05-02,working,15,0.0,0.0
80,2026-05-02,working,16,0.0,0.0
80,2026-05-02,working,17,0.0,0.0
80,2026-05-02,working,18,0.0,0.0
80,2026-05-02,working,19,0.0,0.0
80,2026-05-02,working,20,0.0,0.0
80,2026-05-02,working,21,0.0,0.06356164383561644
80,2026-05-02,working,22,0.0,3.769625
80,2026-05-02,working,23,0.0,14.91909090909091
80,2026-05-02,working,24,0.0,16.461704545454545
80,2026-05-02,working,25,0.0,12.50655172413793
80,2026-05-02,working,26,0.0,12.748701298701299
80,2026-05-02,working,27,0.0,16.650697674418605
80,2026-05-02,working,28,0.0,16.23808988764045
80,2026-05-02,working,29,0.0,17.65522222222222
80,2026-05-02,working,30,0.0,19.149
80,2026-05-02,working,31,0.0,19.235777777777777
80,2026-05-02,working,32,0.0,18.663333333333334
80,2026-05-02,working,33,0.0,20.068555555555555
80,2026-05-02,working,34,0.0,19.195444444444444
80,2026-05-02,working,35,0.0,19.457555555555555
80,2026-05-02,working,36,0.0,21.35551724137931
80,2026-05-02,working,37,0.0,21.07344827586207
80,2026-05-02,working,38,0.0,22.104657534246577
80,2026-05-02,working,39,0.0,22.54840909090909
80,2026-05-02,working,40,0.0,22.83848837209302
80,2026-05-02,working,41,0.0,21.45769230769231
80,2026-05-02,working,42,0.0,16.45820895522388
80,2026-05-02,working,43,0.0,19.464545454545455
80,2026-05-02,working,44,0.0,22.234767441860466
80,2026-05-02,working,45,0.0,22.525813953488374
80,2026-05-02,working,46,0.0,20.9927397260274
80,2026-05-02,working,47,0.0,20.913176470588237
80,2026-05-02,working,48,0.0,21.77529411764706
80,2026-05-02,working,49,0.0,22.445747126436782
80,2026-05-02,working,50,0.0,23.61450704225352
80,2026-05-02,working,51,0.0,22.003214285714286
80,2026-05-02,working,52,0.0,21.79227848101266
80,2026-05-02,working,53,0.0,21.68632183908046
80,2026-05-02,working,54,0.0,22.483478260869564
80,2026-05-02,working,55,0.0,22.899425287356323
80,2026-05-02,working,56,0.0,22.416516853932585
80,2026-05-02,working,57,0.0,22.84581395348837
80,2026-05-02,working,58,0.0,19.033506493506493
80,2026-05-02,working,59,0.0,14.50635294117647
80,2026-05-02,working,60,0.0,15.396744186046513
80,2026-05-02,working,61,0.0,14.617011494252875
80,2026-05-02,working,62,0.0,15.552098765432099
80,2026-05-02,working,63,0.0,14.486
80,2026-05-02,working,64,0.0,21.07034090909091
80,2026-05-02,working,65,0.0,15.482111111111113
80,2026-05-02,working,66,0.0,13.070777777777776
80,2026-05-02,working,67,0.0,19.698
80,2026-05-02,working,68,0.0,20.386
80,2026-05-02,working,69,0.0,19.443222222222225
80,2026-05-02,working,70,0.0,14.924777777777779
80,2026-05-02,working,71,0.0,6.035555555555556
80,2026-05-02,working,72,0.0,1.370813953488372
80,2026-05-02,working,73,0.0,0.09518987341772152
80,2026-05-02,working,74,0.0,0.0
80,2026-05-02,working,75,0.0,0.0
80,2026-05-02,working,76,0.0,0.0
80,2026-05-02,working,77,0.0,0.0
80,2026-05-02,working,78,0.0,0.0
80,2026-05-02,working,79,0.0,0.0
80,2026-05-02,working,80,0.0,0.0
80,2026-05-02,working,81,0.0,0.0
80,2026-05-02,working,82,0.0,0.0
80,2026-05-02,working,83,0.0,0.0
80,2026-05-02,working,84,0.0,0.0
80,2026-05-02,working,85,0.0,0.0
80,2026-05-02,working,86,0.0,0.0
80,2026-05-02,working,87,0.0,0.0
80,2026-05-02,working,88,0.0,0.0
80,2026-05-02,working,89,0.0,0.0
80,2026-05-02,working,90,0.0,0.0
80,2026-05-02,working,91,0.0,0.0
80,2026-05-02,working,92,0.0,0.0
80,2026-05-02,working,93,0.0,0.0
80,2026-05-02,working,94,0.0,0.0
80,2026-05-02,working,95,0.0,0.0
81,2026-05-17,weekend,0,0.0,0.0
81,2026-05-17,weekend,1,0.0,0.0
81,2026-05-17,weekend,2,0.0,0.0
81,2026-05-17,weekend,3,0.0,0.0
81,2026-05-17,weekend,4,0.0,0.0
81,2026-05-17,weekend,5,0.0,0.0
81,2026-05-17,weekend,6,0.0,0.0
81,2026-05-17,weekend,7,0.0,0.0
81,2026-05-17,weekend,8,0.0,0.0
81,2026-05-17,weekend,9,0.0,0.0
81,2026-05-17,weekend,10,0.0,0.0
81,2026-05-17,weekend,11,0.0,0.0
81,2026-05-17,weekend,12,0.0,0.0
81,2026-05-17,weekend,13,0.0,0.0
81,2026-05-17,weekend,14,0.0,0.0
81,2026-05-17,weekend,15,0.0,0.0
81,2026-05-17,weekend,16,0.0,0.0
81,2026-05-17,weekend,17,0.0,0.0
81,2026-05-17,weekend,18,0.0,0.0
81,2026-05-17,weekend,19,0.0,0.0
81,2026-05-17,weekend,20,0.0,0.0
81,2026-05-17,weekend,21,0.0,0.18433333333333332
81,2026-05-17,weekend,22,0.0,3.137888888888889
81,2026-05-17,weekend,23,0.0,14.905333333333333
81,2026-05-17,weekend,24,0.0,16.720333333333333
81,2026-05-17,weekend,25,0.0,16.48177777777778
81,2026-05-17,weekend,26,0.0,16.68311111111111
81,2026-05-17,weekend,27,0.0,19.376333333333335
81,2026-05-17,weekend,28,0.0,20.616444444444443
81,2026-05-17,weekend,29,0.0,19.014222222222223
81,2026-05-17,weekend,30,0.0,20.188372093023258
81,2026-05-17,weekend,31,0.0,20.44222222222222
81,2026-05-17,weekend,32,0.0,21.618111111111112
81,2026-05-17,weekend,33,0.0,21.142555555555553
81,2026-05-17,weekend,34,0.0,20.667752808988766
81,2026-05-17,weekend,35,0.0,15.40488888888889
81,2026-05-17,weekend,36,0.0,20.46622222222222
81,2026-05-17,weekend,37,0.0,22.751444444444445
81,2026-05-17,weekend,38,0.0,22.54550561797753
81,2026-05-17,weekend,39,0.0,25.55425925925926
81,2026-05-17,weekend,40,0.0,25.954637681159422
81,2026-05-17,weekend,41,0.0,27.118222222222222
81,2026-05-17,weekend,42,0.0,26.400555555555556
81,2026-05-17,weekend,43,0.0,26.53022222222222
81,2026-05-17,weekend,44,0.0,25.616555555555554
81,2026-05-17,weekend,45,0.0,24.715777777777777
81,2026-05-17,weekend,46,0.0,21.09322222222222
81,2026-05-17,weekend,47,0.0,19.891444444444446
81,2026-05-17,weekend,48,0.0,19.429111111111112
81,2026-05-17,weekend,49,0.0,20.40288888888889
81,2026-05-17,weekend,50,0.0,19.798333333333332
81,2026-05-17,weekend,51,0.0,19.61111111111111
81,2026-05-17,weekend,52,0.0,7.797888888888888
81,2026-05-17,weekend,53,0.0,2.6515555555555554
81,2026-05-17,weekend,54,0.0,1.5832222222222223
81,2026-05-17,weekend,55,0.0,0.2727777777777778
81,2026-05-17,weekend,56,0.0,0.9455555555555555
81,2026-05-17,weekend,57,0.0,1.6486666666666667
81,2026-05-17,weekend,58,0.0,3.0948888888888892
81,2026-05-17,weekend,59,0.0,6.967777777777778
81,2026-05-17,weekend,60,0.0,8.993444444444444
81,2026-05-17,weekend,61,0.0,11.877333333333334
81,2026-05-17,weekend,62,0.0,16.73288888888889
81,2026-05-17,weekend,63,0.0,19.07988888888889
81,2026-05-17,weekend,64,0.0,19.556
81,2026-05-17,weekend,65,0.0,19.625
81,2026-05-17,weekend,66,0.0,19.094555555555555
81,2026-05-17,weekend,67,0.0,18.809
81,2026-05-17,weekend,68,0.0,19.13877777777778
81,2026-05-17,weekend,69,0.0,13.690222222222223
81,2026-05-17,weekend,70,0.0,12.83
81,2026-05-17,weekend,71,0.0,9.300666666666668
81,2026-05-17,weekend,72,0.0,7.0632222222222225
81,2026-05-17,weekend,73,0.0,0.9747777777777779
81,2026-05-17,weekend,74,0.0,0.0
81,2026-05-17,weekend,75,0.0,0.0
81,2026-05-17,weekend,76,0.0,0.0
81,2026-05-17,weekend,77,0.0,0.0
81,2026-05-17,weekend,78,0.0,0.0
81,2026-05-17,weekend,79,0.0,0.0
81,2026-05-17,weekend,80,0.0,0.0
81,2026-05-17,weekend,81,0.0,0.0
81,2026-05-17,weekend,82,0.0,0.0
81,2026-05-17,weekend,83,0.0,0.0
81,2026-05-17,weekend,84,0.0,0.0
81,2026-05-17,weekend,85,0.0,0.0
81,2026-05-17,weekend,86,0.0,0.0
81,2026-05-17,weekend,87,0.0,0.0
81,2026-05-17,weekend,88,0.0,0.0
81,2026-05-17,weekend,89,0.0,0.0
81,2026-05-17,weekend,90,0.0,0.0
81,2026-05-17,weekend,91,0.0,0.0
81,2026-05-17,weekend,92,0.0,0.0
81,2026-05-17,weekend,93,0.0,0.0
81,2026-05-17,weekend,94,0.0,0.0
81,2026-05-17,weekend,95,0.0,0.0
82,2026-07-12,weekend,0,0.0,0.0
82,2026-07-12,weekend,1,0.0,0.0
82,2026-07-12,weekend,2,0.0,0.0
82,2026-07-12,weekend,3,0.0,0.0
82,2026-07-12,weekend,4,0.0,0.0
82,2026-07-12,weekend,5,0.0,0.0
82,2026-07-12,weekend,6,0.0,0.0
82,2026-07-12,weekend,7,0.0,0.0
82,2026-07-12,weekend,8,0.0,0.0
82,2026-07-12,weekend,9,0.0,0.0
82,2026-07-12,weekend,10,0.0,0.0
82,2026-07-12,weekend,11,0.0,0.0
82,2026-07-12,weekend,12,0.0,0.0
82,2026-07-12,weekend,13,0.0,0.0
82,2026-07-12,weekend,14,0.0,0.0
82,2026-07-12,weekend,15,0.0,0.0
82,2026-07-12,weekend,16,0.0,0.0
82,2026-07-12,weekend,17,0.0,0.0
82,2026-07-12,weekend,18,0.0,0.0
82,2026-07-12,weekend,19,0.0,0.0
82,2026-07-12,weekend,20,0.0,0.0
82,2026-07-12,weekend,21,0.0,1.2742222222222224
82,2026-07-12,weekend,22,0.0,7.002111111111112
82,2026-07-12,weekend,23,0.0,10.952555555555556
82,2026-07-12,weekend,24,0.0,15.056888888888889
82,2026-07-12,weekend,25,0.0,16.817444444444444
82,2026-07-12,weekend,26,0.0,16.42588888888889
82,2026-07-12,weekend,27,0.0,13.190777777777779
82,2026-07-12,weekend,28,0.0,12.888111111111112
82,2026-07-12,weekend,29,0.0,17.13211111111111
82,2026-07-12,weekend,30,0.0,17.817777777777778
82,2026-07-12,weekend,31,0.0,19.851888888888887
82,2026-07-12,weekend,32,0.0,19.513333333333332
82,2026-07-12,weekend,33,0.0,19.098555555555553
82,2026-07-12,weekend,34,0.0,19.662666666666667
82,2026-07-12,weekend,35,0.0,18.116666666666667
82,2026-07-12,weekend,36,0.0,18.451724137931034
82,2026-07-12,weekend,37,0.0,19.356931818181817
82,2026-07-12,weekend,38,0.0,19.7548
82,2026-07-12,weekend,39,0.0,18.425813953488372
82,2026-07-12,weekend,40,0.0,19.75047619047619
82,2026-07-12,weekend,41,0.0,20.20057471264368
82,2026-07-12,weekend,42,0.0,20.672739726027395
82,2026-07-12,weekend,43,0.0,21.275
82,2026-07-12,weekend,44,0.0,17.073493975903613
82,2026-07-12,weekend,45,0.0,17.37363636363636
82,2026-07-12,weekend,46,0.0,21.306746987951808
82,2026-07-12,weekend,47,0.0,19.755696202531645
82,2026-07-12,weekend,48,0.0,19.612499999999997
82,2026-07-12,weekend,49,0.0,19.741264367816093
82,2026-07-12,weekend,50,0.0,19.432727272727274
82,2026-07-12,weekend,51,0.0,20.471898734177216
82,2026-07-12,weekend,52,0.0,18.987727272727273
82,2026-07-12,weekend,53,0.0,19.368045977011494
82,2026-07-12,weekend,54,0.0,20.242142857142856
82,2026-07-12,weekend,55,0.0,33.50684210526316
82,2026-07-12,weekend,56,0.0,34.94758620689655
82,2026-07-12,weekend,57,0.0,34.15827586206897
82,2026-07-12,weekend,58,0.0,34.00459770114943
82,2026-07-12,weekend,59,0.0,35.05533333333334
82,2026-07-12,weekend,60,0.0,33.538372093023256
82,2026-07-12,weekend,61,0.0,30.443863636363634
82,2026-07-12,weekend,62,0.0,30.42057471264368
82,2026-07-12,weekend,63,0.0,20.30260869565217
82,2026-07-12,weekend,64,0.0,20.91253012048193
82,2026-07-12,weekend,65,0.0,20.378068181818183
82,2026-07-12,weekend,66,0.0,20.828023255813953
82,2026-07-12,weekend,67,0.0,21.51958904109589
82,2026-07-12,weekend,68,0.0,23.120574712643677
82,2026-07-12,weekend,69,0.0,20.544545454545453
82,2026-07-12,weekend,70,0.0,18.81344827586207
82,2026-07-12,weekend,71,0.0,18.316973684210524
82,2026-07-12,weekend,72,0.0,12.525977011494252
82,2026-07-12,weekend,73,0.0,6.6775
82,2026-07-12,weekend,74,0.0,1.0951162790697675
82,2026-07-12,weekend,75,0.0,0.008648648648648649
82,2026-07-12,weekend,76,0.0,0.0
82,2026-07-12,weekend,77,0.0,0.0
82,2026-07-12,weekend,78,0.0,0.0
82,2026-07-12,weekend,79,0.0,0.0
82,2026-07-12,weekend,80,0.0,0.0
82,2026-07-12,weekend,81,0.0,0.0
82,2026-07-12,weekend,82,0.0,0.0
82,2026-07-12,weekend,83,0.0,0.0
82,2026-07-12,weekend,84,0.0,0.0
82,2026-07-12,weekend,85,0.0,0.0
82,2026-07-12,weekend,86,0.0,0.0
82,2026-07-12,weekend,87,0.0,0.0
82,2026-07-12,weekend,88,0.0,0.0
82,2026-07-12,weekend,89,0.0,0.0
82,2026-07-12,weekend,90,0.0,0.0
82,2026-07-12,weekend,91,0.0,0.0
82,2026-07-12,weekend,92,0.0,0.0
82,2026-07-12,weekend,93,0.0,0.0
82,2026-07-12,weekend,94,0.0,0.0
82,2026-07-12,weekend,95,0.0,0.0
83,2026-08-31,working,0,0.0,0.0
83,2026-08-31,working,1,0.0,0.0
83,2026-08-31,working,2,0.0,0.0
83,2026-08-31,working,3,0.0,0.0
83,2026-08-31,working,4,0.0,0.0
83,2026-08-31,working,5,0.0,0.0
83,2026-08-31,working,6,0.0,0.0
83,2026-08-31,working,7,0.0,0.0
83,2026-08-31,working,8,0.0,0.0
83,2026-08-31,working,9,0.0,0.0
83,2026-08-31,working,10,0.0,0.0
83,2026-08-31,working,11,0.0,0.0
83,2026-08-31,working,12,0.0,0.0
83,2026-08-31,working,13,0.0,0.0
83,2026-08-31,working,14,0.0,0.0
83,2026-08-31,working,15,0.0,0.0
83,2026-08-31,working,16,0.0,0.0
83,2026-08-31,working,17,0.0,0.0
83,2026-08-31,working,18,0.0,0.0
83,2026-08-31,working,19,0.0,0.0
83,2026-08-31,working,20,0.0,0.0
83,2026-08-31,working,21,0.0,0.0
83,2026-08-31,working,22,0.0,0.0
83,2026-08-31,working,23,0.0,1.4233333333333333
83,2026-08-31,working,24,0.0,10.51511111111111
83,2026-08-31,working,25,0.0,18.488
83,2026-08-31,working,26,0.0,20.05922222222222
83,2026-08-31,working,27,0.0,19.38277777777778
83,2026-08-31,working,28,0.0,20.309333333333335
83,2026-08-31,working,29,0.0,20.65588888888889
83,2026-08-31,working,30,0.0,23.506444444444444
83,2026-08-31,working,31,0.0,36.363
83,2026-08-31,working,32,0.0,37.05807228915663
83,2026-08-31,working,33,0.0,38.04952941176471
83,2026-08-31,working,34,0.0,37.254366197183096
83,2026-08-31,working,35,0.0,38.073928571428574
83,2026-08-31,working,36,0.0,38.41377777777778
83,2026-08-31,working,37,0.0,38.443333333333335
83,2026-08-31,working,38,0.0,37.166000000000004
83,2026-08-31,working,39,0.0,38.82811111111111
83,2026-08-31,working,40,0.0,39.123555555555555
83,2026-08-31,working,41,0.0,31.63122222222222
83,2026-08-31,working,42,0.0,36.739
83,2026-08-31,working,43,0.0,37.17066666666667
83,2026-08-31,working,44,0.0,37.86555555555556
83,2026-08-31,working,45,0.0,38.257
83,2026-08-31,working,46,0.0,37.59211111111111
83,2026-08-31,working,47,0.0,38.20155555555555
83,2026-08-31,working,48,0.0,37.66911111111111
83,2026-08-31,working,49,0.0,38.28011111111111
83,2026-08-31,working,50,0.0,36.370333333333335
83,2026-08-31,working,51,0.0,35.14666666666666
83,2026-08-31,working,52,0.0,36.50566666666666
83,2026-08-31,working,53,0.0,38.150666666666666
83,2026-08-31,working,54,0.0,38.449888888888886
83,2026-08-31,working,55,0.0,38.785444444444444
83,2026-08-31,working,56,0.0,39.62122222222222
83,2026-08-31,working,57,0.0,38.31066666666667
83,2026-08-31,working,58,0.0,32.34988888888889
83,2026-08-31,working,59,0.0,39.13777777777778
83,2026-08-31,working,60,0.0,39.092222222222226
83,2026-08-31,working,61,0.0,37.471222222222224
83,2026-08-31,working,62,0.0,22.195444444444448
83,2026-08-31,working,63,0.0,22.962555555555557
83,2026-08-31,working,64,0.0,21.07849315068493
83,2026-08-31,working,65,0.0,22.17820512820513
83,2026-08-31,working,66,0.0,21.31367088607595
83,2026-08-31,working,67,0.0,21.89453488372093
83,2026-08-31,working,68,0.0,22.176477272727272
83,2026-08-31,working,69,0.0,20.564333333333334
83,2026-08-31,working,70,0.0,20.99566666666667
83,2026-08-31,working,71,0.0,12.348444444444443
83,2026-08-31,working,72,0.0,2.3503333333333334
83,2026-08-31,working,73,0.0,0.043444444444444445
83,2026-08-31,working,74,0.0,0.0
83,2026-08-31,working,75,0.0,0.0
83,2026-08-31,working,76,0.0,0.0
83,2026-08-31,working,77,0.0,0.0
83,2026-08-31,working,78,0.0,0.0
83,2026-08-31,working,79,0.0,0.0
83,2026-08-31,working,80,0.0,0.0
83,2026-08-31,working,81,0.0,0.0
83,2026-08-31,working,82,0.0,0.0
83,2026-08-31,working,83,0.0,0.0
83,2026-08-31,working,84,0.0,0.0
83,2026-08-31,working,85,0.0,0.0
83,2026-08-31,working,86,0.0,0.0
83,2026-08-31,working,87,0.0,0.0
83,2026-08-31,working,88,0.0,0.0
83,2026-08-31,working,89,0.0,0.0
83,2026-08-31,working,90,0.0,0.0
83,2026-08-31,working,91,0.0,0.0
83,2026-08-31,working,92,0.0,0.0
83,2026-08-31,working,93,0.0,0.0
83,2026-08-31,working,94,0.0,0.0
83,2026-08-31,working,95,0.0,0.0
